{
"type": "FeatureCollection",
"name": "id_45",
"crs": { "type": "name", "properties": { "name": "urn:ogc:def:crs:OGC:1.3:CRS84" } },
"features": [
{ "type": "Feature", "properties": { "fid": 65765, "latitude": null, "longitude": null, "area_in_meters": null, "confidence": null, "full_plus_code": null, "fid_2": null, "id": null, "Status": "Complete" }, "geometry": { "type": "MultiPolygon", "coordinates": [ [ [ [ 101.96047639892825, 2.725965990761508 ], [ 101.960546842134889, 2.725869570768133 ], [ 101.960349991896877, 2.725724143507866 ], [ 101.960279548657866, 2.725820563497757 ], [ 101.96047639892825, 2.725965990761508 ] ] ] ] } },
{ "type": "Feature", "properties": { "fid": 65767, "latitude": null, "longitude": null, "area_in_meters": null, "confidence": null, "full_plus_code": null, "fid_2": null, "id": null, "Status": "Complete" }, "geometry": { "type": "MultiPolygon", "coordinates": [ [ [ [ 101.959039208091426, 2.725945853284872 ], [ 101.958993217542357, 2.725805299900569 ], [ 101.959051178573844, 2.725786122001798 ], [ 101.959097169124078, 2.725926675377326 ], [ 101.959039208091426, 2.725945853284872 ] ] ] ] } },
{ "type": "Feature", "properties": { "fid": 65768, "latitude": null, "longitude": null, "area_in_meters": null, "confidence": null, "full_plus_code": null, "fid_2": null, "id": null, "Status": "Complete" }, "geometry": { "type": "MultiPolygon", "coordinates": [ [ [ [ 101.958943363398333, 2.72589130409424 ], [ 101.958994838424417, 2.725866004843268 ], [ 101.9589679680995, 2.725810720829204 ], [ 101.958916493072707, 2.725836020077076 ], [ 101.958943363398333, 2.72589130409424 ] ] ] ] } },
{ "type": "Feature", "properties": { "fid": 65769, "latitude": null, "longitude": null, "area_in_meters": null, "confidence": null, "full_plus_code": null, "fid_2": null, "id": null, "Status": "Complete" }, "geometry": { "type": "MultiPolygon", "coordinates": [ [ [ [ 101.958852160544538, 2.725928547201393 ], [ 101.958918356690845, 2.725901730853947 ], [ 101.958896184940883, 2.725846386826118 ], [ 101.958829988794463, 2.725873203169576 ], [ 101.958852160544538, 2.725928547201393 ] ] ] ] } },
{ "type": "Feature", "properties": { "fid": 65770, "latitude": null, "longitude": null, "area_in_meters": null, "confidence": null, "full_plus_code": null, "fid_2": null, "id": null, "Status": "Complete" }, "geometry": { "type": "MultiPolygon", "coordinates": [ [ [ [ 101.959136259930673, 2.72468701333695 ], [ 101.959125608894297, 2.724546372592928 ], [ 101.95924455261617, 2.724537263801581 ], [ 101.959255203664014, 2.724677904529488 ], [ 101.959136259930673, 2.72468701333695 ] ] ] ] } },
{ "type": "Feature", "properties": { "fid": 65771, "latitude": null, "longitude": null, "area_in_meters": null, "confidence": null, "full_plus_code": null, "fid_2": null, "id": null, "Status": "Complete" }, "geometry": { "type": "MultiPolygon", "coordinates": [ [ [ [ 101.959053888361282, 2.724722753825152 ], [ 101.959127511942825, 2.724722571896118 ], [ 101.959127367207884, 2.724663344016662 ], [ 101.959053743629937, 2.724663525941736 ], [ 101.959053888361282, 2.724722753825152 ] ] ] ] } },
{ "type": "Feature", "properties": { "fid": 65772, "latitude": null, "longitude": null, "area_in_meters": null, "confidence": null, "full_plus_code": null, "fid_2": null, "id": null, "Status": "Complete" }, "geometry": { "type": "MultiPolygon", "coordinates": [ [ [ [ 101.959788142721294, 2.725717453716332 ], [ 101.959818738786609, 2.725584114616911 ], [ 101.959728523379226, 2.725563181839584 ], [ 101.959697927299501, 2.725696520947058 ], [ 101.959788142721294, 2.725717453716332 ] ] ] ] } },
{ "type": "Feature", "properties": { "fid": 65773, "latitude": null, "longitude": null, "area_in_meters": null, "confidence": null, "full_plus_code": null, "fid_2": null, "id": null, "Status": "Complete" }, "geometry": { "type": "MultiPolygon", "coordinates": [ [ [ [ 101.959686162021839, 2.72556223182264 ], [ 101.959814288787967, 2.72557079927441 ], [ 101.959820684566012, 2.725474078531048 ], [ 101.95969255781155, 2.725465511068768 ], [ 101.959686162021839, 2.72556223182264 ] ] ] ] } },
{ "type": "Feature", "properties": { "fid": 65774, "latitude": null, "longitude": null, "area_in_meters": null, "confidence": null, "full_plus_code": null, "fid_2": null, "id": null, "Status": "Complete" }, "geometry": { "type": "MultiPolygon", "coordinates": [ [ [ [ 101.959886566616191, 2.725622445240778 ], [ 101.960005739056442, 2.725582171547217 ], [ 101.959978000727645, 2.725499172595258 ], [ 101.95985882828866, 2.725539446278146 ], [ 101.959886566616191, 2.725622445240778 ] ] ] ] } },
{ "type": "Feature", "properties": { "fid": 65775, "latitude": null, "longitude": null, "area_in_meters": null, "confidence": null, "full_plus_code": null, "fid_2": null, "id": null, "Status": "Complete" }, "geometry": { "type": "MultiPolygon", "coordinates": [ [ [ [ 101.960079438662106, 2.725613084111715 ], [ 101.960183853775149, 2.725559520557748 ], [ 101.960210491000339, 2.72561202799379 ], [ 101.960106075888973, 2.72566559155372 ], [ 101.960079438662106, 2.725613084111715 ] ] ] ] } },
{ "type": "Feature", "properties": { "fid": 65776, "latitude": null, "longitude": null, "area_in_meters": null, "confidence": null, "full_plus_code": null, "fid_2": null, "id": null, "Status": "Complete" }, "geometry": { "type": "MultiPolygon", "coordinates": [ [ [ [ 101.959473381232399, 2.725860379662223 ], [ 101.959434843530374, 2.725756825558235 ], [ 101.959496231980978, 2.725733723914682 ], [ 101.959534769683245, 2.72583727801177 ], [ 101.959473381232399, 2.725860379662223 ] ] ] ] } },
{ "type": "Feature", "properties": { "fid": 65777, "latitude": null, "longitude": null, "area_in_meters": null, "confidence": null, "full_plus_code": null, "fid_2": null, "id": null, "Status": "Complete" }, "geometry": { "type": "MultiPolygon", "coordinates": [ [ [ [ 101.958463054726309, 2.72577699619252 ], [ 101.958551316289771, 2.725741241090668 ], [ 101.958521277173233, 2.725666258820066 ], [ 101.958433015609586, 2.725702013914714 ], [ 101.958463054726309, 2.72577699619252 ] ] ] ] } },
{ "type": "Feature", "properties": { "fid": 65778, "latitude": null, "longitude": null, "area_in_meters": null, "confidence": null, "full_plus_code": null, "fid_2": null, "id": null, "Status": "Complete" }, "geometry": { "type": "MultiPolygon", "coordinates": [ [ [ [ 101.958119042242998, 2.726001433164981 ], [ 101.958194069678996, 2.725973114302925 ], [ 101.958182080567525, 2.72594099479128 ], [ 101.958107053131613, 2.725969313650722 ], [ 101.958119042242998, 2.726001433164981 ] ] ] ] } },
{ "type": "Feature", "properties": { "fid": 65779, "latitude": null, "longitude": null, "area_in_meters": null, "confidence": null, "full_plus_code": null, "fid_2": null, "id": null, "Status": "Complete" }, "geometry": { "type": "MultiPolygon", "coordinates": [ [ [ [ 101.958145007587191, 2.725780743617656 ], [ 101.95810353586964, 2.725681638715582 ], [ 101.958197473785404, 2.725641888857284 ], [ 101.958238945502245, 2.725740993749213 ], [ 101.958145007587191, 2.725780743617656 ] ] ] ] } },
{ "type": "Feature", "properties": { "fid": 65780, "latitude": null, "longitude": null, "area_in_meters": null, "confidence": null, "full_plus_code": null, "fid_2": null, "id": null, "Status": "Complete" }, "geometry": { "type": "MultiPolygon", "coordinates": [ [ [ [ 101.958645749621311, 2.725218318276128 ], [ 101.958598275893507, 2.725073326340163 ], [ 101.958702250826249, 2.725038901152593 ], [ 101.958749724556228, 2.725183893072322 ], [ 101.958645749621311, 2.725218318276128 ] ] ] ] } },
{ "type": "Feature", "properties": { "fid": 65781, "latitude": null, "longitude": null, "area_in_meters": null, "confidence": null, "full_plus_code": null, "fid_2": null, "id": null, "Status": "Complete" }, "geometry": { "type": "MultiPolygon", "coordinates": [ [ [ [ 101.958110898169494, 2.725078972661157 ], [ 101.958179912679029, 2.725000324672761 ], [ 101.958281160065454, 2.72509016572894 ], [ 101.958212145570045, 2.725168813721484 ], [ 101.958110898169494, 2.725078972661157 ] ] ] ] } },
{ "type": "Feature", "properties": { "fid": 65782, "latitude": null, "longitude": null, "area_in_meters": null, "confidence": null, "full_plus_code": null, "fid_2": null, "id": null, "Status": "Complete" }, "geometry": { "type": "MultiPolygon", "coordinates": [ [ [ [ 101.957712809435961, 2.724866734176585 ], [ 101.957817590169412, 2.724962721357609 ], [ 101.957911282569995, 2.724859299809534 ], [ 101.957806501855842, 2.724763312634911 ], [ 101.957712809435961, 2.724866734176585 ] ] ] ] } },
{ "type": "Feature", "properties": { "fid": 65783, "latitude": null, "longitude": null, "area_in_meters": null, "confidence": null, "full_plus_code": null, "fid_2": null, "id": null, "Status": "Complete" }, "geometry": { "type": "MultiPolygon", "coordinates": [ [ [ [ 101.957284088453491, 2.724471703565402 ], [ 101.957370660669383, 2.724347110290868 ], [ 101.957478916865639, 2.724423173636046 ], [ 101.957392344672428, 2.724547766912034 ], [ 101.957284088453491, 2.724471703565402 ] ] ] ] } },
{ "type": "Feature", "properties": { "fid": 65784, "latitude": null, "longitude": null, "area_in_meters": null, "confidence": null, "full_plus_code": null, "fid_2": null, "id": null, "Status": "Complete" }, "geometry": { "type": "MultiPolygon", "coordinates": [ [ [ [ 101.957454698759292, 2.724089259550879 ], [ 101.957597760044678, 2.724183671616612 ], [ 101.957628237863617, 2.724136971543886 ], [ 101.957485176589273, 2.724042559478291 ], [ 101.957454698759292, 2.724089259550879 ] ] ] ] } },
{ "type": "Feature", "properties": { "fid": 65786, "latitude": null, "longitude": null, "area_in_meters": null, "confidence": null, "full_plus_code": null, "fid_2": null, "id": null, "Status": "Complete" }, "geometry": { "type": "MultiPolygon", "coordinates": [ [ [ [ 101.95715991684223, 2.725178308162358 ], [ 101.957301545675236, 2.725289011476801 ], [ 101.957396034298057, 2.72516677274802 ], [ 101.95725440549495, 2.725056069438375 ], [ 101.95715991684223, 2.725178308162358 ] ] ] ] } },
{ "type": "Feature", "properties": { "fid": 65787, "latitude": null, "longitude": null, "area_in_meters": null, "confidence": null, "full_plus_code": null, "fid_2": null, "id": null, "Status": "Complete" }, "geometry": { "type": "MultiPolygon", "coordinates": [ [ [ [ 101.957804469817077, 2.72561944762723 ], [ 101.957699446586304, 2.725424253681721 ], [ 101.957832070243484, 2.725352096772306 ], [ 101.957937093464167, 2.725547290689776 ], [ 101.957804469817077, 2.72561944762723 ] ] ] ] } },
{ "type": "Feature", "properties": { "fid": 65788, "latitude": null, "longitude": null, "area_in_meters": null, "confidence": null, "full_plus_code": null, "fid_2": null, "id": null, "Status": "Complete" }, "geometry": { "type": "MultiPolygon", "coordinates": [ [ [ [ 101.95788286915716, 2.725163195980269 ], [ 101.957841542220692, 2.725123318969708 ], [ 101.957816852539779, 2.725149193013158 ], [ 101.95785817947818, 2.725189070024482 ], [ 101.95788286915716, 2.725163195980269 ] ] ] ] } },
{ "type": "Feature", "properties": { "fid": 65789, "latitude": null, "longitude": null, "area_in_meters": null, "confidence": null, "full_plus_code": null, "fid_2": null, "id": null, "Status": "Complete" }, "geometry": { "type": "MultiPolygon", "coordinates": [ [ [ [ 101.957627385779531, 2.725461449406729 ], [ 101.957481332263058, 2.72534779569993 ], [ 101.957568746810793, 2.725234203084779 ], [ 101.957714800298632, 2.725347856787109 ], [ 101.957627385779531, 2.725461449406729 ] ] ] ] } },
{ "type": "Feature", "properties": { "fid": 65790, "latitude": null, "longitude": null, "area_in_meters": null, "confidence": null, "full_plus_code": null, "fid_2": null, "id": null, "Status": "Complete" }, "geometry": { "type": "MultiPolygon", "coordinates": [ [ [ [ 101.959977874337923, 2.725628142293505 ], [ 101.959919200612006, 2.725675173333853 ], [ 101.95991617005599, 2.725671888139356 ], [ 101.959850026366581, 2.725733588458482 ], [ 101.959920893293273, 2.725810409881412 ], [ 101.959979739465695, 2.72575551683947 ], [ 101.959985219026734, 2.725762429458633 ], [ 101.960045818033066, 2.725713855163332 ], [ 101.959977874337923, 2.725628142293505 ] ] ] ] } },
{ "type": "Feature", "properties": { "fid": 65791, "latitude": null, "longitude": null, "area_in_meters": null, "confidence": null, "full_plus_code": null, "fid_2": null, "id": null, "Status": "Complete" }, "geometry": { "type": "MultiPolygon", "coordinates": [ [ [ [ 101.959536248630499, 2.725676616761265 ], [ 101.959510309206635, 2.725609834269966 ], [ 101.959568390813104, 2.725590670218234 ], [ 101.95954617944632, 2.725522598852744 ], [ 101.959360796371342, 2.725583766067312 ], [ 101.959383007736278, 2.725651837446394 ], [ 101.959436667891993, 2.725634132254292 ], [ 101.959464166272724, 2.725704928372425 ], [ 101.959536248630499, 2.725676616761265 ] ] ] ] } },
{ "type": "Feature", "properties": { "fid": 65792, "latitude": null, "longitude": null, "area_in_meters": null, "confidence": null, "full_plus_code": null, "fid_2": null, "id": null, "Status": "Complete" }, "geometry": { "type": "MultiPolygon", "coordinates": [ [ [ [ 101.959806701970251, 2.725479014322161 ], [ 101.959865367532473, 2.725462002117431 ], [ 101.959874461003778, 2.725489211730377 ], [ 101.959994997362728, 2.725448477119631 ], [ 101.960007113771582, 2.725542189120258 ], [ 101.96008400836682, 2.725532135719845 ], [ 101.960055491960915, 2.725311581234016 ], [ 101.959978597375482, 2.725321634617511 ], [ 101.959978842151401, 2.72532352778909 ], [ 101.959835301033706, 2.725372036716244 ], [ 101.959841440739126, 2.725390408029285 ], [ 101.959785909979175, 2.725406511180533 ], [ 101.959806701970251, 2.725479014322161 ] ] ] ] } },
{ "type": "Feature", "properties": { "fid": 65793, "latitude": null, "longitude": null, "area_in_meters": null, "confidence": null, "full_plus_code": null, "fid_2": null, "id": null, "Status": "Complete" }, "geometry": { "type": "MultiPolygon", "coordinates": [ [ [ [ 101.959250921089847, 2.725340177329594 ], [ 101.959406941595972, 2.725314619679581 ], [ 101.959396797373202, 2.725251999025515 ], [ 101.959240776872079, 2.725277556665608 ], [ 101.959250921089847, 2.725340177329594 ] ] ], [ [ [ 101.959410614280031, 2.725482954936413 ], [ 101.959399792626655, 2.725419342403885 ], [ 101.959410810608603, 2.725416726233303 ], [ 101.959388129038089, 2.725320132908044 ], [ 101.959142367344711, 2.725378487901085 ], [ 101.959165048906783, 2.725475081251244 ], [ 101.959270198199349, 2.72545011402157 ], [ 101.959279618547285, 2.725505489339656 ], [ 101.959410614280031, 2.725482954936413 ] ] ] ] } },
{ "type": "Feature", "properties": { "fid": 65795, "latitude": null, "longitude": null, "area_in_meters": null, "confidence": null, "full_plus_code": null, "fid_2": null, "id": null, "Status": "Complete" }, "geometry": { "type": "MultiPolygon", "coordinates": [ [ [ [ 101.959641830933521, 2.724873965741906 ], [ 101.959565212296539, 2.7248754835698 ], [ 101.959566894681927, 2.724961360321049 ], [ 101.959628314841552, 2.724960143572729 ], [ 101.95963005846852, 2.724997260260085 ], [ 101.959674468327066, 2.724995150647497 ], [ 101.959669808415583, 2.724895954917685 ], [ 101.959642287329899, 2.724897262256205 ], [ 101.959641830933521, 2.724873965741906 ] ] ] ] } },
{ "type": "Feature", "properties": { "fid": 65796, "latitude": null, "longitude": null, "area_in_meters": null, "confidence": null, "full_plus_code": null, "fid_2": null, "id": null, "Status": "Complete" }, "geometry": { "type": "MultiPolygon", "coordinates": [ [ [ [ 101.959165886665389, 2.724759494714578 ], [ 101.959128152910651, 2.724765089161119 ], [ 101.959127606022221, 2.72476107001773 ], [ 101.958930359934655, 2.724788210134776 ], [ 101.958944991471313, 2.724895739021281 ], [ 101.959142237570873, 2.724868598883 ], [ 101.959142071365278, 2.724867377419782 ], [ 101.959180861064084, 2.724861626414183 ], [ 101.959165886665389, 2.724759494714578 ] ] ] ] } },
{ "type": "Feature", "properties": { "fid": 65797, "latitude": null, "longitude": null, "area_in_meters": null, "confidence": null, "full_plus_code": null, "fid_2": null, "id": null, "Status": "Complete" }, "geometry": { "type": "MultiPolygon", "coordinates": [ [ [ [ 101.958356538954234, 2.724669690642652 ], [ 101.958453481649912, 2.724600279032411 ], [ 101.958446773692827, 2.724590805499576 ], [ 101.958472987640675, 2.724574298049734 ], [ 101.958538161392624, 2.724575957424132 ], [ 101.958540845882013, 2.724469339908609 ], [ 101.958480879726238, 2.72446781311786 ], [ 101.9584213319241, 2.724372191303253 ], [ 101.958354801991746, 2.724414086522534 ], [ 101.9583544407012, 2.724413533521211 ], [ 101.958280200211547, 2.724462580239087 ], [ 101.95830679985464, 2.724503294390201 ], [ 101.958245155908173, 2.724551220538839 ], [ 101.958242870996017, 2.724552255227996 ], [ 101.958243117384058, 2.724552805424554 ], [ 101.958242872804576, 2.724552995577085 ], [ 101.95824366248938, 2.724554022671458 ], [ 101.958268040481826, 2.724608459922941 ], [ 101.9583022228461, 2.724592980935443 ], [ 101.958356538954234, 2.724669690642652 ] ], [ [ 101.958372160495756, 2.724485430559914 ], [ 101.958373583826898, 2.724484490241081 ], [ 101.958388830418272, 2.724508973205821 ], [ 101.958372160495756, 2.724485430559914 ] ] ] ] } },
{ "type": "Feature", "properties": { "fid": 65798, "latitude": null, "longitude": null, "area_in_meters": null, "confidence": null, "full_plus_code": null, "fid_2": null, "id": null, "Status": "Complete" }, "geometry": { "type": "MultiPolygon", "coordinates": [ [ [ [ 101.957659502663262, 2.724142059330612 ], [ 101.957691215301949, 2.724092227159895 ], [ 101.957687227324328, 2.724089660818445 ], [ 101.957738694382471, 2.72401008078208 ], [ 101.957470274117796, 2.723834539289872 ], [ 101.957414299197168, 2.723921089470152 ], [ 101.957497384837836, 2.723975425812073 ], [ 101.957469253561229, 2.72401963032965 ], [ 101.957659502663262, 2.724142059330612 ] ] ] ] } },
{ "type": "Feature", "properties": { "fid": 65799, "latitude": null, "longitude": null, "area_in_meters": null, "confidence": null, "full_plus_code": null, "fid_2": null, "id": null, "Status": "Complete" }, "geometry": { "type": "MultiPolygon", "coordinates": [ [ [ [ 101.957282998570392, 2.723893816961558 ], [ 101.95724335696238, 2.723866993176317 ], [ 101.957223050501028, 2.723897339394364 ], [ 101.95726269211103, 2.723924163179661 ], [ 101.95725704384202, 2.723932604021087 ], [ 101.957222635528908, 2.723912944808315 ], [ 101.9571996283007, 2.723953664141797 ], [ 101.95724091539185, 2.723977253547246 ], [ 101.957241999451952, 2.723975334923701 ], [ 101.957260082849302, 2.723987571184612 ], [ 101.957327570782198, 2.723886716395657 ], [ 101.957303263732271, 2.723870268852828 ], [ 101.957314676178967, 2.723853656209637 ], [ 101.95726157677764, 2.723816769589204 ], [ 101.957234729066641, 2.723855850725391 ], [ 101.957285024445056, 2.723890789469987 ], [ 101.957282998570392, 2.723893816961558 ] ] ] ] } },
{ "type": "Feature", "properties": { "fid": 65800, "latitude": null, "longitude": null, "area_in_meters": null, "confidence": null, "full_plus_code": null, "fid_2": null, "id": null, "Status": "Complete" }, "geometry": { "type": "MultiPolygon", "coordinates": [ [ [ [ 101.95735364406265, 2.724313096018621 ], [ 101.957289812623713, 2.724270797868714 ], [ 101.957287160835051, 2.724274844475374 ], [ 101.957217955952316, 2.724223107840429 ], [ 101.957118156747782, 2.724358098730499 ], [ 101.95721197459811, 2.724428235673724 ], [ 101.957231250464659, 2.724402162650313 ], [ 101.957275892221546, 2.724431744677517 ], [ 101.95735364406265, 2.724313096018621 ] ] ] ] } },
{ "type": "Feature", "properties": { "fid": 65801, "latitude": null, "longitude": null, "area_in_meters": null, "confidence": null, "full_plus_code": null, "fid_2": null, "id": null, "Status": "Complete" }, "geometry": { "type": "MultiPolygon", "coordinates": [ [ [ [ 101.957568467808684, 2.724495582769427 ], [ 101.957523350945991, 2.724465189890685 ], [ 101.957426522073121, 2.724610538412507 ], [ 101.957474460846015, 2.724642832257595 ], [ 101.957510726716308, 2.724588394039654 ], [ 101.957461998859941, 2.724666717709338 ], [ 101.957487240552993, 2.724682597372679 ], [ 101.957487108731854, 2.724682734389236 ], [ 101.95753134978068, 2.724725774756901 ], [ 101.957685568923097, 2.724565477412695 ], [ 101.957641327887004, 2.724522437050227 ], [ 101.95764058792841, 2.724523206172544 ], [ 101.95757640338185, 2.72448282737122 ], [ 101.957568467808684, 2.724495582769427 ] ] ] ] } },
{ "type": "Feature", "properties": { "fid": 65802, "latitude": null, "longitude": null, "area_in_meters": null, "confidence": null, "full_plus_code": null, "fid_2": null, "id": null, "Status": "Complete" }, "geometry": { "type": "MultiPolygon", "coordinates": [ [ [ [ 101.957787567411614, 2.724728103346745 ], [ 101.957737522796322, 2.724696038486767 ], [ 101.957769299888213, 2.724653724151989 ], [ 101.957695955798769, 2.724598027332243 ], [ 101.957603490140926, 2.724721154460846 ], [ 101.957676834245873, 2.724776851282652 ], [ 101.957682986788157, 2.724768658565248 ], [ 101.957671321610775, 2.724787068738378 ], [ 101.957727427474836, 2.724823017189178 ], [ 101.957787567411614, 2.724728103346745 ] ] ] ] } },
{ "type": "Feature", "properties": { "fid": 65803, "latitude": null, "longitude": null, "area_in_meters": null, "confidence": null, "full_plus_code": null, "fid_2": null, "id": null, "Status": "Complete" }, "geometry": { "type": "MultiPolygon", "coordinates": [ [ [ [ 101.957950833567708, 2.724877444663788 ], [ 101.957942522535419, 2.724869128167301 ], [ 101.95783382716796, 2.724978969032704 ], [ 101.957906155621274, 2.725051345031414 ], [ 101.957913499903171, 2.72504392334959 ], [ 101.95794891523407, 2.725074930718297 ], [ 101.958010585484402, 2.725003704408482 ], [ 101.95797989220118, 2.724976831356402 ], [ 101.958012203168408, 2.724944179870325 ], [ 101.95801912535407, 2.724945873432264 ], [ 101.958030939660958, 2.724897043192795 ], [ 101.957950833567708, 2.724877444663788 ] ] ] ] } },
{ "type": "Feature", "properties": { "fid": 65804, "latitude": null, "longitude": null, "area_in_meters": null, "confidence": null, "full_plus_code": null, "fid_2": null, "id": null, "Status": "Complete" }, "geometry": { "type": "MultiPolygon", "coordinates": [ [ [ [ 101.957294173001799, 2.724681939253715 ], [ 101.957224330845818, 2.724763012668982 ], [ 101.957239558392999, 2.724776277677507 ], [ 101.957182677208195, 2.724851015363108 ], [ 101.957297747184953, 2.724939573684311 ], [ 101.957349282319527, 2.724871860295216 ], [ 101.957349758754745, 2.724872275327078 ], [ 101.957419600892763, 2.724791201906907 ], [ 101.957294173001799, 2.724681939253715 ] ] ] ] } },
{ "type": "Feature", "properties": { "fid": 65805, "latitude": null, "longitude": null, "area_in_meters": null, "confidence": null, "full_plus_code": null, "fid_2": null, "id": null, "Status": "Complete" }, "geometry": { "type": "MultiPolygon", "coordinates": [ [ [ [ 101.957432201799037, 2.724882454630206 ], [ 101.95742127227274, 2.724872636730526 ], [ 101.957305265066623, 2.725003225576422 ], [ 101.957361676972141, 2.725053899899312 ], [ 101.957408892951946, 2.725000749052882 ], [ 101.957430265279726, 2.725019184565302 ], [ 101.957400701454759, 2.725058293280684 ], [ 101.957473398393589, 2.72511386341402 ], [ 101.957573204731077, 2.724981833869018 ], [ 101.957547256904007, 2.724961999134562 ], [ 101.957441883292631, 2.724871105116886 ], [ 101.957432201799037, 2.724882454630206 ] ] ] ] } },
{ "type": "Feature", "properties": { "fid": 65806, "latitude": null, "longitude": null, "area_in_meters": null, "confidence": null, "full_plus_code": null, "fid_2": null, "id": null, "Status": "Complete" }, "geometry": { "type": "MultiPolygon", "coordinates": [ [ [ [ 101.957802331666429, 2.72534700269575 ], [ 101.957803499822262, 2.725346069621315 ], [ 101.957808228798129, 2.725349949541901 ], [ 101.957825883224501, 2.725328190687794 ], [ 101.957893447790937, 2.725274222913901 ], [ 101.957841944705905, 2.725209021665552 ], [ 101.957822623545027, 2.725224454605283 ], [ 101.957844669050743, 2.725187796941224 ], [ 101.957735543201636, 2.725121434675791 ], [ 101.957675391407662, 2.725221456133962 ], [ 101.957751868075547, 2.725267963575485 ], [ 101.957734456772556, 2.725289422779135 ], [ 101.957798085988642, 2.725341627804516 ], [ 101.957802331666429, 2.72534700269575 ] ] ] ] } },
{ "type": "Feature", "properties": { "fid": 65807, "latitude": null, "longitude": null, "area_in_meters": null, "confidence": null, "full_plus_code": null, "fid_2": null, "id": null, "Status": "Complete" }, "geometry": { "type": "MultiPolygon", "coordinates": [ [ [ [ 101.958096942225879, 2.725393657440923 ], [ 101.95801569619141, 2.725268790823302 ], [ 101.958009878218661, 2.725272618766806 ], [ 101.958009769605255, 2.725272454820005 ], [ 101.957990089540701, 2.725285638755822 ], [ 101.957923078668429, 2.725329728655222 ], [ 101.95792344189492, 2.725330286896159 ], [ 101.957887753250276, 2.725354195191728 ], [ 101.957920123484243, 2.725403056528227 ], [ 101.957955409595399, 2.725379417892504 ], [ 101.958004324711041, 2.725454595285022 ], [ 101.958096942225879, 2.725393657440923 ] ] ] ] } },
{ "type": "Feature", "properties": { "fid": 62054, "latitude": 2.72067034, "longitude": 101.96220019, "area_in_meters": 41.1736, "confidence": 0.8878, "full_plus_code": "6PJ3PXC6+7V8V", "fid_2": 71, "id": 45, "Status": "Complete" }, "geometry": { "type": "MultiPolygon", "coordinates": [ [ [ [ 101.962187256183995, 2.7206309150015 ], [ 101.962159036656004, 2.72067378546521 ], [ 101.962213108968001, 2.72070977762811 ], [ 101.962241328491999, 2.72066690716427 ], [ 101.962187256183995, 2.7206309150015 ] ] ] ] } },
{ "type": "Feature", "properties": { "fid": 65809, "latitude": null, "longitude": null, "area_in_meters": null, "confidence": null, "full_plus_code": null, "fid_2": null, "id": null, "Status": "Complete" }, "geometry": { "type": "MultiPolygon", "coordinates": [ [ [ [ 101.95810111561498, 2.725896347252151 ], [ 101.958120987828295, 2.725956704328048 ], [ 101.958210088313464, 2.725927039907926 ], [ 101.958217553270529, 2.725941961414586 ], [ 101.958282262519404, 2.725909225932888 ], [ 101.958242014355946, 2.725828774938403 ], [ 101.958177305105565, 2.725861510414437 ], [ 101.958181366725015, 2.725869629078911 ], [ 101.95810111561498, 2.725896347252151 ] ] ] ] } },
{ "type": "Feature", "properties": { "fid": 65812, "latitude": null, "longitude": null, "area_in_meters": null, "confidence": null, "full_plus_code": null, "fid_2": null, "id": null, "Status": "Complete" }, "geometry": { "type": "MultiPolygon", "coordinates": [ [ [ [ 101.957363090121916, 2.725757803693639 ], [ 101.957203888181155, 2.725697928237752 ], [ 101.957200626524923, 2.725706697748688 ], [ 101.957193595323133, 2.725703876498895 ], [ 101.957130665940809, 2.725862467774185 ], [ 101.95719266851296, 2.725887346120679 ], [ 101.957199038782335, 2.725871292104206 ], [ 101.95727948003011, 2.725900598543518 ], [ 101.957301207677844, 2.725840291757814 ], [ 101.957367757051642, 2.725805246898931 ], [ 101.957392370389059, 2.725814503913235 ], [ 101.957407277877323, 2.725774422599084 ], [ 101.95737286889981, 2.725761481467807 ], [ 101.957369261289983, 2.725754553960674 ], [ 101.957363090121916, 2.725757803693639 ] ] ] ] } },
{ "type": "Feature", "properties": { "fid": 65813, "latitude": null, "longitude": null, "area_in_meters": null, "confidence": null, "full_plus_code": null, "fid_2": null, "id": null, "Status": "Complete" }, "geometry": { "type": "MultiPolygon", "coordinates": [ [ [ [ 101.95745861914989, 2.725694337513914 ], [ 101.957413182248828, 2.725780330844468 ], [ 101.957480495624296, 2.725816296088122 ], [ 101.957461751782105, 2.725851241077402 ], [ 101.957529771889739, 2.72588813447713 ], [ 101.957604528026167, 2.725748763219128 ], [ 101.957536507933298, 2.725711869817493 ], [ 101.957535189998609, 2.725714326902497 ], [ 101.957484569175264, 2.725708202501902 ], [ 101.95745861914989, 2.725694337513914 ] ] ] ] } },
{ "type": "Feature", "properties": { "fid": 65814, "latitude": null, "longitude": null, "area_in_meters": null, "confidence": null, "full_plus_code": null, "fid_2": null, "id": null, "Status": "Complete" }, "geometry": { "type": "MultiPolygon", "coordinates": [ [ [ [ 101.957667073054807, 2.725562813136987 ], [ 101.957624581916846, 2.725519203942776 ], [ 101.957568391735592, 2.725574566808108 ], [ 101.957566294403421, 2.72557282171674 ], [ 101.957511494393728, 2.725639420681378 ], [ 101.957651665310735, 2.725756050292981 ], [ 101.957692195585352, 2.725706793453534 ], [ 101.957695336219274, 2.72571001672581 ], [ 101.957754094103208, 2.725652123943503 ], [ 101.957748278633517, 2.72564615545315 ], [ 101.9577823863182, 2.725620982898747 ], [ 101.957714424567797, 2.725527866224264 ], [ 101.957667073054807, 2.725562813136987 ] ] ] ] } },
{ "type": "Feature", "properties": { "fid": 65815, "latitude": null, "longitude": null, "area_in_meters": null, "confidence": null, "full_plus_code": null, "fid_2": null, "id": null, "Status": "Complete" }, "geometry": { "type": "MultiPolygon", "coordinates": [ [ [ [ 101.957325720182695, 2.725540672178908 ], [ 101.957271396404138, 2.725627749608674 ], [ 101.957237642700562, 2.725609991624906 ], [ 101.957211160124231, 2.725660892561451 ], [ 101.957379239348739, 2.725749319830866 ], [ 101.957405721911854, 2.725698418896287 ], [ 101.957371971462081, 2.725680662624361 ], [ 101.95742157936823, 2.725601144406987 ], [ 101.957325720182695, 2.725540672178908 ] ] ] ] } },
{ "type": "Feature", "properties": { "fid": 65816, "latitude": null, "longitude": null, "area_in_meters": null, "confidence": null, "full_plus_code": null, "fid_2": null, "id": null, "Status": "Complete" }, "geometry": { "type": "MultiPolygon", "coordinates": [ [ [ [ 101.957424748263534, 2.725590843753973 ], [ 101.957427451180436, 2.725593726359918 ], [ 101.957430262098839, 2.725591061136185 ], [ 101.957484891797463, 2.72559321490468 ], [ 101.957507015469346, 2.725614259709544 ], [ 101.957620102993744, 2.725494042973411 ], [ 101.957592393279938, 2.725467684528103 ], [ 101.957572346366547, 2.725488995228276 ], [ 101.957453359847108, 2.725422077890943 ], [ 101.957459411538267, 2.725415962425048 ], [ 101.957418080965041, 2.725374604694887 ], [ 101.95735108422025, 2.725442307466398 ], [ 101.95734998324258, 2.725441133296057 ], [ 101.957315250081862, 2.725474066168264 ], [ 101.95742309271219, 2.725589078142099 ], [ 101.957423026520715, 2.725590775874494 ], [ 101.957424748263534, 2.725590843753973 ] ] ] ] } },
{ "type": "Feature", "properties": { "fid": 65817, "latitude": null, "longitude": null, "area_in_meters": null, "confidence": null, "full_plus_code": null, "fid_2": null, "id": null, "Status": "Complete" }, "geometry": { "type": "MultiPolygon", "coordinates": [ [ [ [ 101.958101007054282, 2.725851926302026 ], [ 101.958087630636626, 2.725819767275504 ], [ 101.958068308890958, 2.725827894101521 ], [ 101.958023450680031, 2.725728023818834 ], [ 101.958012278653982, 2.725696671292845 ], [ 101.957879871745789, 2.725744381111918 ], [ 101.957896761983733, 2.725791780904213 ], [ 101.957884419427629, 2.72579767534727 ], [ 101.957946585402311, 2.725929304697873 ], [ 101.958019623519775, 2.725894423822119 ], [ 101.958016366147049, 2.725887526707776 ], [ 101.958101007054282, 2.725851926302026 ] ] ] ] } },
{ "type": "Feature", "properties": { "fid": 65818, "latitude": null, "longitude": null, "area_in_meters": null, "confidence": null, "full_plus_code": null, "fid_2": null, "id": null, "Status": "Complete" }, "geometry": { "type": "MultiPolygon", "coordinates": [ [ [ [ 101.958391351873573, 2.724755485640965 ], [ 101.958329035387806, 2.724777518216992 ], [ 101.958340550324166, 2.724810451696494 ], [ 101.958307587336833, 2.724823805102638 ], [ 101.958325365538215, 2.724868182391305 ], [ 101.958356347144445, 2.724855631647146 ], [ 101.958373520686223, 2.724904749112361 ], [ 101.958435837172715, 2.72488271652776 ], [ 101.958391351873573, 2.724755485640965 ] ] ] ] } },
{ "type": "Feature", "properties": { "fid": 65819, "latitude": null, "longitude": null, "area_in_meters": null, "confidence": null, "full_plus_code": null, "fid_2": null, "id": null, "Status": "Complete" }, "geometry": { "type": "MultiPolygon", "coordinates": [ [ [ [ 101.963241131294524, 2.723923186342873 ], [ 101.963194622297735, 2.723911901134909 ], [ 101.963194515097967, 2.723909442443163 ], [ 101.96318603100255, 2.723909816494099 ], [ 101.963180724000651, 2.723908528772921 ], [ 101.963179518279361, 2.723910103630216 ], [ 101.962554057757998, 2.723937679238705 ], [ 101.96255406301205, 2.723937799744883 ], [ 101.962481378873207, 2.723941353307681 ], [ 101.962428471490853, 2.723982943799557 ], [ 101.962436203222367, 2.72413395623116 ], [ 101.962483412691256, 2.724170857001389 ], [ 101.962564215552959, 2.724170657139938 ], [ 101.962564409207033, 2.724175098765143 ], [ 101.963204866660519, 2.724146861826446 ], [ 101.963201139903333, 2.724061386383753 ], [ 101.963235600058084, 2.724069789369329 ], [ 101.963241131294524, 2.723923186342873 ] ] ] ] } },
{ "type": "Feature", "properties": { "fid": 65820, "latitude": null, "longitude": null, "area_in_meters": null, "confidence": null, "full_plus_code": null, "fid_2": null, "id": null, "Status": "Complete" }, "geometry": { "type": "MultiPolygon", "coordinates": [ [ [ [ 101.961731098834235, 2.72527398998474 ], [ 101.961839238344908, 2.725238185611871 ], [ 101.961798647824921, 2.725114217157113 ], [ 101.961690508316195, 2.725150021515532 ], [ 101.961731098834235, 2.72527398998474 ] ] ] ] } },
{ "type": "Feature", "properties": { "fid": 65821, "latitude": null, "longitude": null, "area_in_meters": null, "confidence": null, "full_plus_code": null, "fid_2": null, "id": null, "Status": "Complete" }, "geometry": { "type": "MultiPolygon", "coordinates": [ [ [ [ 101.962060292246051, 2.725764028295882 ], [ 101.962097658128158, 2.725689530561532 ], [ 101.962148867265242, 2.725715503281394 ], [ 101.962111501388947, 2.725790001014737 ], [ 101.962060292246051, 2.725764028295882 ] ] ] ] } },
{ "type": "Feature", "properties": { "fid": 65822, "latitude": null, "longitude": null, "area_in_meters": null, "confidence": null, "full_plus_code": null, "fid_2": null, "id": null, "Status": "Complete" }, "geometry": { "type": "MultiPolygon", "coordinates": [ [ [ [ 101.961150497676556, 2.725393142027387 ], [ 101.961080391114095, 2.725175652041588 ], [ 101.961195836708256, 2.725138021990709 ], [ 101.961265943274611, 2.725355511949476 ], [ 101.961150497676556, 2.725393142027387 ] ] ] ] } },
{ "type": "Feature", "properties": { "fid": 65823, "latitude": null, "longitude": null, "area_in_meters": null, "confidence": null, "full_plus_code": null, "fid_2": null, "id": null, "Status": "Complete" }, "geometry": { "type": "MultiPolygon", "coordinates": [ [ [ [ 101.960966059967745, 2.72538915609106 ], [ 101.960928150748998, 2.725241549674522 ], [ 101.961033576878449, 2.725214170149592 ], [ 101.961071486101986, 2.725361776549674 ], [ 101.960966059967745, 2.72538915609106 ] ] ] ] } },
{ "type": "Feature", "properties": { "fid": 65824, "latitude": null, "longitude": null, "area_in_meters": null, "confidence": null, "full_plus_code": null, "fid_2": null, "id": null, "Status": "Complete" }, "geometry": { "type": "MultiPolygon", "coordinates": [ [ [ [ 101.961033578307152, 2.724548319761705 ], [ 101.961311749960728, 2.724496547685813 ], [ 101.961294832737636, 2.724404632985197 ], [ 101.961016661095925, 2.724456405034829 ], [ 101.961033578307152, 2.724548319761705 ] ] ] ] } },
{ "type": "Feature", "properties": { "fid": 65825, "latitude": null, "longitude": null, "area_in_meters": null, "confidence": null, "full_plus_code": null, "fid_2": null, "id": null, "Status": "Complete" }, "geometry": { "type": "MultiPolygon", "coordinates": [ [ [ [ 101.96132505295877, 2.72406563022049 ], [ 101.961408997198873, 2.72407097531425 ], [ 101.961413240537055, 2.724003587354112 ], [ 101.961329296302267, 2.723998242255535 ], [ 101.96132505295877, 2.72406563022049 ] ] ] ] } },
{ "type": "Feature", "properties": { "fid": 65826, "latitude": null, "longitude": null, "area_in_meters": null, "confidence": null, "full_plus_code": null, "fid_2": null, "id": null, "Status": "Complete" }, "geometry": { "type": "MultiPolygon", "coordinates": [ [ [ [ 101.960538248322067, 2.724763876291124 ], [ 101.960519189250519, 2.72464731796605 ], [ 101.960450466441102, 2.724658681088655 ], [ 101.960469525508586, 2.724775239421872 ], [ 101.960538248322067, 2.724763876291124 ] ] ] ] } },
{ "type": "Feature", "properties": { "fid": 65827, "latitude": null, "longitude": null, "area_in_meters": null, "confidence": null, "full_plus_code": null, "fid_2": null, "id": null, "Status": "Complete" }, "geometry": { "type": "MultiPolygon", "coordinates": [ [ [ [ 101.960641126859414, 2.724834695725341 ], [ 101.960746018596851, 2.724825552156681 ], [ 101.960738953663451, 2.724743597789517 ], [ 101.960634061931756, 2.724752741349831 ], [ 101.960641126859414, 2.724834695725341 ] ] ] ] } },
{ "type": "Feature", "properties": { "fid": 65828, "latitude": null, "longitude": null, "area_in_meters": null, "confidence": null, "full_plus_code": null, "fid_2": null, "id": null, "Status": "Complete" }, "geometry": { "type": "MultiPolygon", "coordinates": [ [ [ [ 101.960566964196886, 2.724764915823992 ], [ 101.960516771493772, 2.724561813283247 ], [ 101.960654730930713, 2.724527337420845 ], [ 101.960704923643021, 2.724730439932062 ], [ 101.960566964196886, 2.724764915823992 ] ] ] ] } },
{ "type": "Feature", "properties": { "fid": 65829, "latitude": null, "longitude": null, "area_in_meters": null, "confidence": null, "full_plus_code": null, "fid_2": null, "id": null, "Status": "Complete" }, "geometry": { "type": "MultiPolygon", "coordinates": [ [ [ [ 101.960256160644519, 2.724569120685486 ], [ 101.960417344503426, 2.724547622208366 ], [ 101.960429921235757, 2.724642972047665 ], [ 101.96026873736804, 2.724664470540139 ], [ 101.960256160644519, 2.724569120685486 ] ] ] ] } },
{ "type": "Feature", "properties": { "fid": 65830, "latitude": null, "longitude": null, "area_in_meters": null, "confidence": null, "full_plus_code": null, "fid_2": null, "id": null, "Status": "Complete" }, "geometry": { "type": "MultiPolygon", "coordinates": [ [ [ [ 101.960604666271877, 2.724376137823615 ], [ 101.960783508818992, 2.724350153568242 ], [ 101.960795436123718, 2.724433165659903 ], [ 101.960616593568474, 2.724459149930211 ], [ 101.960604666271877, 2.724376137823615 ] ] ] ] } },
{ "type": "Feature", "properties": { "fid": 65831, "latitude": null, "longitude": null, "area_in_meters": null, "confidence": null, "full_plus_code": null, "fid_2": null, "id": null, "Status": "Complete" }, "geometry": { "type": "MultiPolygon", "coordinates": [ [ [ [ 101.9604772694628, 2.724214315642784 ], [ 101.960462701158747, 2.724127730459481 ], [ 101.960538601697806, 2.724114816804239 ], [ 101.960553170005113, 2.724201401980847 ], [ 101.9604772694628, 2.724214315642784 ] ] ] ] } },
{ "type": "Feature", "properties": { "fid": 65832, "latitude": null, "longitude": null, "area_in_meters": null, "confidence": null, "full_plus_code": null, "fid_2": null, "id": null, "Status": "Complete" }, "geometry": { "type": "MultiPolygon", "coordinates": [ [ [ [ 101.961631451464569, 2.724492425528903 ], [ 101.961604208371014, 2.724190429566621 ], [ 101.961477024240125, 2.724202031387139 ], [ 101.961504267308456, 2.724504027386819 ], [ 101.961631451464569, 2.724492425528903 ] ] ] ] } },
{ "type": "Feature", "properties": { "fid": 65833, "latitude": null, "longitude": null, "area_in_meters": null, "confidence": null, "full_plus_code": null, "fid_2": null, "id": null, "Status": "Complete" }, "geometry": { "type": "MultiPolygon", "coordinates": [ [ [ [ 101.963943237000919, 2.724191306736575 ], [ 101.964090267523986, 2.724253132248709 ], [ 101.964112277055477, 2.724200203750258 ], [ 101.963965246543594, 2.724138378234954 ], [ 101.963943237000919, 2.724191306736575 ] ] ] ] } },
{ "type": "Feature", "properties": { "fid": 65834, "latitude": null, "longitude": null, "area_in_meters": null, "confidence": null, "full_plus_code": null, "fid_2": null, "id": null, "Status": "Complete" }, "geometry": { "type": "MultiPolygon", "coordinates": [ [ [ [ 101.962735185168938, 2.724237606138845 ], [ 101.962538686979414, 2.724269186925066 ], [ 101.962529288983887, 2.724210056634718 ], [ 101.962725787167386, 2.724178475860288 ], [ 101.962735185168938, 2.724237606138845 ] ] ] ] } },
{ "type": "Feature", "properties": { "fid": 65835, "latitude": null, "longitude": null, "area_in_meters": null, "confidence": null, "full_plus_code": null, "fid_2": null, "id": null, "Status": "Complete" }, "geometry": { "type": "MultiPolygon", "coordinates": [ [ [ [ 101.962756197694787, 2.724249769944262 ], [ 101.962882077242867, 2.724242795394257 ], [ 101.962878685979149, 2.724180902713877 ], [ 101.962752806436725, 2.724187877256482 ], [ 101.962756197694787, 2.724249769944262 ] ] ] ] } },
{ "type": "Feature", "properties": { "fid": 65836, "latitude": null, "longitude": null, "area_in_meters": null, "confidence": null, "full_plus_code": null, "fid_2": null, "id": null, "Status": "Complete" }, "geometry": { "type": "MultiPolygon", "coordinates": [ [ [ [ 101.963121704752069, 2.724235539425331 ], [ 101.96339449799946, 2.724242638179555 ], [ 101.96339604413437, 2.724182556885216 ], [ 101.963123250901305, 2.724175458116476 ], [ 101.963121704752069, 2.724235539425331 ] ] ] ] } },
{ "type": "Feature", "properties": { "fid": 65837, "latitude": null, "longitude": null, "area_in_meters": null, "confidence": null, "full_plus_code": null, "fid_2": null, "id": null, "Status": "Complete" }, "geometry": { "type": "MultiPolygon", "coordinates": [ [ [ [ 101.962992512185366, 2.724242522194374 ], [ 101.96311066397665, 2.724236677265623 ], [ 101.963107549037758, 2.724173005135088 ], [ 101.962989397252002, 2.724178850056726 ], [ 101.962992512185366, 2.724242522194374 ] ] ] ] } },
{ "type": "Feature", "properties": { "fid": 65838, "latitude": null, "longitude": null, "area_in_meters": null, "confidence": null, "full_plus_code": null, "fid_2": null, "id": null, "Status": "Complete" }, "geometry": { "type": "MultiPolygon", "coordinates": [ [ [ [ 101.963465469806394, 2.72436239928638 ], [ 101.963696398300911, 2.724410690947557 ], [ 101.963706565772696, 2.724361525798558 ], [ 101.963475637291424, 2.72431323412945 ], [ 101.963465469806394, 2.72436239928638 ] ] ] ] } },
{ "type": "Feature", "properties": { "fid": 65839, "latitude": null, "longitude": null, "area_in_meters": null, "confidence": null, "full_plus_code": null, "fid_2": null, "id": null, "Status": "Complete" }, "geometry": { "type": "MultiPolygon", "coordinates": [ [ [ [ 101.963234598344712, 2.72433742845094 ], [ 101.963456626862083, 2.724359089592062 ], [ 101.963462166086956, 2.724301675883662 ], [ 101.963240137582261, 2.72428001473209 ], [ 101.963234598344712, 2.72433742845094 ] ] ] ] } },
{ "type": "Feature", "properties": { "fid": 65840, "latitude": null, "longitude": null, "area_in_meters": null, "confidence": null, "full_plus_code": null, "fid_2": null, "id": null, "Status": "Complete" }, "geometry": { "type": "MultiPolygon", "coordinates": [ [ [ [ 101.96285799074694, 2.724328365458501 ], [ 101.963215829842284, 2.724339695938284 ], [ 101.963217716208462, 2.72427945300878 ], [ 101.962859877132175, 2.724268122510009 ], [ 101.96285799074694, 2.724328365458501 ] ] ] ] } },
{ "type": "Feature", "properties": { "fid": 65841, "latitude": null, "longitude": null, "area_in_meters": null, "confidence": null, "full_plus_code": null, "fid_2": null, "id": null, "Status": "Complete" }, "geometry": { "type": "MultiPolygon", "coordinates": [ [ [ [ 101.962534465169355, 2.724349155241902 ], [ 101.962852471715863, 2.724329489637533 ], [ 101.962849104276756, 2.724274425776835 ], [ 101.96253109774274, 2.724294091364496 ], [ 101.962534465169355, 2.724349155241902 ] ] ] ] } },
{ "type": "Feature", "properties": { "fid": 65842, "latitude": null, "longitude": null, "area_in_meters": null, "confidence": null, "full_plus_code": null, "fid_2": null, "id": null, "Status": "Complete" }, "geometry": { "type": "MultiPolygon", "coordinates": [ [ [ [ 101.963360911662278, 2.724959010029123 ], [ 101.96361857656251, 2.72465075691181 ], [ 101.963703974788316, 2.724722939944532 ], [ 101.963446309934398, 2.725031193072923 ], [ 101.963360911662278, 2.724959010029123 ] ] ] ] } },
{ "type": "Feature", "properties": { "fid": 65843, "latitude": null, "longitude": null, "area_in_meters": null, "confidence": null, "full_plus_code": null, "fid_2": null, "id": null, "Status": "Complete" }, "geometry": { "type": "MultiPolygon", "coordinates": [ [ [ [ 101.964312243511685, 2.724704566240706 ], [ 101.964272288518259, 2.724623596873394 ], [ 101.964296207388472, 2.724611661678151 ], [ 101.964336162381372, 2.724692631043351 ], [ 101.964312243511685, 2.724704566240706 ] ] ] ] } },
{ "type": "Feature", "properties": { "fid": 65844, "latitude": null, "longitude": null, "area_in_meters": null, "confidence": null, "full_plus_code": null, "fid_2": null, "id": null, "Status": "Complete" }, "geometry": { "type": "MultiPolygon", "coordinates": [ [ [ [ 101.963981645702134, 2.724994120951241 ], [ 101.963915221650396, 2.724927653898167 ], [ 101.963936152632684, 2.724906502120097 ], [ 101.964002576681878, 2.72497296917204 ], [ 101.963981645702134, 2.724994120951241 ] ] ] ] } },
{ "type": "Feature", "properties": { "fid": 65845, "latitude": null, "longitude": null, "area_in_meters": null, "confidence": null, "full_plus_code": null, "fid_2": null, "id": null, "Status": "Complete" }, "geometry": { "type": "MultiPolygon", "coordinates": [ [ [ [ 101.963073075439624, 2.725348406264174 ], [ 101.963129215192964, 2.725273862115849 ], [ 101.963174466955522, 2.725308323327163 ], [ 101.963118327207965, 2.72538286747627 ], [ 101.963073075439624, 2.725348406264174 ] ] ] ] } },
{ "type": "Feature", "properties": { "fid": 65846, "latitude": null, "longitude": null, "area_in_meters": null, "confidence": null, "full_plus_code": null, "fid_2": null, "id": null, "Status": "Complete" }, "geometry": { "type": "MultiPolygon", "coordinates": [ [ [ [ 101.9632238495481, 2.725134812231686 ], [ 101.963263451220755, 2.725071414279607 ], [ 101.963287670790834, 2.7250867125734 ], [ 101.963248069120709, 2.725150110525424 ], [ 101.9632238495481, 2.725134812231686 ] ] ] ] } },
{ "type": "Feature", "properties": { "fid": 65847, "latitude": null, "longitude": null, "area_in_meters": null, "confidence": null, "full_plus_code": null, "fid_2": null, "id": null, "Status": "Complete" }, "geometry": { "type": "MultiPolygon", "coordinates": [ [ [ [ 101.963312484980406, 2.725703181782589 ], [ 101.963212693829419, 2.72554018158716 ], [ 101.96331021589485, 2.725479808327794 ], [ 101.963410007036344, 2.725642808506264 ], [ 101.963312484980406, 2.725703181782589 ] ] ] ] } },
{ "type": "Feature", "properties": { "fid": 65848, "latitude": null, "longitude": null, "area_in_meters": null, "confidence": null, "full_plus_code": null, "fid_2": null, "id": null, "Status": "Complete" }, "geometry": { "type": "MultiPolygon", "coordinates": [ [ [ [ 101.962847129346741, 2.725531091666811 ], [ 101.9629588236958, 2.725594115182584 ], [ 101.963039264714823, 2.725449955398229 ], [ 101.962927570391187, 2.725386931879833 ], [ 101.962847129346741, 2.725531091666811 ] ] ] ] } },
{ "type": "Feature", "properties": { "fid": 65849, "latitude": null, "longitude": null, "area_in_meters": null, "confidence": null, "full_plus_code": null, "fid_2": null, "id": null, "Status": "Complete" }, "geometry": { "type": "MultiPolygon", "coordinates": [ [ [ [ 101.963539213711087, 2.72407976035015 ], [ 101.963536559565398, 2.724079039499002 ], [ 101.963514837752214, 2.724159914486201 ], [ 101.963512464969, 2.724161277967262 ], [ 101.963513827538051, 2.724163675731017 ], [ 101.963513577469584, 2.72416460678978 ], [ 101.963514498828303, 2.724164857025589 ], [ 101.963540193249912, 2.724210072460743 ], [ 101.963540911024779, 2.724209660003106 ], [ 101.963540198684598, 2.724212293497333 ], [ 101.963854045675149, 2.724298137821828 ], [ 101.963898461506531, 2.724133933997119 ], [ 101.963584614580768, 2.724048089640766 ], [ 101.963582711922228, 2.724055123696054 ], [ 101.963539213711087, 2.72407976035015 ] ] ] ] } },
{ "type": "Feature", "properties": { "fid": 65850, "latitude": null, "longitude": null, "area_in_meters": null, "confidence": null, "full_plus_code": null, "fid_2": null, "id": null, "Status": "Complete" }, "geometry": { "type": "MultiPolygon", "coordinates": [ [ [ [ 101.96185418013188, 2.724098557734124 ], [ 101.961852590851393, 2.724088165027874 ], [ 101.961710030511114, 2.724110209962635 ], [ 101.961770634985314, 2.724506518170043 ], [ 101.961892342487133, 2.724487697786183 ], [ 101.961934525926566, 2.724506920949958 ], [ 101.961934929038534, 2.724508946884434 ], [ 101.962334770679902, 2.724428496554328 ], [ 101.962263212212761, 2.724068863031684 ], [ 101.962030517301656, 2.724115682444124 ], [ 101.96185418013188, 2.724098557734124 ] ] ] ] } },
{ "type": "Feature", "properties": { "fid": 65851, "latitude": null, "longitude": null, "area_in_meters": null, "confidence": null, "full_plus_code": null, "fid_2": null, "id": null, "Status": "Complete" }, "geometry": { "type": "MultiPolygon", "coordinates": [ [ [ [ 101.962385872326394, 2.724551638557812 ], [ 101.962268830208188, 2.724559701759957 ], [ 101.962271987833475, 2.724606050081819 ], [ 101.962282084193461, 2.724605354528434 ], [ 101.962283322591418, 2.724615192225609 ], [ 101.962434572404419, 2.72459593913379 ], [ 101.962431440988496, 2.724571063531315 ], [ 101.962387576123447, 2.724576647234894 ], [ 101.962385872326394, 2.724551638557812 ] ] ] ] } },
{ "type": "Feature", "properties": { "fid": 65852, "latitude": null, "longitude": null, "area_in_meters": null, "confidence": null, "full_plus_code": null, "fid_2": null, "id": null, "Status": "Complete" }, "geometry": { "type": "MultiPolygon", "coordinates": [ [ [ [ 101.963038051337364, 2.724349019984308 ], [ 101.962615101727479, 2.724356729457169 ], [ 101.962615595508183, 2.724384122508158 ], [ 101.962580301005048, 2.724384929288689 ], [ 101.962582251048104, 2.724471194894812 ], [ 101.963072557879528, 2.72445998716201 ], [ 101.96307060780326, 2.724373721595032 ], [ 101.963038509837247, 2.724374455307417 ], [ 101.963038051337364, 2.724349019984308 ] ] ] ] } },
{ "type": "Feature", "properties": { "fid": 65853, "latitude": null, "longitude": null, "area_in_meters": null, "confidence": null, "full_plus_code": null, "fid_2": null, "id": null, "Status": "Complete" }, "geometry": { "type": "MultiPolygon", "coordinates": [ [ [ [ 101.963896552882488, 2.72452457744281 ], [ 101.963906365886899, 2.724467918616452 ], [ 101.963337378901031, 2.724368268854264 ], [ 101.963334605314301, 2.72438428307907 ], [ 101.963301279457198, 2.724378009457324 ], [ 101.963285702744585, 2.724461680838347 ], [ 101.963867966452611, 2.724571292445009 ], [ 101.963877291150609, 2.72452120403275 ], [ 101.963896552882488, 2.72452457744281 ] ] ] ] } },
{ "type": "Feature", "properties": { "fid": 65854, "latitude": null, "longitude": null, "area_in_meters": null, "confidence": null, "full_plus_code": null, "fid_2": null, "id": null, "Status": "Complete" }, "geometry": { "type": "MultiPolygon", "coordinates": [ [ [ [ 101.96314589058376, 2.724641931889893 ], [ 101.963133423302423, 2.724687134719737 ], [ 101.962901126044272, 2.724634865526331 ], [ 101.962906113557764, 2.724588109410833 ], [ 101.962815532419341, 2.724578338786179 ], [ 101.962811650259695, 2.724614732584917 ], [ 101.962654047722566, 2.724579270446622 ], [ 101.962634633665417, 2.724666517874031 ], [ 101.962683364742261, 2.724677482846952 ], [ 101.962678883745795, 2.724697503123791 ], [ 101.963198218949827, 2.724815044363352 ], [ 101.963202846051516, 2.724794371265145 ], [ 101.963230209760695, 2.724800528369598 ], [ 101.963249623756042, 2.724713280977475 ], [ 101.963217466468649, 2.724706045267989 ], [ 101.963228773866547, 2.724665047833322 ], [ 101.96314589058376, 2.724641931889893 ] ] ] ] } },
{ "type": "Feature", "properties": { "fid": 65855, "latitude": null, "longitude": null, "area_in_meters": null, "confidence": null, "full_plus_code": null, "fid_2": null, "id": null, "Status": "Complete" }, "geometry": { "type": "MultiPolygon", "coordinates": [ [ [ [ 101.964165134095367, 2.72461053581698 ], [ 101.964103192719591, 2.72457071025345 ], [ 101.964088758740473, 2.724593411180481 ], [ 101.964084467721804, 2.724590746040414 ], [ 101.96406170429232, 2.724627806995951 ], [ 101.964056278437027, 2.724623314131998 ], [ 101.963996378059306, 2.724696463902978 ], [ 101.96415683483491, 2.72482932966442 ], [ 101.964216735192039, 2.724756179888967 ], [ 101.964157924488489, 2.724707481854137 ], [ 101.96418954121539, 2.72465600690262 ], [ 101.964151317274585, 2.724632266116545 ], [ 101.964165134095367, 2.72461053581698 ] ] ] ] } },
{ "type": "Feature", "properties": { "fid": 65856, "latitude": null, "longitude": null, "area_in_meters": null, "confidence": null, "full_plus_code": null, "fid_2": null, "id": null, "Status": "Complete" }, "geometry": { "type": "MultiPolygon", "coordinates": [ [ [ [ 101.96390893840433, 2.72483368354432 ], [ 101.963891840035842, 2.724849975048397 ], [ 101.963964917357274, 2.724927530885753 ], [ 101.96398225520548, 2.724911011199647 ], [ 101.96406334849938, 2.72498614502935 ], [ 101.964080883127792, 2.724967007561823 ], [ 101.964118900155668, 2.724999395168889 ], [ 101.96417145507175, 2.724937014337606 ], [ 101.964131362884899, 2.724902858850769 ], [ 101.964159157711464, 2.724875965938605 ], [ 101.96410933424589, 2.72482389462449 ], [ 101.964076249143204, 2.724855906144342 ], [ 101.963977788972031, 2.724772025584442 ], [ 101.963971617402152, 2.724779351016565 ], [ 101.963937986201898, 2.724753245185353 ], [ 101.963888448158571, 2.724817778228851 ], [ 101.96390893840433, 2.72483368354432 ] ] ] ] } },
{ "type": "Feature", "properties": { "fid": 65857, "latitude": null, "longitude": null, "area_in_meters": null, "confidence": null, "full_plus_code": null, "fid_2": null, "id": null, "Status": "Complete" }, "geometry": { "type": "MultiPolygon", "coordinates": [ [ [ [ 101.963899499462585, 2.725046518952214 ], [ 101.963870211844451, 2.725073967740773 ], [ 101.963844715098077, 2.725045362866887 ], [ 101.963832158625891, 2.725056680367334 ], [ 101.963857874209268, 2.725085530754816 ], [ 101.963854089400385, 2.725089077933636 ], [ 101.963981426677492, 2.725226467763456 ], [ 101.964026836729857, 2.725183908776535 ], [ 101.963899499462585, 2.725046518952214 ] ] ] ] } },
{ "type": "Feature", "properties": { "fid": 65858, "latitude": null, "longitude": null, "area_in_meters": null, "confidence": null, "full_plus_code": null, "fid_2": null, "id": null, "Status": "Complete" }, "geometry": { "type": "MultiPolygon", "coordinates": [ [ [ [ 101.963754980218809, 2.725205442754942 ], [ 101.963852640440834, 2.725303166149057 ], [ 101.963921492358935, 2.725233587909901 ], [ 101.963816320903064, 2.725128348415951 ], [ 101.963814718281469, 2.725129967943209 ], [ 101.963733819887921, 2.725035823813615 ], [ 101.963668819323615, 2.725092304761231 ], [ 101.963720827462083, 2.725152828345336 ], [ 101.963708732466799, 2.725163596266896 ], [ 101.963749707574507, 2.725210136880518 ], [ 101.963754980218809, 2.725205442754942 ] ] ] ] } },
{ "type": "Feature", "properties": { "fid": 65859, "latitude": null, "longitude": null, "area_in_meters": null, "confidence": null, "full_plus_code": null, "fid_2": null, "id": null, "Status": "Complete" }, "geometry": { "type": "MultiPolygon", "coordinates": [ [ [ [ 101.96375408413202, 2.725260875591411 ], [ 101.963695390495246, 2.725194389392766 ], [ 101.96369346890927, 2.725196104761374 ], [ 101.963601431152412, 2.725090567222253 ], [ 101.963543572380004, 2.725141590268392 ], [ 101.96358855010304, 2.725193165167474 ], [ 101.963520076251513, 2.725240689465689 ], [ 101.963571058474002, 2.725314968444286 ], [ 101.963614156728809, 2.725285056081829 ], [ 101.963663889096097, 2.725341391249055 ], [ 101.963694210674305, 2.725314323663962 ], [ 101.963695295074132, 2.725315567119791 ], [ 101.963753153832542, 2.725264544064324 ], [ 101.963751762215139, 2.725262948329259 ], [ 101.96375408413202, 2.725260875591411 ] ] ] ] } },
{ "type": "Feature", "properties": { "fid": 65860, "latitude": null, "longitude": null, "area_in_meters": null, "confidence": null, "full_plus_code": null, "fid_2": null, "id": null, "Status": "Complete" }, "geometry": { "type": "MultiPolygon", "coordinates": [ [ [ [ 101.963404275668424, 2.725399850446943 ], [ 101.963399006198813, 2.725403724172435 ], [ 101.963361803714875, 2.725372898708153 ], [ 101.963303447134365, 2.725444116768167 ], [ 101.963382690367425, 2.725509776610395 ], [ 101.963396333551756, 2.725493126537589 ], [ 101.963461283622024, 2.72558246852239 ], [ 101.963464636055249, 2.725580004059848 ], [ 101.963460182457652, 2.725586211016571 ], [ 101.963543554947151, 2.725646702308234 ], [ 101.963502416916413, 2.725696048442736 ], [ 101.963551279415526, 2.725737239585033 ], [ 101.96366909957527, 2.725595911231121 ], [ 101.963620237088321, 2.725554720091695 ], [ 101.963611042572794, 2.725565749151471 ], [ 101.963522528909991, 2.725501527649831 ], [ 101.963458858268766, 2.725413945580156 ], [ 101.963493129892001, 2.725374040140609 ], [ 101.963415323399389, 2.725306469732689 ], [ 101.963364667372318, 2.725365452950768 ], [ 101.963404275668424, 2.725399850446943 ] ] ] ] } },
{ "type": "Feature", "properties": { "fid": 65861, "latitude": null, "longitude": null, "area_in_meters": null, "confidence": null, "full_plus_code": null, "fid_2": null, "id": null, "Status": "Complete" }, "geometry": { "type": "MultiPolygon", "coordinates": [ [ [ [ 101.962948118057, 2.725280973461715 ], [ 101.962950334245264, 2.725282515644112 ], [ 101.962934941953009, 2.725312100787035 ], [ 101.962986532267678, 2.725339242413606 ], [ 101.962998578957226, 2.725316087767333 ], [ 101.963037057021765, 2.725342863558331 ], [ 101.963230734995904, 2.725061421297739 ], [ 101.963141796073188, 2.724999531203449 ], [ 101.962969677162477, 2.725249644953455 ], [ 101.962967917545086, 2.725248719219928 ], [ 101.962960490610968, 2.725262994345661 ], [ 101.962948118057, 2.725280973461715 ] ] ] ] } },
{ "type": "Feature", "properties": { "fid": 65862, "latitude": null, "longitude": null, "area_in_meters": null, "confidence": null, "full_plus_code": null, "fid_2": null, "id": null, "Status": "Complete" }, "geometry": { "type": "MultiPolygon", "coordinates": [ [ [ [ 101.962552969808087, 2.725367461812174 ], [ 101.962582868809349, 2.725400703604159 ], [ 101.962597757756768, 2.725387161868482 ], [ 101.962647427130918, 2.725442446428351 ], [ 101.962689998988495, 2.725403770072015 ], [ 101.962591442725667, 2.725294071895235 ], [ 101.96254887086117, 2.725332748247341 ], [ 101.96256787721245, 2.725353903290735 ], [ 101.962552969808087, 2.725367461812174 ] ] ] ] } },
{ "type": "Feature", "properties": { "fid": 65863, "latitude": null, "longitude": null, "area_in_meters": null, "confidence": null, "full_plus_code": null, "fid_2": null, "id": null, "Status": "Complete" }, "geometry": { "type": "MultiPolygon", "coordinates": [ [ [ [ 101.963016060519564, 2.725065363362381 ], [ 101.962813721683148, 2.724931433497404 ], [ 101.962617280362622, 2.725231538258177 ], [ 101.962616170571039, 2.725230936618507 ], [ 101.962787229041936, 2.724971534931674 ], [ 101.962677463754488, 2.72489834097062 ], [ 101.962646826105896, 2.7249448014321 ], [ 101.962571687804569, 2.724893220900204 ], [ 101.962456146726623, 2.725063417251988 ], [ 101.962533561968101, 2.725116560831195 ], [ 101.962486015979479, 2.725188661944533 ], [ 101.962595781319848, 2.725261855906664 ], [ 101.962602785016045, 2.72525123514876 ], [ 101.962818016694555, 2.725367916436728 ], [ 101.963016060519564, 2.725065363362381 ] ] ] ] } },
{ "type": "Feature", "properties": { "fid": 65864, "latitude": null, "longitude": null, "area_in_meters": null, "confidence": null, "full_plus_code": null, "fid_2": null, "id": null, "Status": "Complete" }, "geometry": { "type": "MultiPolygon", "coordinates": [ [ [ [ 101.962305607772862, 2.725824500181321 ], [ 101.96236015835521, 2.725744685113371 ], [ 101.96223847315683, 2.725660586245952 ], [ 101.962219486561196, 2.725688366260167 ], [ 101.962154095266527, 2.725642577376718 ], [ 101.962120852228765, 2.72569058369484 ], [ 101.962186536051291, 2.725736577411391 ], [ 101.962183922558197, 2.725740401313093 ], [ 101.962305607772862, 2.725824500181321 ] ] ] ] } },
{ "type": "Feature", "properties": { "fid": 65865, "latitude": null, "longitude": null, "area_in_meters": null, "confidence": null, "full_plus_code": null, "fid_2": null, "id": null, "Status": "Complete" }, "geometry": { "type": "MultiPolygon", "coordinates": [ [ [ [ 101.962041030342519, 2.725113307425188 ], [ 101.9620427369113, 2.725133430545466 ], [ 101.962094388593371, 2.72512900107739 ], [ 101.96210420658025, 2.725206435354047 ], [ 101.96221902377026, 2.725191714445151 ], [ 101.962209817184473, 2.725119102324071 ], [ 101.962216084704252, 2.725118564843438 ], [ 101.962214378133154, 2.725098441726545 ], [ 101.962041030342519, 2.725113307425188 ] ] ] ] } },
{ "type": "Feature", "properties": { "fid": 65866, "latitude": null, "longitude": null, "area_in_meters": null, "confidence": null, "full_plus_code": null, "fid_2": null, "id": null, "Status": "Complete" }, "geometry": { "type": "MultiPolygon", "coordinates": [ [ [ [ 101.962294815681489, 2.724852825546334 ], [ 101.962249062586608, 2.724830719076156 ], [ 101.962200718384196, 2.724931896567928 ], [ 101.962235219599307, 2.724948566476708 ], [ 101.962233895094343, 2.724950693440353 ], [ 101.962383213389771, 2.725044718756113 ], [ 101.96243848854057, 2.724955954813838 ], [ 101.962290166057642, 2.724862556544386 ], [ 101.962294815681489, 2.724852825546334 ] ] ] ] } },
{ "type": "Feature", "properties": { "fid": 65867, "latitude": null, "longitude": null, "area_in_meters": null, "confidence": null, "full_plus_code": null, "fid_2": null, "id": null, "Status": "Complete" }, "geometry": { "type": "MultiPolygon", "coordinates": [ [ [ [ 101.961568866538073, 2.724994062264706 ], [ 101.961562919325402, 2.724948974265462 ], [ 101.96151165759747, 2.724955811551625 ], [ 101.961513091845603, 2.724966685115455 ], [ 101.961491020477453, 2.724949933636028 ], [ 101.961459839993765, 2.724991476578489 ], [ 101.961522649765826, 2.725039147231957 ], [ 101.961530880449843, 2.72510154708158 ], [ 101.961463446406569, 2.72511140458495 ], [ 101.961472658010564, 2.725175126055483 ], [ 101.961580846445258, 2.725159311071855 ], [ 101.96157406825931, 2.725112422847828 ], [ 101.961584298592371, 2.725111058325094 ], [ 101.961577697204902, 2.725061010786918 ], [ 101.961606802952886, 2.725025539422144 ], [ 101.961568866538073, 2.724994062264706 ] ] ] ] } },
{ "type": "Feature", "properties": { "fid": 65868, "latitude": null, "longitude": null, "area_in_meters": null, "confidence": null, "full_plus_code": null, "fid_2": null, "id": null, "Status": "Complete" }, "geometry": { "type": "MultiPolygon", "coordinates": [ [ [ [ 101.961349819454725, 2.724736577277434 ], [ 101.961362673631697, 2.724735133018078 ], [ 101.96137212362386, 2.72479846179302 ], [ 101.961448798839143, 2.724786892041083 ], [ 101.961439782482998, 2.724726469283305 ], [ 101.961447264840501, 2.724725628586552 ], [ 101.961461573375942, 2.72479713004911 ], [ 101.961628248941736, 2.724763402020709 ], [ 101.961607349886108, 2.724658966996265 ], [ 101.96160724380529, 2.72465898846249 ], [ 101.961607005525821, 2.724656843972721 ], [ 101.96134424053399, 2.724686367499847 ], [ 101.961349819454725, 2.724736577277434 ] ] ] ] } },
{ "type": "Feature", "properties": { "fid": 65869, "latitude": null, "longitude": null, "area_in_meters": null, "confidence": null, "full_plus_code": null, "fid_2": null, "id": null, "Status": "Complete" }, "geometry": { "type": "MultiPolygon", "coordinates": [ [ [ [ 101.961347048331632, 2.724757830948569 ], [ 101.961338926160309, 2.724759657484028 ], [ 101.961299492973623, 2.724678128160056 ], [ 101.961356732068339, 2.724658045305111 ], [ 101.961340745523472, 2.724611970818783 ], [ 101.961278121929809, 2.724633942870941 ], [ 101.961277934444965, 2.724633555240276 ], [ 101.961274654283372, 2.724635159525942 ], [ 101.961225990738669, 2.724652233569121 ], [ 101.961227986096048, 2.724657984347748 ], [ 101.961079387419986, 2.724730662085973 ], [ 101.961141460786564, 2.724859000691672 ], [ 101.961247872848674, 2.724806955877712 ], [ 101.961259629137601, 2.724859818993551 ], [ 101.96136448550574, 2.72483623860712 ], [ 101.961347048331632, 2.724757830948569 ] ] ] ] } },
{ "type": "Feature", "properties": { "fid": 65870, "latitude": null, "longitude": null, "area_in_meters": null, "confidence": null, "full_plus_code": null, "fid_2": null, "id": null, "Status": "Complete" }, "geometry": { "type": "MultiPolygon", "coordinates": [ [ [ [ 101.961204942884549, 2.724625632959286 ], [ 101.961201959075908, 2.724605354872855 ], [ 101.961204301159654, 2.724605250114206 ], [ 101.961201420731058, 2.724540131061663 ], [ 101.961070016478999, 2.7245460086114 ], [ 101.961072896901229, 2.724611127671998 ], [ 101.961140317808869, 2.724608112014166 ], [ 101.96114422527414, 2.724634667316653 ], [ 101.961204942884549, 2.724625632959286 ] ] ] ] } },
{ "type": "Feature", "properties": { "fid": 65871, "latitude": null, "longitude": null, "area_in_meters": null, "confidence": null, "full_plus_code": null, "fid_2": null, "id": null, "Status": "Complete" }, "geometry": { "type": "MultiPolygon", "coordinates": [ [ [ [ 101.961264207732256, 2.724154202125418 ], [ 101.961260042872212, 2.724125759420913 ], [ 101.961092241237566, 2.724150605877241 ], [ 101.96109640609501, 2.724179048586555 ], [ 101.961103381280125, 2.724178015767873 ], [ 101.961104900893758, 2.724189633444149 ], [ 101.961011751202065, 2.724202999659505 ], [ 101.96101769969701, 2.724244919424313 ], [ 101.961008203618917, 2.724246216543266 ], [ 101.960999833957757, 2.724206133212113 ], [ 101.960945525415269, 2.724217600240677 ], [ 101.960973657212065, 2.724352326878983 ], [ 101.960965545370144, 2.724353741915396 ], [ 101.960978062045228, 2.724426298991606 ], [ 101.961236371662793, 2.724381239230739 ], [ 101.961230926831178, 2.724349676482141 ], [ 101.961302532265023, 2.724339986134281 ], [ 101.96129800546413, 2.724306161216493 ], [ 101.96127173912592, 2.724309715833537 ], [ 101.961266273345245, 2.724267929146504 ], [ 101.961304556321139, 2.724264465275688 ], [ 101.96129660863987, 2.724175642744504 ], [ 101.961254698115638, 2.724179434835067 ], [ 101.961251641018592, 2.724156062884155 ], [ 101.961264207732256, 2.724154202125418 ] ] ] ] } },
{ "type": "Feature", "properties": { "fid": 65872, "latitude": null, "longitude": null, "area_in_meters": null, "confidence": null, "full_plus_code": null, "fid_2": null, "id": null, "Status": "Complete" }, "geometry": { "type": "MultiPolygon", "coordinates": [ [ [ [ 101.960776337026473, 2.724126955211016 ], [ 101.960610787445233, 2.724169564491057 ], [ 101.960623299304231, 2.724218721415062 ], [ 101.960602039011135, 2.724223217327224 ], [ 101.960611023621112, 2.724266179839972 ], [ 101.960839507675544, 2.724217862329329 ], [ 101.960830523061531, 2.724174899826774 ], [ 101.960812797338932, 2.72417864828365 ], [ 101.960781324188758, 2.724146548899294 ], [ 101.960776337026473, 2.724126955211016 ] ] ] ] } },
{ "type": "Feature", "properties": { "fid": 65873, "latitude": null, "longitude": null, "area_in_meters": null, "confidence": null, "full_plus_code": null, "fid_2": null, "id": null, "Status": "Complete" }, "geometry": { "type": "MultiPolygon", "coordinates": [ [ [ [ 101.960194463119493, 2.724248622736278 ], [ 101.960194612697165, 2.72424919972289 ], [ 101.960183601397901, 2.724251688923726 ], [ 101.960184254038992, 2.72425460831312 ], [ 101.960182505188627, 2.724255023218247 ], [ 101.960205940878907, 2.724354912848399 ], [ 101.960214153635008, 2.72435296441641 ], [ 101.960214778411469, 2.724356001533256 ], [ 101.960420084757828, 2.724313293994521 ], [ 101.960413125004621, 2.724279461781717 ], [ 101.960354930977232, 2.724291567219951 ], [ 101.960350512043703, 2.724256180442317 ], [ 101.960411128755311, 2.724242477500336 ], [ 101.960402143674031, 2.72420228552423 ], [ 101.960338806745298, 2.724216603392831 ], [ 101.960294033643734, 2.724209877595322 ], [ 101.960287244923094, 2.724183690532683 ], [ 101.960184605321444, 2.724210596892029 ], [ 101.960189736169042, 2.724230388818244 ], [ 101.96018686559708, 2.72423169134508 ], [ 101.960194463119493, 2.724248622736278 ] ] ] ] } },
{ "type": "Feature", "properties": { "fid": 65874, "latitude": null, "longitude": null, "area_in_meters": null, "confidence": null, "full_plus_code": null, "fid_2": null, "id": null, "Status": "Complete" }, "geometry": { "type": "MultiPolygon", "coordinates": [ [ [ [ 101.960506754462429, 2.724899379038722 ], [ 101.960472220080732, 2.7249028759808 ], [ 101.96047117609227, 2.724846398818893 ], [ 101.960443336040896, 2.724846919209346 ], [ 101.960442308136322, 2.72482075041629 ], [ 101.960352863728787, 2.724824303130071 ], [ 101.960353817808212, 2.724848592497697 ], [ 101.960334241809889, 2.72484895841522 ], [ 101.96033540857772, 2.724912078013068 ], [ 101.96039174384488, 2.724911024982505 ], [ 101.960383096846101, 2.724911900575245 ], [ 101.960388550547393, 2.72496636251053 ], [ 101.960512208167998, 2.724953840967409 ], [ 101.960506754462429, 2.724899379038722 ] ] ] ] } },
{ "type": "Feature", "properties": { "fid": 65875, "latitude": null, "longitude": null, "area_in_meters": null, "confidence": null, "full_plus_code": null, "fid_2": null, "id": null, "Status": "Complete" }, "geometry": { "type": "MultiPolygon", "coordinates": [ [ [ [ 101.960814023251274, 2.724516068446373 ], [ 101.960810412373107, 2.724513334638896 ], [ 101.96080723771567, 2.724517574781236 ], [ 101.960760751837043, 2.724527894276076 ], [ 101.960767231711358, 2.72455741097264 ], [ 101.960763108258973, 2.724558597864253 ], [ 101.960770101675337, 2.724583166324326 ], [ 101.96073447108202, 2.724530503438424 ], [ 101.960671410649084, 2.724573646793945 ], [ 101.960745671035326, 2.724683405455136 ], [ 101.960790825555932, 2.724652512580817 ], [ 101.960848942587475, 2.724639611055701 ], [ 101.960843723758089, 2.724615838591986 ], [ 101.960880211900729, 2.724605335868159 ], [ 101.96085904729469, 2.724530982840186 ], [ 101.960840698482045, 2.724536264349419 ], [ 101.960823375368548, 2.724523148964458 ], [ 101.96082145860629, 2.724514417856775 ], [ 101.960814023251274, 2.724516068446373 ] ] ] ] } },
{ "type": "Feature", "properties": { "fid": 65876, "latitude": null, "longitude": null, "area_in_meters": null, "confidence": null, "full_plus_code": null, "fid_2": null, "id": null, "Status": "Complete" }, "geometry": { "type": "MultiPolygon", "coordinates": [ [ [ [ 101.960929360048439, 2.724832872515547 ], [ 101.960908620526155, 2.724749384815641 ], [ 101.960908135680938, 2.724734088035644 ], [ 101.960904846776188, 2.724734193448118 ], [ 101.96090482262521, 2.724734096227504 ], [ 101.960904375459378, 2.724734208554262 ], [ 101.960795499926391, 2.724737698116932 ], [ 101.960796099967595, 2.724756629363562 ], [ 101.960784507997772, 2.724758825322367 ], [ 101.960808006236363, 2.724884256858709 ], [ 101.960825421118543, 2.724880957817366 ], [ 101.960845600373162, 2.724903042872056 ], [ 101.960918629701439, 2.72483556794857 ], [ 101.960929360048439, 2.724832872515547 ] ] ] ] } },
{ "type": "Feature", "properties": { "fid": 65877, "latitude": null, "longitude": null, "area_in_meters": null, "confidence": null, "full_plus_code": null, "fid_2": null, "id": null, "Status": "Complete" }, "geometry": { "type": "MultiPolygon", "coordinates": [ [ [ [ 101.960848075208219, 2.725011868468493 ], [ 101.960852552951309, 2.72504046671522 ], [ 101.960890360651803, 2.725034480691103 ], [ 101.960853702881693, 2.725055165132941 ], [ 101.960854926085347, 2.725057357227654 ], [ 101.960854812665403, 2.725057383444028 ], [ 101.960893883234263, 2.725228308088257 ], [ 101.9610055144325, 2.72520250515385 ], [ 101.960966443856591, 2.725031580529595 ], [ 101.960964818605362, 2.725031956197165 ], [ 101.960964504894136, 2.725018666251928 ], [ 101.960969515770103, 2.725015838824697 ], [ 101.96096421386784, 2.725006337323005 ], [ 101.960963996880508, 2.724997144952785 ], [ 101.960959149033357, 2.724997260668807 ], [ 101.960958472404258, 2.724996048086568 ], [ 101.9609561986084, 2.724997331094179 ], [ 101.960939455063439, 2.724997730755382 ], [ 101.960939665835795, 2.725006659844194 ], [ 101.960928562766114, 2.72501292484063 ], [ 101.960926454340154, 2.724999458845875 ], [ 101.960848075208219, 2.725011868468493 ] ], [ [ 101.96094027201579, 2.725032339849211 ], [ 101.960940396212919, 2.725037601294166 ], [ 101.960924391097819, 2.72504130078542 ], [ 101.96094027201579, 2.725032339849211 ] ] ] ] } },
{ "type": "Feature", "properties": { "fid": 65878, "latitude": null, "longitude": null, "area_in_meters": null, "confidence": null, "full_plus_code": null, "fid_2": null, "id": null, "Status": "Complete" }, "geometry": { "type": "MultiPolygon", "coordinates": [ [ [ [ 101.960559300053234, 2.725215427662124 ], [ 101.960613597668683, 2.725318953975373 ], [ 101.960727199339473, 2.72525870454341 ], [ 101.960672901728202, 2.72515517824293 ], [ 101.96064193976396, 2.725171599130766 ], [ 101.960615741643196, 2.725111370712912 ], [ 101.960644951531293, 2.725093561863433 ], [ 101.960594066021102, 2.725009164972091 ], [ 101.960369112075028, 2.725146316136986 ], [ 101.960419997596034, 2.725230713048624 ], [ 101.960465121520159, 2.725203201639821 ], [ 101.960484211875837, 2.72524708959951 ], [ 101.960574390722257, 2.725207424223405 ], [ 101.960559300053234, 2.725215427662124 ] ] ] ] } },
{ "type": "Feature", "properties": { "fid": 65879, "latitude": null, "longitude": null, "area_in_meters": null, "confidence": null, "full_plus_code": null, "fid_2": null, "id": null, "Status": "Complete" }, "geometry": { "type": "MultiPolygon", "coordinates": [ [ [ [ 101.961243162756418, 2.725351823315477 ], [ 101.961274532837692, 2.725534982724064 ], [ 101.96144284953904, 2.725505831821591 ], [ 101.961411479442589, 2.725322672444473 ], [ 101.961400014188499, 2.725324658118923 ], [ 101.961368006795155, 2.725105320363455 ], [ 101.961224941723856, 2.72512643133568 ], [ 101.961257470957577, 2.725349345269266 ], [ 101.961243162756418, 2.725351823315477 ] ] ] ] } },
{ "type": "Feature", "properties": { "fid": 65880, "latitude": null, "longitude": null, "area_in_meters": null, "confidence": null, "full_plus_code": null, "fid_2": null, "id": null, "Status": "Complete" }, "geometry": { "type": "MultiPolygon", "coordinates": [ [ [ [ 101.961190262506577, 2.72539637525449 ], [ 101.961177924360911, 2.72542950040066 ], [ 101.961153908522164, 2.725433112577416 ], [ 101.961165136761906, 2.725508600667411 ], [ 101.961260927336866, 2.725494192982007 ], [ 101.961249699093202, 2.725418704899306 ], [ 101.961248692791727, 2.725418856255201 ], [ 101.961248847501977, 2.725418440892914 ], [ 101.961190262506577, 2.72539637525449 ] ] ] ] } },
{ "type": "Feature", "properties": { "fid": 65881, "latitude": null, "longitude": null, "area_in_meters": null, "confidence": null, "full_plus_code": null, "fid_2": null, "id": null, "Status": "Complete" }, "geometry": { "type": "MultiPolygon", "coordinates": [ [ [ [ 101.96154833066241, 2.725500989607605 ], [ 101.961551213588905, 2.725606555373483 ], [ 101.961556765784678, 2.725606402047847 ], [ 101.961594079123145, 2.725692997596131 ], [ 101.961693849071551, 2.725649525934965 ], [ 101.961688501970158, 2.725637116561877 ], [ 101.961730820424449, 2.725611590826853 ], [ 101.961693117589789, 2.725548384075399 ], [ 101.961682415284386, 2.725554839513721 ], [ 101.96168084473959, 2.725497330202303 ], [ 101.96154833066241, 2.725500989607605 ] ] ] ] } },
{ "type": "Feature", "properties": { "fid": 65882, "latitude": null, "longitude": null, "area_in_meters": null, "confidence": null, "full_plus_code": null, "fid_2": null, "id": null, "Status": "Complete" }, "geometry": { "type": "MultiPolygon", "coordinates": [ [ [ [ 101.96145362728096, 2.725538561147067 ], [ 101.961432105925084, 2.725549114800871 ], [ 101.961287354014488, 2.725581469545092 ], [ 101.961283363843023, 2.725575826257308 ], [ 101.961258111533411, 2.725593881290785 ], [ 101.961322386739724, 2.725684785526014 ], [ 101.961347639047347, 2.725666730490171 ], [ 101.961347554436927, 2.725666610825897 ], [ 101.961483415689187, 2.725599987103496 ], [ 101.96145362728096, 2.725538561147067 ] ] ] ] } },
{ "type": "Feature", "properties": { "fid": 65883, "latitude": null, "longitude": null, "area_in_meters": null, "confidence": null, "full_plus_code": null, "fid_2": null, "id": null, "Status": "Complete" }, "geometry": { "type": "MultiPolygon", "coordinates": [ [ [ [ 101.961472713763925, 2.725710544767985 ], [ 101.961546553944174, 2.725677567796469 ], [ 101.961532061252015, 2.725644753061166 ], [ 101.961534126999183, 2.725643549164354 ], [ 101.961507706001868, 2.725597705958193 ], [ 101.961377577188131, 2.725673543722464 ], [ 101.961403998188388, 2.725719386935045 ], [ 101.961428531516432, 2.725705089156595 ], [ 101.961471467924767, 2.725710907118261 ], [ 101.961471539504657, 2.725711069191329 ], [ 101.961471801269937, 2.72571095228714 ], [ 101.961472643856894, 2.725711066459209 ], [ 101.961472713763925, 2.725710544767985 ] ] ] ] } },
{ "type": "Feature", "properties": { "fid": 65884, "latitude": null, "longitude": null, "area_in_meters": null, "confidence": null, "full_plus_code": null, "fid_2": null, "id": null, "Status": "Complete" }, "geometry": { "type": "MultiPolygon", "coordinates": [ [ [ [ 101.961914871253981, 2.725723863011497 ], [ 101.961875686154059, 2.725691190328596 ], [ 101.961793104319341, 2.725791342063883 ], [ 101.961832289426127, 2.725824014748333 ], [ 101.961835360666825, 2.725820290077929 ], [ 101.961860692617336, 2.72588223801651 ], [ 101.961993081688647, 2.725827494619782 ], [ 101.961952980432628, 2.725729429141952 ], [ 101.961888190842103, 2.725756219882959 ], [ 101.961914871253981, 2.725723863011497 ] ] ] ] } },
{ "type": "Feature", "properties": { "fid": 65885, "latitude": null, "longitude": null, "area_in_meters": null, "confidence": null, "full_plus_code": null, "fid_2": null, "id": null, "Status": "Complete" }, "geometry": { "type": "MultiPolygon", "coordinates": [ [ [ [ 101.96166451030237, 2.725696108792759 ], [ 101.96166365602005, 2.725693935984794 ], [ 101.961545604461634, 2.725740870184644 ], [ 101.961558664831998, 2.725774088337067 ], [ 101.961543493571412, 2.725780854379235 ], [ 101.961613456322354, 2.725939486635142 ], [ 101.961717049578255, 2.725893286346073 ], [ 101.961709126933087, 2.725875322687459 ], [ 101.961731477995968, 2.725866436487527 ], [ 101.961731094800754, 2.725865461857007 ], [ 101.961755713955583, 2.725855845132036 ], [ 101.9616901414485, 2.725686096768855 ], [ 101.96166451030237, 2.725696108792759 ] ] ] ] } },
{ "type": "Feature", "properties": { "fid": 65886, "latitude": null, "longitude": null, "area_in_meters": null, "confidence": null, "full_plus_code": null, "fid_2": null, "id": null, "Status": "Complete" }, "geometry": { "type": "MultiPolygon", "coordinates": [ [ [ [ 101.961387725557927, 2.725759029208371 ], [ 101.961425568915345, 2.72585416261183 ], [ 101.961404557107755, 2.72586781922822 ], [ 101.961424511529643, 2.725898864619397 ], [ 101.961439480806561, 2.725889135342832 ], [ 101.961444647724832, 2.725902124320417 ], [ 101.961443660268301, 2.725902512754709 ], [ 101.961445414526736, 2.725907022288516 ], [ 101.96141353321525, 2.725925544431839 ], [ 101.961443478438497, 2.725977665117739 ], [ 101.961467472583124, 2.725963725194339 ], [ 101.961473298672971, 2.725978701863988 ], [ 101.961586938280448, 2.725933999613165 ], [ 101.961557299875807, 2.725857810513307 ], [ 101.961534065277874, 2.725866950272132 ], [ 101.961476870821329, 2.725723170671594 ], [ 101.961387725557927, 2.725759029208371 ] ] ] ] } },
{ "type": "Feature", "properties": { "fid": 65888, "latitude": null, "longitude": null, "area_in_meters": null, "confidence": null, "full_plus_code": null, "fid_2": null, "id": null, "Status": "Complete" }, "geometry": { "type": "MultiPolygon", "coordinates": [ [ [ [ 101.964405259532739, 2.724355631402073 ], [ 101.964448437839607, 2.724399945491141 ], [ 101.964472949817491, 2.724375794166249 ], [ 101.964429771512528, 2.724331480078092 ], [ 101.964405259532739, 2.724355631402073 ] ] ] ] } },
{ "type": "Feature", "properties": { "fid": 65889, "latitude": null, "longitude": null, "area_in_meters": null, "confidence": null, "full_plus_code": null, "fid_2": null, "id": null, "Status": "Complete" }, "geometry": { "type": "MultiPolygon", "coordinates": [ [ [ [ 101.964330547141273, 2.724512400241685 ], [ 101.964397591616901, 2.724381192437083 ], [ 101.96452587429259, 2.724447476640017 ], [ 101.964458829842826, 2.724578684440443 ], [ 101.964330547141273, 2.724512400241685 ] ] ] ] } },
{ "type": "Feature", "properties": { "fid": 65890, "latitude": null, "longitude": null, "area_in_meters": null, "confidence": null, "full_plus_code": null, "fid_2": null, "id": null, "Status": "Complete" }, "geometry": { "type": "MultiPolygon", "coordinates": [ [ [ [ 101.964637539605818, 2.724504977171717 ], [ 101.964816778381461, 2.724641127868999 ], [ 101.964829816135023, 2.724623771710165 ], [ 101.964650577364736, 2.724487621013592 ], [ 101.964637539605818, 2.724504977171717 ] ] ] ] } },
{ "type": "Feature", "properties": { "fid": 65891, "latitude": null, "longitude": null, "area_in_meters": null, "confidence": null, "full_plus_code": null, "fid_2": null, "id": null, "Status": "Complete" }, "geometry": { "type": "MultiPolygon", "coordinates": [ [ [ [ 101.964459094660953, 2.72469309747226 ], [ 101.964591572949303, 2.724675001127093 ], [ 101.964581140876291, 2.724597775220381 ], [ 101.964448662593739, 2.724615871555295 ], [ 101.964459094660953, 2.72469309747226 ] ] ] ] } },
{ "type": "Feature", "properties": { "fid": 65892, "latitude": null, "longitude": null, "area_in_meters": null, "confidence": null, "full_plus_code": null, "fid_2": null, "id": null, "Status": "Complete" }, "geometry": { "type": "MultiPolygon", "coordinates": [ [ [ [ 101.965032033449077, 2.725053709669321 ], [ 101.964959013221332, 2.724999474834635 ], [ 101.965012595590125, 2.724926524875325 ], [ 101.965085615808746, 2.724980759708993 ], [ 101.965032033449077, 2.725053709669321 ] ] ] ] } },
{ "type": "Feature", "properties": { "fid": 65893, "latitude": null, "longitude": null, "area_in_meters": null, "confidence": null, "full_plus_code": null, "fid_2": null, "id": null, "Status": "Complete" }, "geometry": { "type": "MultiPolygon", "coordinates": [ [ [ [ 101.965084549744446, 2.725303447396528 ], [ 101.965181468556054, 2.725195486597192 ], [ 101.96513248540569, 2.725151020713399 ], [ 101.965035566584632, 2.72525898150972 ], [ 101.965084549744446, 2.725303447396528 ] ] ] ] } },
{ "type": "Feature", "properties": { "fid": 65894, "latitude": null, "longitude": null, "area_in_meters": null, "confidence": null, "full_plus_code": null, "fid_2": null, "id": null, "Status": "Complete" }, "geometry": { "type": "MultiPolygon", "coordinates": [ [ [ [ 101.965177606031446, 2.72542204292774 ], [ 101.965303207952985, 2.725301795322076 ], [ 101.965244145491056, 2.725239411849449 ], [ 101.965118543556642, 2.725359659448348 ], [ 101.965177606031446, 2.72542204292774 ] ] ] ] } },
{ "type": "Feature", "properties": { "fid": 65895, "latitude": null, "longitude": null, "area_in_meters": null, "confidence": null, "full_plus_code": null, "fid_2": null, "id": null, "Status": "Complete" }, "geometry": { "type": "MultiPolygon", "coordinates": [ [ [ [ 101.965313748244711, 2.725547194847001 ], [ 101.965527540192269, 2.725362318441932 ], [ 101.965462197938606, 2.725285909872631 ], [ 101.965248405969191, 2.725470786262349 ], [ 101.965313748244711, 2.725547194847001 ] ] ] ] } },
{ "type": "Feature", "properties": { "fid": 65896, "latitude": null, "longitude": null, "area_in_meters": null, "confidence": null, "full_plus_code": null, "fid_2": null, "id": null, "Status": "Complete" }, "geometry": { "type": "MultiPolygon", "coordinates": [ [ [ [ 101.965699897336322, 2.725394096656951 ], [ 101.965751793515267, 2.725390636529876 ], [ 101.965749846563341, 2.7253611083565 ], [ 101.965697950385461, 2.725364568482108 ], [ 101.965699897336322, 2.725394096656951 ] ] ] ] } },
{ "type": "Feature", "properties": { "fid": 65897, "latitude": null, "longitude": null, "area_in_meters": null, "confidence": null, "full_plus_code": null, "fid_2": null, "id": null, "Status": "Complete" }, "geometry": { "type": "MultiPolygon", "coordinates": [ [ [ [ 101.965608533005849, 2.725515369980241 ], [ 101.965712129497405, 2.725428492562608 ], [ 101.965639898310414, 2.725341396007301 ], [ 101.965536301807532, 2.725428273416286 ], [ 101.965608533005849, 2.725515369980241 ] ] ] ] } },
{ "type": "Feature", "properties": { "fid": 65898, "latitude": null, "longitude": null, "area_in_meters": null, "confidence": null, "full_plus_code": null, "fid_2": null, "id": null, "Status": "Complete" }, "geometry": { "type": "MultiPolygon", "coordinates": [ [ [ [ 101.965932531357069, 2.725687808838781 ], [ 101.965842850633038, 2.725594747129239 ], [ 101.965874004738538, 2.725564388567833 ], [ 101.965963685457638, 2.725657450274917 ], [ 101.965932531357069, 2.725687808838781 ] ] ] ] } },
{ "type": "Feature", "properties": { "fid": 65900, "latitude": null, "longitude": null, "area_in_meters": null, "confidence": null, "full_plus_code": null, "fid_2": null, "id": null, "Status": "Complete" }, "geometry": { "type": "MultiPolygon", "coordinates": [ [ [ [ 101.964964888389986, 2.725594700920033 ], [ 101.965065215464378, 2.725525599973414 ], [ 101.965095190302705, 2.725569607695949 ], [ 101.964994863231837, 2.72563870864717 ], [ 101.964964888389986, 2.725594700920033 ] ] ] ] } },
{ "type": "Feature", "properties": { "fid": 65901, "latitude": null, "longitude": null, "area_in_meters": null, "confidence": null, "full_plus_code": null, "fid_2": null, "id": null, "Status": "Complete" }, "geometry": { "type": "MultiPolygon", "coordinates": [ [ [ [ 101.964444593212235, 2.725536021160023 ], [ 101.964573497458446, 2.725411323265612 ], [ 101.964629551067986, 2.725469916793884 ], [ 101.964500646834423, 2.725594614694749 ], [ 101.964444593212235, 2.725536021160023 ] ] ] ] } },
{ "type": "Feature", "properties": { "fid": 65902, "latitude": null, "longitude": null, "area_in_meters": null, "confidence": null, "full_plus_code": null, "fid_2": null, "id": null, "Status": "Complete" }, "geometry": { "type": "MultiPolygon", "coordinates": [ [ [ [ 101.964086694316947, 2.725500260059692 ], [ 101.964191267611838, 2.725361185593116 ], [ 101.964121892208141, 2.725308436252441 ], [ 101.964017318896666, 2.725447510716803 ], [ 101.964086694316947, 2.725500260059692 ] ] ] ] } },
{ "type": "Feature", "properties": { "fid": 65903, "latitude": null, "longitude": null, "area_in_meters": null, "confidence": null, "full_plus_code": null, "fid_2": null, "id": null, "Status": "Complete" }, "geometry": { "type": "MultiPolygon", "coordinates": [ [ [ [ 101.964093986635334, 2.725772320492467 ], [ 101.964082744625514, 2.72569128004497 ], [ 101.964130528795053, 2.725684577126863 ], [ 101.964141770807018, 2.725765617570473 ], [ 101.964093986635334, 2.725772320492467 ] ] ] ] } },
{ "type": "Feature", "properties": { "fid": 65904, "latitude": null, "longitude": null, "area_in_meters": null, "confidence": null, "full_plus_code": null, "fid_2": null, "id": null, "Status": "Complete" }, "geometry": { "type": "MultiPolygon", "coordinates": [ [ [ [ 101.964350466185877, 2.724529008799623 ], [ 101.964335921677886, 2.724556964488319 ], [ 101.964377941282052, 2.724579070959525 ], [ 101.964380231065306, 2.72457466981546 ], [ 101.96441909073053, 2.724592138807035 ], [ 101.964429859163374, 2.724567916115862 ], [ 101.964392485785481, 2.724551115269659 ], [ 101.964350466185877, 2.724529008799623 ] ] ] ] } },
{ "type": "Feature", "properties": { "fid": 65905, "latitude": null, "longitude": null, "area_in_meters": null, "confidence": null, "full_plus_code": null, "fid_2": null, "id": null, "Status": "Complete" }, "geometry": { "type": "MultiPolygon", "coordinates": [ [ [ [ 101.964632125110043, 2.724565201162577 ], [ 101.964626042031597, 2.724646551870276 ], [ 101.964611393379002, 2.724648099344502 ], [ 101.964614777854322, 2.724680496299786 ], [ 101.96465783655556, 2.724675947605043 ], [ 101.964655306185989, 2.724651726348545 ], [ 101.964663787054903, 2.724538309278999 ], [ 101.96464306355135, 2.724536742296594 ], [ 101.964644454394858, 2.724523866046348 ], [ 101.964515210334156, 2.724509749175315 ], [ 101.964510653762559, 2.724551933282192 ], [ 101.964632125110043, 2.724565201162577 ] ] ] ] } },
{ "type": "Feature", "properties": { "fid": 65906, "latitude": null, "longitude": null, "area_in_meters": null, "confidence": null, "full_plus_code": null, "fid_2": null, "id": null, "Status": "Complete" }, "geometry": { "type": "MultiPolygon", "coordinates": [ [ [ [ 101.964849734423083, 2.725020845379238 ], [ 101.964877962986677, 2.724987282669347 ], [ 101.964925964360816, 2.725032872379168 ], [ 101.964958730858285, 2.72499798605268 ], [ 101.964950224722486, 2.724989907278182 ], [ 101.964964209332862, 2.72488073229458 ], [ 101.964795224353153, 2.724858843886667 ], [ 101.964781137026435, 2.724968820618601 ], [ 101.964789898589302, 2.724969955491725 ], [ 101.964849734423083, 2.725020845379238 ] ] ] ] } },
{ "type": "Feature", "properties": { "fid": 65907, "latitude": null, "longitude": null, "area_in_meters": null, "confidence": null, "full_plus_code": null, "fid_2": null, "id": null, "Status": "Complete" }, "geometry": { "type": "MultiPolygon", "coordinates": [ [ [ [ 101.965245313701018, 2.724937083195679 ], [ 101.96514207805123, 2.725048785965319 ], [ 101.965160505750362, 2.72506600762791 ], [ 101.965139236795579, 2.725086759894468 ], [ 101.965170237430456, 2.725118888315973 ], [ 101.965124847635778, 2.725073469247616 ], [ 101.965110526467342, 2.725087941517537 ], [ 101.965193556548186, 2.725171025146563 ], [ 101.96520722060481, 2.725157216918565 ], [ 101.965232238646081, 2.725183145102883 ], [ 101.965258465061225, 2.725157555801544 ], [ 101.965262001643424, 2.725160860925259 ], [ 101.965371043772222, 2.725042875407868 ], [ 101.965323041864963, 2.724998015072715 ], [ 101.965332258332111, 2.724988555826801 ], [ 101.965260301671151, 2.724917660537893 ], [ 101.965243305400733, 2.724935104518171 ], [ 101.965245313701018, 2.724937083195679 ] ] ] ] } },
{ "type": "Feature", "properties": { "fid": 65908, "latitude": null, "longitude": null, "area_in_meters": null, "confidence": null, "full_plus_code": null, "fid_2": null, "id": null, "Status": "Complete" }, "geometry": { "type": "MultiPolygon", "coordinates": [ [ [ [ 101.964317555154722, 2.725071158800877 ], [ 101.964317465590128, 2.725071285317795 ], [ 101.96431922921461, 2.725072547819685 ], [ 101.964328578374349, 2.725080305104078 ], [ 101.964324765006381, 2.725085056641568 ], [ 101.964282180860252, 2.725055566325106 ], [ 101.96424256568281, 2.725113411663925 ], [ 101.964243148696582, 2.72511381541181 ], [ 101.964242568401701, 2.725114522181492 ], [ 101.964277705028678, 2.725143694373384 ], [ 101.964271010009256, 2.725152036509789 ], [ 101.964359898565718, 2.725224173591229 ], [ 101.964422345038116, 2.72514636394279 ], [ 101.964438051689257, 2.725157607649672 ], [ 101.964474462614263, 2.725106174381951 ], [ 101.964353876525635, 2.725019852050906 ], [ 101.964351754865874, 2.725022849059672 ], [ 101.964342822162934, 2.725015437321812 ], [ 101.964305385779554, 2.725061061497303 ], [ 101.964317555154722, 2.725071158800877 ] ] ] ] } },
{ "type": "Feature", "properties": { "fid": 65909, "latitude": null, "longitude": null, "area_in_meters": null, "confidence": null, "full_plus_code": null, "fid_2": null, "id": null, "Status": "Complete" }, "geometry": { "type": "MultiPolygon", "coordinates": [ [ [ [ 101.964268272951358, 2.725238837262106 ], [ 101.964180107200633, 2.725313460677852 ], [ 101.964232950984936, 2.725376593727138 ], [ 101.964294772918038, 2.725324267688076 ], [ 101.964317028583466, 2.725348764210038 ], [ 101.964293448458122, 2.72537259310218 ], [ 101.964329428178473, 2.725408596052212 ], [ 101.964427473225101, 2.725309516635597 ], [ 101.964391493511201, 2.725273513688434 ], [ 101.964339638224303, 2.725325916040864 ], [ 101.964319288681935, 2.725303517563398 ], [ 101.964321116728541, 2.725301970306088 ], [ 101.964268272951358, 2.725238837262106 ] ] ] ] } },
{ "type": "Feature", "properties": { "fid": 65910, "latitude": null, "longitude": null, "area_in_meters": null, "confidence": null, "full_plus_code": null, "fid_2": null, "id": null, "Status": "Complete" }, "geometry": { "type": "MultiPolygon", "coordinates": [ [ [ [ 101.964551248224126, 2.724443001440222 ], [ 101.964561969795724, 2.724421849508135 ], [ 101.964530180329149, 2.724405555405647 ], [ 101.964540606160142, 2.724376501721022 ], [ 101.964482563893753, 2.724355440057075 ], [ 101.964465013933761, 2.724404346557222 ], [ 101.964508512944064, 2.724420130941116 ], [ 101.96450812428283, 2.724420897706977 ], [ 101.964551248224126, 2.724443001440222 ] ] ] ] } },
{ "type": "Feature", "properties": { "fid": 65911, "latitude": null, "longitude": null, "area_in_meters": null, "confidence": null, "full_plus_code": null, "fid_2": null, "id": null, "Status": "Complete" }, "geometry": { "type": "MultiPolygon", "coordinates": [ [ [ [ 101.964043679070912, 2.725522577052573 ], [ 101.963924229868695, 2.725449578170904 ], [ 101.963917917206643, 2.725460023388785 ], [ 101.963877779215437, 2.725421930054689 ], [ 101.963776442777416, 2.725529901831905 ], [ 101.963829585132089, 2.725580337072257 ], [ 101.96383907942338, 2.725570221109381 ], [ 101.963849024359547, 2.725574016628463 ], [ 101.963847748478145, 2.725576127759884 ], [ 101.963863244403242, 2.725585597768324 ], [ 101.963851723449011, 2.725605231134258 ], [ 101.963952366105175, 2.725664950281214 ], [ 101.963959632333143, 2.725652567578579 ], [ 101.964009792288152, 2.725664808093138 ], [ 101.96401705599321, 2.725634708989416 ], [ 101.963981199333389, 2.725625958901464 ], [ 101.964043679070912, 2.725522577052573 ] ] ] ] } },
{ "type": "Feature", "properties": { "fid": 65912, "latitude": null, "longitude": null, "area_in_meters": null, "confidence": null, "full_plus_code": null, "fid_2": null, "id": null, "Status": "Complete" }, "geometry": { "type": "MultiPolygon", "coordinates": [ [ [ [ 101.964086033200459, 2.725681277182004 ], [ 101.964106929380975, 2.725647561751561 ], [ 101.964108067033308, 2.725648346040686 ], [ 101.964143252708809, 2.725596735644608 ], [ 101.964061392168674, 2.725540301587523 ], [ 101.964031767662689, 2.725583754843647 ], [ 101.964031430633, 2.725583543619144 ], [ 101.964026620034218, 2.725591305390436 ], [ 101.964026206486082, 2.725591911983262 ], [ 101.964026232825404, 2.725591930141396 ], [ 101.964003079175839, 2.725629287929987 ], [ 101.964086033200459, 2.725681277182004 ] ] ] ] } },
{ "type": "Feature", "properties": { "fid": 65913, "latitude": null, "longitude": null, "area_in_meters": null, "confidence": null, "full_plus_code": null, "fid_2": null, "id": null, "Status": "Complete" }, "geometry": { "type": "MultiPolygon", "coordinates": [ [ [ [ 101.964375691928254, 2.725705012782881 ], [ 101.964369788456523, 2.7256550324813 ], [ 101.964325454286836, 2.725660327712014 ], [ 101.96432046680637, 2.725634992624534 ], [ 101.964291344302254, 2.725640789917272 ], [ 101.964310354839483, 2.725737358449671 ], [ 101.964339477344822, 2.725731561154023 ], [ 101.964338580203503, 2.72572700391238 ], [ 101.964344562474594, 2.725726168497017 ], [ 101.964342193386969, 2.72570901381807 ], [ 101.964375691928254, 2.725705012782881 ] ] ] ] } },
{ "type": "Feature", "properties": { "fid": 65914, "latitude": null, "longitude": null, "area_in_meters": null, "confidence": null, "full_plus_code": null, "fid_2": null, "id": null, "Status": "Complete" }, "geometry": { "type": "MultiPolygon", "coordinates": [ [ [ [ 101.964301218179358, 2.725614112885413 ], [ 101.964187345106737, 2.725563310736647 ], [ 101.964149165472662, 2.7256498490778 ], [ 101.964145408564008, 2.725650394020102 ], [ 101.964146271361528, 2.72565640889909 ], [ 101.964145448258094, 2.725658274553588 ], [ 101.964146613550596, 2.725658794424957 ], [ 101.964155707839552, 2.725722194059408 ], [ 101.964256087376114, 2.725707633928751 ], [ 101.96425932134656, 2.725709076698393 ], [ 101.964260222504009, 2.7257070341252 ], [ 101.964295911271748, 2.725701857441396 ], [ 101.964287715117251, 2.725644719071574 ], [ 101.964301218179358, 2.725614112885413 ] ] ] ] } },
{ "type": "Feature", "properties": { "fid": 65915, "latitude": null, "longitude": null, "area_in_meters": null, "confidence": null, "full_plus_code": null, "fid_2": null, "id": null, "Status": "Complete" }, "geometry": { "type": "MultiPolygon", "coordinates": [ [ [ [ 101.964423797177176, 2.725524074077895 ], [ 101.964552027739813, 2.725379300519178 ], [ 101.964472748809783, 2.725308294005321 ], [ 101.964331780999174, 2.725467448009332 ], [ 101.964346650639612, 2.725480766064097 ], [ 101.964324042397223, 2.725464135598449 ], [ 101.964274396249351, 2.725532382962405 ], [ 101.964249809319398, 2.725518522813945 ], [ 101.964224892984774, 2.725563217763932 ], [ 101.964328845947918, 2.725621818141643 ], [ 101.964343875479315, 2.725594858143299 ], [ 101.964344157087822, 2.725595065292535 ], [ 101.96438567410668, 2.725537992835687 ], [ 101.964434779167888, 2.725587129570964 ], [ 101.964460667463143, 2.725560968147142 ], [ 101.964423797177176, 2.725524074077895 ] ] ] ] } },
{ "type": "Feature", "properties": { "fid": 65916, "latitude": null, "longitude": null, "area_in_meters": null, "confidence": null, "full_plus_code": null, "fid_2": null, "id": null, "Status": "Complete" }, "geometry": { "type": "MultiPolygon", "coordinates": [ [ [ [ 101.964601987676119, 2.725537433274679 ], [ 101.964582543869966, 2.725559124219755 ], [ 101.964496698867364, 2.725618070909168 ], [ 101.964511270009737, 2.725639528802997 ], [ 101.964486868510804, 2.725662516214923 ], [ 101.964547768178178, 2.725727886314342 ], [ 101.964564239220493, 2.725712369779959 ], [ 101.964610813993431, 2.725767709037954 ], [ 101.964641153651073, 2.725741888461788 ], [ 101.964637776048463, 2.725737875258639 ], [ 101.964694567729637, 2.725695317558235 ], [ 101.964673555779001, 2.725666963789997 ], [ 101.964665782877333, 2.725672788530381 ], [ 101.964650293136003, 2.725654337825998 ], [ 101.964643296761096, 2.725660277219678 ], [ 101.964684285311719, 2.725614551574057 ], [ 101.964759411531702, 2.725567446727926 ], [ 101.96473007147425, 2.725520128897424 ], [ 101.964645061427078, 2.725573430990268 ], [ 101.964698503139445, 2.725536734476677 ], [ 101.964671996631807, 2.72549770021125 ], [ 101.964607222463712, 2.725542178313097 ], [ 101.964601987676119, 2.725537433274679 ] ] ], [ [ [ 101.964727507807439, 2.725617499310789 ], [ 101.964676797511459, 2.72565427218589 ], [ 101.964706649270909, 2.725695899301001 ], [ 101.964638353882947, 2.725748121267107 ], [ 101.964681584814414, 2.725805291573235 ], [ 101.964808348308964, 2.725708362044033 ], [ 101.964780056026882, 2.725670947201357 ], [ 101.964788344910914, 2.725657327495047 ], [ 101.964730831733434, 2.725621933173966 ], [ 101.964730765489421, 2.725622042021407 ], [ 101.964727507807439, 2.725617499310789 ] ] ] ] } },
{ "type": "Feature", "properties": { "fid": 65917, "latitude": null, "longitude": null, "area_in_meters": null, "confidence": null, "full_plus_code": null, "fid_2": null, "id": null, "Status": "Complete" }, "geometry": { "type": "MultiPolygon", "coordinates": [ [ [ [ 101.964571607920689, 2.725799576324518 ], [ 101.96456671074337, 2.725796691887863 ], [ 101.964519422276638, 2.725877877255506 ], [ 101.964586052386338, 2.725917122373675 ], [ 101.964588603965169, 2.725912741793874 ], [ 101.964620596996753, 2.725926546045783 ], [ 101.964602452474608, 2.725960960909697 ], [ 101.964652213475745, 2.725987490233488 ], [ 101.964672097983467, 2.725949775119514 ], [ 101.964729493441681, 2.72597730410449 ], [ 101.964782230183289, 2.725866121103862 ], [ 101.964584930486382, 2.72577148884793 ], [ 101.964571607920689, 2.725799576324518 ] ] ] ] } },
{ "type": "Feature", "properties": { "fid": 65918, "latitude": null, "longitude": null, "area_in_meters": null, "confidence": null, "full_plus_code": null, "fid_2": null, "id": null, "Status": "Complete" }, "geometry": { "type": "MultiPolygon", "coordinates": [ [ [ [ 101.965307678407854, 2.725700951392628 ], [ 101.965280889830183, 2.725658328562435 ], [ 101.965242297484821, 2.725682855671076 ], [ 101.965269086063543, 2.725725478503016 ], [ 101.965307678407854, 2.725700951392628 ] ] ], [ [ [ 101.965288731596303, 2.725714786400212 ], [ 101.965268960223256, 2.725733656535556 ], [ 101.965246774727049, 2.72570727609274 ], [ 101.965156405855893, 2.725784126055819 ], [ 101.965217065260674, 2.725856255245954 ], [ 101.965226332320555, 2.725848374508662 ], [ 101.965229458811308, 2.725851687014771 ], [ 101.965286867300492, 2.72579689536853 ], [ 101.965307434123417, 2.725779405276681 ], [ 101.96530643611348, 2.725778218557944 ], [ 101.965328618931039, 2.725757046896584 ], [ 101.965288731596303, 2.725714786400212 ] ] ] ] } },
{ "type": "Feature", "properties": { "fid": 65919, "latitude": null, "longitude": null, "area_in_meters": null, "confidence": null, "full_plus_code": null, "fid_2": null, "id": null, "Status": "Complete" }, "geometry": { "type": "MultiPolygon", "coordinates": [ [ [ [ 101.965442017406886, 2.725498108695953 ], [ 101.96551569191783, 2.725588916006149 ], [ 101.965478932614133, 2.725554987488102 ], [ 101.965478475179751, 2.725555488639636 ], [ 101.965436232956762, 2.725506912611896 ], [ 101.965351380414731, 2.725581527849158 ], [ 101.965401793026828, 2.725639499332002 ], [ 101.965361082933086, 2.725684100103255 ], [ 101.965401418864801, 2.725721329812481 ], [ 101.965519268536553, 2.725592217194164 ], [ 101.965518938142921, 2.725591912243718 ], [ 101.965545718478708, 2.725569941211477 ], [ 101.96546928722735, 2.725475736087373 ], [ 101.965442017406886, 2.725498108695953 ] ] ] ] } },
{ "type": "Feature", "properties": { "fid": 65920, "latitude": null, "longitude": null, "area_in_meters": null, "confidence": null, "full_plus_code": null, "fid_2": null, "id": null, "Status": "Complete" }, "geometry": { "type": "MultiPolygon", "coordinates": [ [ [ [ 101.965695600853635, 2.725857785205692 ], [ 101.965627910911266, 2.725761858059816 ], [ 101.965552945834119, 2.725815348884665 ], [ 101.965569843843838, 2.725839295984663 ], [ 101.965559650827018, 2.725847537439225 ], [ 101.965626115789945, 2.72593066198762 ], [ 101.965701520444085, 2.725869694350238 ], [ 101.96569330688871, 2.725859422049241 ], [ 101.965695600853635, 2.725857785205692 ] ] ] ] } },
{ "type": "Feature", "properties": { "fid": 65921, "latitude": null, "longitude": null, "area_in_meters": null, "confidence": null, "full_plus_code": null, "fid_2": null, "id": null, "Status": "Complete" }, "geometry": { "type": "MultiPolygon", "coordinates": [ [ [ [ 101.965739305857795, 2.725702724368178 ], [ 101.965745103759332, 2.725709269567247 ], [ 101.965714193489219, 2.725737476307797 ], [ 101.965688524897018, 2.725710623837828 ], [ 101.965637844602554, 2.725759612403472 ], [ 101.965665929914721, 2.725788993055184 ], [ 101.96568258697269, 2.725772892015367 ], [ 101.965738525298519, 2.725834878513501 ], [ 101.965886178682027, 2.725700139433472 ], [ 101.96582698716513, 2.72563454799495 ], [ 101.965793190220566, 2.725665388930449 ], [ 101.965787791052136, 2.725659293857391 ], [ 101.965739305857795, 2.725702724368178 ] ] ] ] } },
{ "type": "Feature", "properties": { "fid": 65922, "latitude": null, "longitude": null, "area_in_meters": null, "confidence": null, "full_plus_code": null, "fid_2": null, "id": null, "Status": "Complete" }, "geometry": { "type": "MultiPolygon", "coordinates": [ [ [ [ 101.966038284792077, 2.725579826131038 ], [ 101.965983040864174, 2.725527118176759 ], [ 101.96596502086382, 2.725546216756863 ], [ 101.96591878750931, 2.725506638595543 ], [ 101.965891305889855, 2.725539100948189 ], [ 101.96597855512934, 2.725613790841948 ], [ 101.965993123544735, 2.725627690493224 ], [ 101.966038284792077, 2.725579826131038 ] ] ] ] } },
{ "type": "Feature", "properties": { "fid": 65924, "latitude": null, "longitude": null, "area_in_meters": null, "confidence": null, "full_plus_code": null, "fid_2": null, "id": null, "Status": "Complete" }, "geometry": { "type": "MultiPolygon", "coordinates": [ [ [ [ 101.965927431524804, 2.725832694194006 ], [ 101.965928703234354, 2.72583173015217 ], [ 101.965952842273609, 2.725864331603468 ], [ 101.965982605241351, 2.725842047404285 ], [ 101.965975852828535, 2.725832927801102 ], [ 101.966006819256719, 2.725808671729893 ], [ 101.965989172332911, 2.725785890486257 ], [ 101.966014931981334, 2.725766362930761 ], [ 101.965993392929732, 2.725737631556262 ], [ 101.965861116089755, 2.725837906339417 ], [ 101.96588265514518, 2.725866637717749 ], [ 101.965892335850711, 2.725859299088305 ], [ 101.965898734668841, 2.725866686717784 ], [ 101.965931794355697, 2.725837731214618 ], [ 101.965927431524804, 2.725832694194006 ] ] ] ] } },
{ "type": "Feature", "properties": { "fid": 65925, "latitude": null, "longitude": null, "area_in_meters": null, "confidence": null, "full_plus_code": null, "fid_2": null, "id": null, "Status": "Complete" }, "geometry": { "type": "MultiPolygon", "coordinates": [ [ [ [ 101.957918593958127, 2.72358763488829 ], [ 101.957987175073484, 2.723632997309996 ], [ 101.958005864243802, 2.723604425501767 ], [ 101.957937283131699, 2.723559063080107 ], [ 101.957918593958127, 2.72358763488829 ] ] ] ] } },
{ "type": "Feature", "properties": { "fid": 65926, "latitude": null, "longitude": null, "area_in_meters": null, "confidence": null, "full_plus_code": null, "fid_2": null, "id": null, "Status": "Complete" }, "geometry": { "type": "MultiPolygon", "coordinates": [ [ [ [ 101.958099949350355, 2.722328956039158 ], [ 101.958217797934068, 2.722198733118051 ], [ 101.958103248453696, 2.722093906752169 ], [ 101.957985399843395, 2.72222412966451 ], [ 101.958099949350355, 2.722328956039158 ] ] ] ] } },
{ "type": "Feature", "properties": { "fid": 65927, "latitude": null, "longitude": null, "area_in_meters": null, "confidence": null, "full_plus_code": null, "fid_2": null, "id": null, "Status": "Complete" }, "geometry": { "type": "MultiPolygon", "coordinates": [ [ [ [ 101.958259687427173, 2.722167534881772 ], [ 101.958199887072084, 2.722099940116359 ], [ 101.958228427601867, 2.722074407628742 ], [ 101.958288227954199, 2.722142002392391 ], [ 101.958259687427173, 2.722167534881772 ] ] ] ] } },
{ "type": "Feature", "properties": { "fid": 65928, "latitude": null, "longitude": null, "area_in_meters": null, "confidence": null, "full_plus_code": null, "fid_2": null, "id": null, "Status": "Complete" }, "geometry": { "type": "MultiPolygon", "coordinates": [ [ [ [ 101.958205272146131, 2.722496386180456 ], [ 101.958338565372387, 2.72235946194008 ], [ 101.958269797632369, 2.722291767530689 ], [ 101.958136504389174, 2.722428691763891 ], [ 101.958205272146131, 2.722496386180456 ] ] ] ] } },
{ "type": "Feature", "properties": { "fid": 65929, "latitude": null, "longitude": null, "area_in_meters": null, "confidence": null, "full_plus_code": null, "fid_2": null, "id": null, "Status": "Complete" }, "geometry": { "type": "MultiPolygon", "coordinates": [ [ [ [ 101.95871329590679, 2.72250401634826 ], [ 101.958508478387799, 2.722294631785185 ], [ 101.958619164833792, 2.722185146180247 ], [ 101.958823982312325, 2.722394530724022 ], [ 101.95871329590679, 2.72250401634826 ] ] ] ] } },
{ "type": "Feature", "properties": { "fid": 65930, "latitude": null, "longitude": null, "area_in_meters": null, "confidence": null, "full_plus_code": null, "fid_2": null, "id": null, "Status": "Complete" }, "geometry": { "type": "MultiPolygon", "coordinates": [ [ [ [ 101.957715655046755, 2.722790774765955 ], [ 101.958047387663854, 2.722512323306869 ], [ 101.958199593511395, 2.722695685564236 ], [ 101.957867860970524, 2.722974137081506 ], [ 101.957715655046755, 2.722790774765955 ] ] ] ] } },
{ "type": "Feature", "properties": { "fid": 65931, "latitude": null, "longitude": null, "area_in_meters": null, "confidence": null, "full_plus_code": null, "fid_2": null, "id": null, "Status": "Complete" }, "geometry": { "type": "MultiPolygon", "coordinates": [ [ [ [ 101.958100077490784, 2.723286233016222 ], [ 101.958133113191877, 2.723247282886285 ], [ 101.958079068276291, 2.723200930817495 ], [ 101.958046032571474, 2.723239880946485 ], [ 101.958100077490784, 2.723286233016222 ] ] ] ] } },
{ "type": "Feature", "properties": { "fid": 65932, "latitude": null, "longitude": null, "area_in_meters": null, "confidence": null, "full_plus_code": null, "fid_2": null, "id": null, "Status": "Complete" }, "geometry": { "type": "MultiPolygon", "coordinates": [ [ [ [ 101.958902557008358, 2.723126556255236 ], [ 101.958979715226874, 2.723066397113623 ], [ 101.95894133730107, 2.723016623194314 ], [ 101.958864179078446, 2.723076782332106 ], [ 101.958902557008358, 2.723126556255236 ] ] ] ] } },
{ "type": "Feature", "properties": { "fid": 65933, "latitude": null, "longitude": null, "area_in_meters": null, "confidence": null, "full_plus_code": null, "fid_2": null, "id": null, "Status": "Complete" }, "geometry": { "type": "MultiPolygon", "coordinates": [ [ [ [ 101.958840956894775, 2.723678641659454 ], [ 101.958938047728893, 2.723640643841092 ], [ 101.958954189870099, 2.723682351898867 ], [ 101.958857099035981, 2.723720349721631 ], [ 101.958840956894775, 2.723678641659454 ] ] ] ] } },
{ "type": "Feature", "properties": { "fid": 65934, "latitude": null, "longitude": null, "area_in_meters": null, "confidence": null, "full_plus_code": null, "fid_2": null, "id": null, "Status": "Complete" }, "geometry": { "type": "MultiPolygon", "coordinates": [ [ [ [ 101.959162877011536, 2.723904394502326 ], [ 101.959328437687461, 2.72386622749668 ], [ 101.95930216315756, 2.723750976879535 ], [ 101.959136602488698, 2.723789143865222 ], [ 101.959162877011536, 2.723904394502326 ] ] ] ] } },
{ "type": "Feature", "properties": { "fid": 65935, "latitude": null, "longitude": null, "area_in_meters": null, "confidence": null, "full_plus_code": null, "fid_2": null, "id": null, "Status": "Complete" }, "geometry": { "type": "MultiPolygon", "coordinates": [ [ [ [ 101.959717616786634, 2.723716199872392 ], [ 101.95969682201401, 2.723673195851224 ], [ 101.959532468878521, 2.723753559987208 ], [ 101.959539124534899, 2.723767324023999 ], [ 101.959524435188825, 2.723775884776357 ], [ 101.959573593107052, 2.723861179700433 ], [ 101.959638657644319, 2.723823260959942 ], [ 101.959633903454602, 2.723815011866828 ], [ 101.959683494330108, 2.723790763295388 ], [ 101.959690521502438, 2.723806474884614 ], [ 101.959742369076295, 2.723783025675794 ], [ 101.95973464356932, 2.723765752727043 ], [ 101.959740252154802, 2.723763010283309 ], [ 101.95973729825397, 2.723756901555103 ], [ 101.959828351163608, 2.72371840256336 ], [ 101.959810932350436, 2.723676744189566 ], [ 101.959717616786634, 2.723716199872392 ] ] ] ] } },
{ "type": "Feature", "properties": { "fid": 65936, "latitude": null, "longitude": null, "area_in_meters": null, "confidence": null, "full_plus_code": null, "fid_2": null, "id": null, "Status": "Complete" }, "geometry": { "type": "MultiPolygon", "coordinates": [ [ [ [ 101.959653358870113, 2.723512276536488 ], [ 101.959578211893231, 2.723585597179093 ], [ 101.95959265627657, 2.723600567240495 ], [ 101.959559039488326, 2.723623079786929 ], [ 101.95953537496564, 2.723586973450038 ], [ 101.959436143325874, 2.723652739809148 ], [ 101.959463210663415, 2.723694038018122 ], [ 101.959465747740282, 2.723692356555188 ], [ 101.959504854641864, 2.723751407151453 ], [ 101.959677955776712, 2.723635484479696 ], [ 101.959668921888266, 2.723621843498596 ], [ 101.959715359947538, 2.723576534039067 ], [ 101.959653358870113, 2.723512276536488 ] ] ] ] } },
{ "type": "Feature", "properties": { "fid": 65937, "latitude": null, "longitude": null, "area_in_meters": null, "confidence": null, "full_plus_code": null, "fid_2": null, "id": null, "Status": "Complete" }, "geometry": { "type": "MultiPolygon", "coordinates": [ [ [ [ 101.959267214050811, 2.723634962998591 ], [ 101.959300426115163, 2.723613834062614 ], [ 101.959319060261706, 2.723644144810316 ], [ 101.959467922661702, 2.723551603151525 ], [ 101.959448333062824, 2.723519738242649 ], [ 101.959463484935412, 2.723510098885624 ], [ 101.959434716351566, 2.723464371523322 ], [ 101.959472261006027, 2.723443145881652 ], [ 101.95945654545524, 2.723415036173696 ], [ 101.959241492443041, 2.723536615075923 ], [ 101.959257207996544, 2.723564724790402 ], [ 101.959360711610969, 2.723506209652558 ], [ 101.959236090041571, 2.723585491711999 ], [ 101.959267214050811, 2.723634962998591 ] ] ] ] } },
{ "type": "Feature", "properties": { "fid": 65938, "latitude": null, "longitude": null, "area_in_meters": null, "confidence": null, "full_plus_code": null, "fid_2": null, "id": null, "Status": "Complete" }, "geometry": { "type": "MultiPolygon", "coordinates": [ [ [ [ 101.958898654511842, 2.723789552118566 ], [ 101.958899762269752, 2.723794560092109 ], [ 101.95886566226541, 2.723846270626877 ], [ 101.95888576138772, 2.723859673307255 ], [ 101.958902214428818, 2.723890601526526 ], [ 101.959093017921361, 2.723787961482897 ], [ 101.959069670519312, 2.723744073333982 ], [ 101.959046675531383, 2.723756443161628 ], [ 101.958898654511842, 2.723789552118566 ] ] ] ] } },
{ "type": "Feature", "properties": { "fid": 65939, "latitude": null, "longitude": null, "area_in_meters": null, "confidence": null, "full_plus_code": null, "fid_2": null, "id": null, "Status": "Complete" }, "geometry": { "type": "MultiPolygon", "coordinates": [ [ [ [ 101.95883340273835, 2.723750844751597 ], [ 101.958743024075204, 2.723809283014901 ], [ 101.958742137250042, 2.723806015317847 ], [ 101.958703249101916, 2.723816687484085 ], [ 101.958725536898243, 2.723898811644333 ], [ 101.958764425047249, 2.723888139474703 ], [ 101.958761601892377, 2.723877736956626 ], [ 101.958847960062769, 2.723832987995918 ], [ 101.958842974922064, 2.723823259692702 ], [ 101.958850160631087, 2.723829650971167 ], [ 101.958876591864197, 2.723799601381946 ], [ 101.958848737191417, 2.723774826237843 ], [ 101.95883340273835, 2.723750844751597 ] ], [ [ 101.958753231326654, 2.723835075074898 ], [ 101.958750419277223, 2.723836532218765 ], [ 101.958747658599208, 2.723826359910013 ], [ 101.958753231326654, 2.723835075074898 ] ] ] ] } },
{ "type": "Feature", "properties": { "fid": 65940, "latitude": null, "longitude": null, "area_in_meters": null, "confidence": null, "full_plus_code": null, "fid_2": null, "id": null, "Status": "Complete" }, "geometry": { "type": "MultiPolygon", "coordinates": [ [ [ [ 101.958976998829243, 2.723508463189588 ], [ 101.958927891552548, 2.723551826553563 ], [ 101.959027562700371, 2.723665964918859 ], [ 101.959081126682761, 2.723618666121858 ], [ 101.959078462836558, 2.723615615619593 ], [ 101.959080171250136, 2.723586999411534 ], [ 101.959081480674911, 2.723585873612453 ], [ 101.959080319962666, 2.723584508452109 ], [ 101.959080370896942, 2.723583655294627 ], [ 101.959079552571396, 2.723583605892383 ], [ 101.959018350829268, 2.723511624062453 ], [ 101.959013542458393, 2.723515758136152 ], [ 101.959013938843498, 2.723513856018825 ], [ 101.958984112968409, 2.72350757091118 ], [ 101.958981455543466, 2.723504527762216 ], [ 101.95897918524787, 2.723506532508987 ], [ 101.958977476216589, 2.7235061723705 ], [ 101.958976998829243, 2.723508463189588 ] ] ] ] } },
{ "type": "Feature", "properties": { "fid": 65941, "latitude": null, "longitude": null, "area_in_meters": null, "confidence": null, "full_plus_code": null, "fid_2": null, "id": null, "Status": "Complete" }, "geometry": { "type": "MultiPolygon", "coordinates": [ [ [ [ 101.958903651551907, 2.723438251528556 ], [ 101.958903538874921, 2.723438151112866 ], [ 101.958852367014401, 2.723376549388685 ], [ 101.958682643832631, 2.723519116362547 ], [ 101.958744939926248, 2.723594109657204 ], [ 101.958843212022472, 2.723511561370373 ], [ 101.958864891904582, 2.723530882088413 ], [ 101.958915583064922, 2.723473363882127 ], [ 101.95892117958266, 2.723477926532864 ], [ 101.958943105661461, 2.723450730778638 ], [ 101.9589132284665, 2.723426372915951 ], [ 101.958903651551907, 2.723438251528556 ] ] ] ] } },
{ "type": "Feature", "properties": { "fid": 65942, "latitude": null, "longitude": null, "area_in_meters": null, "confidence": null, "full_plus_code": null, "fid_2": null, "id": null, "Status": "Complete" }, "geometry": { "type": "MultiPolygon", "coordinates": [ [ [ [ 101.959168311599029, 2.723169567054878 ], [ 101.959166526153908, 2.723171195720664 ], [ 101.959165501352885, 2.723170328070451 ], [ 101.959159113433373, 2.723177957532729 ], [ 101.95913616082187, 2.723198894683192 ], [ 101.959063777352085, 2.723120054900421 ], [ 101.958975628692059, 2.723201891818784 ], [ 101.959047298378152, 2.72327995414581 ], [ 101.959043796438422, 2.7232831485814 ], [ 101.959097451921764, 2.723342628203957 ], [ 101.959200059386035, 2.723249030652584 ], [ 101.959202939276437, 2.723251468918509 ], [ 101.95920627044535, 2.723247490309905 ], [ 101.959236813915126, 2.723272108102366 ], [ 101.959269459641163, 2.723231150429915 ], [ 101.959189788964807, 2.723166936498171 ], [ 101.95917860087053, 2.723180973196515 ], [ 101.959168311599029, 2.723169567054878 ] ] ] ] } },
{ "type": "Feature", "properties": { "fid": 65943, "latitude": null, "longitude": null, "area_in_meters": null, "confidence": null, "full_plus_code": null, "fid_2": null, "id": null, "Status": "Complete" }, "geometry": { "type": "MultiPolygon", "coordinates": [ [ [ [ 101.958802904943354, 2.723020191478672 ], [ 101.958796101631293, 2.723011601792708 ], [ 101.958835924331993, 2.722974578223547 ], [ 101.958708584848495, 2.722836076416881 ], [ 101.95861257808302, 2.722925334850602 ], [ 101.958739917587067, 2.723063836669061 ], [ 101.958741116962727, 2.723062721597326 ], [ 101.958744488156285, 2.72306697797906 ], [ 101.958802904943354, 2.723020191478672 ] ] ] ] } },
{ "type": "Feature", "properties": { "fid": 65944, "latitude": null, "longitude": null, "area_in_meters": null, "confidence": null, "full_plus_code": null, "fid_2": null, "id": null, "Status": "Complete" }, "geometry": { "type": "MultiPolygon", "coordinates": [ [ [ [ 101.958385913274427, 2.722754693828113 ], [ 101.95831131982537, 2.722822325866999 ], [ 101.958248518357706, 2.722763302614146 ], [ 101.958180701569162, 2.722836269137824 ], [ 101.958381050356522, 2.723024564676543 ], [ 101.958448867118904, 2.722951598143379 ], [ 101.958427728954575, 2.722931731677445 ], [ 101.958492221234181, 2.722873258102428 ], [ 101.958385913274427, 2.722754693828113 ] ] ] ] } },
{ "type": "Feature", "properties": { "fid": 65945, "latitude": null, "longitude": null, "area_in_meters": null, "confidence": null, "full_plus_code": null, "fid_2": null, "id": null, "Status": "Complete" }, "geometry": { "type": "MultiPolygon", "coordinates": [ [ [ [ 101.958219966018163, 2.723109244775456 ], [ 101.958194030360573, 2.723084841613283 ], [ 101.958225393525595, 2.7230482701119 ], [ 101.958109189732284, 2.722947498719324 ], [ 101.958081892155008, 2.722979329470153 ], [ 101.958071641082526, 2.722969684116707 ], [ 101.958034245539423, 2.723009873439278 ], [ 101.958049132901976, 2.723023881131406 ], [ 101.958031013813169, 2.723043197334308 ], [ 101.958137278446912, 2.723143993269742 ], [ 101.958155801278195, 2.723124246643995 ], [ 101.958182570485747, 2.723149434101911 ], [ 101.958219966018163, 2.723109244775456 ] ] ] ] } },
{ "type": "Feature", "properties": { "fid": 65946, "latitude": null, "longitude": null, "area_in_meters": null, "confidence": null, "full_plus_code": null, "fid_2": null, "id": null, "Status": "Complete" }, "geometry": { "type": "MultiPolygon", "coordinates": [ [ [ [ 101.957741214085772, 2.723308219062115 ], [ 101.957808774873399, 2.723388010492123 ], [ 101.957839614224099, 2.723361605668148 ], [ 101.957914649131482, 2.723328890979869 ], [ 101.957849120834467, 2.723176910043527 ], [ 101.957757970245709, 2.723216651039021 ], [ 101.957782287910035, 2.723273051431599 ], [ 101.957741214085772, 2.723308219062115 ] ] ] ] } },
{ "type": "Feature", "properties": { "fid": 65947, "latitude": null, "longitude": null, "area_in_meters": null, "confidence": null, "full_plus_code": null, "fid_2": null, "id": null, "Status": "Complete" }, "geometry": { "type": "MultiPolygon", "coordinates": [ [ [ [ 101.957910644347749, 2.723213851711365 ], [ 101.957927610618199, 2.723197515311187 ], [ 101.957933545122913, 2.723197862285278 ], [ 101.957930894507371, 2.723197808254112 ], [ 101.957930008333719, 2.723241768589904 ], [ 101.957918876756835, 2.723251143395123 ], [ 101.957979795148432, 2.723324288021414 ], [ 101.958023373031338, 2.723287587539544 ], [ 101.957985676192806, 2.723242324997935 ], [ 101.958001719538444, 2.7232576020569 ], [ 101.958033836627621, 2.72322349603695 ], [ 101.958035221227973, 2.723225022420502 ], [ 101.958093172098913, 2.723171865423317 ], [ 101.958047536101944, 2.723121556294144 ], [ 101.958055026898833, 2.723116244554743 ], [ 101.958002295205929, 2.723041047169408 ], [ 101.957928430953316, 2.723093424452921 ], [ 101.957957091801688, 2.723134295904415 ], [ 101.957915874985659, 2.723173982550414 ], [ 101.957915643019646, 2.723173968987997 ], [ 101.957915628513689, 2.723174219872138 ], [ 101.9578933410655, 2.723195679901112 ], [ 101.957910644347749, 2.723213851711365 ] ] ] ] } },
{ "type": "Feature", "properties": { "fid": 65948, "latitude": null, "longitude": null, "area_in_meters": null, "confidence": null, "full_plus_code": null, "fid_2": null, "id": null, "Status": "Complete" }, "geometry": { "type": "MultiPolygon", "coordinates": [ [ [ [ 101.957653170134947, 2.722984912818726 ], [ 101.957626048800208, 2.722960748507242 ], [ 101.957584524307208, 2.72290881470033 ], [ 101.957529415049123, 2.722953371961085 ], [ 101.957541192662831, 2.722968101973564 ], [ 101.957468911415162, 2.723050137501137 ], [ 101.957630499471392, 2.723194107684359 ], [ 101.95774372889683, 2.723065598011813 ], [ 101.957733315949014, 2.723056320381601 ], [ 101.957755999998398, 2.723031660380645 ], [ 101.9576774119855, 2.722958559325701 ], [ 101.957653170134947, 2.722984912818726 ] ] ] ] } },
{ "type": "Feature", "properties": { "fid": 65949, "latitude": null, "longitude": null, "area_in_meters": null, "confidence": null, "full_plus_code": null, "fid_2": null, "id": null, "Status": "Complete" }, "geometry": { "type": "MultiPolygon", "coordinates": [ [ [ [ 101.95732180017086, 2.722960188681626 ], [ 101.957270876194457, 2.722886227089207 ], [ 101.957271172912115, 2.722885960552726 ], [ 101.957269037848704, 2.722883557089951 ], [ 101.957268614090694, 2.722882941627074 ], [ 101.95726853810919, 2.722882994528053 ], [ 101.957258647803201, 2.722871860909206 ], [ 101.957183949567181, 2.722938961074254 ], [ 101.957182456843498, 2.722938179109982 ], [ 101.957180399914691, 2.722942149667196 ], [ 101.957159472766477, 2.722960948171336 ], [ 101.957171997877424, 2.722975047816133 ], [ 101.957175480265334, 2.722971919645716 ], [ 101.957215760054211, 2.722993020238051 ], [ 101.957219383754804, 2.722997081354426 ], [ 101.957220900321076, 2.722995712970034 ], [ 101.957347505837234, 2.723062035348055 ], [ 101.957353851440274, 2.723071251653149 ], [ 101.957358680737585, 2.723067889326521 ], [ 101.957373999324645, 2.723075913977834 ], [ 101.957389236652361, 2.723046500847201 ], [ 101.957376709414419, 2.723039938445467 ], [ 101.957339927102296, 2.722986516097697 ], [ 101.957344122193575, 2.722978317435373 ], [ 101.957403749116381, 2.723048077270685 ], [ 101.95757125851128, 2.722903294787348 ], [ 101.957469483472252, 2.722784224233894 ], [ 101.957301974050779, 2.722929006698507 ], [ 101.957334039776399, 2.722966521626881 ], [ 101.95732180017086, 2.722960188681626 ] ] ] ] } },
{ "type": "Feature", "properties": { "fid": 65950, "latitude": null, "longitude": null, "area_in_meters": null, "confidence": null, "full_plus_code": null, "fid_2": null, "id": null, "Status": "Complete" }, "geometry": { "type": "MultiPolygon", "coordinates": [ [ [ [ 101.957511762895919, 2.722508092560601 ], [ 101.957478124322847, 2.72247279975692 ], [ 101.957537981310551, 2.72242123341815 ], [ 101.957436162819022, 2.7223017203217 ], [ 101.957167264231629, 2.722533374338756 ], [ 101.957269082765677, 2.722652887465437 ], [ 101.957277311225468, 2.72264579871003 ], [ 101.957321156916606, 2.722691800575377 ], [ 101.957511762895919, 2.722508092560601 ] ] ] ] } },
{ "type": "Feature", "properties": { "fid": 65951, "latitude": null, "longitude": null, "area_in_meters": null, "confidence": null, "full_plus_code": null, "fid_2": null, "id": null, "Status": "Complete" }, "geometry": { "type": "MultiPolygon", "coordinates": [ [ [ [ 101.957819527787763, 2.722364074563105 ], [ 101.95777105009131, 2.722410836494247 ], [ 101.957811260538961, 2.722452989507836 ], [ 101.957710283778454, 2.722543065742649 ], [ 101.957678522940256, 2.722508791558177 ], [ 101.957557320532516, 2.722622364833197 ], [ 101.957620687398389, 2.722690746134192 ], [ 101.957629753089464, 2.722682251085113 ], [ 101.95764696856196, 2.722695111075792 ], [ 101.957609215304444, 2.722739758693678 ], [ 101.957632752648991, 2.722759884513402 ], [ 101.957671823978572, 2.722713678119255 ], [ 101.957708616918637, 2.722741162515431 ], [ 101.957728842232669, 2.722764089476599 ], [ 101.958085877372568, 2.722445596474687 ], [ 101.957968590878707, 2.722312643109757 ], [ 101.957861551013551, 2.722408127932008 ], [ 101.957819527787763, 2.722364074563105 ] ] ] ] } },
{ "type": "Feature", "properties": { "fid": 65952, "latitude": null, "longitude": null, "area_in_meters": null, "confidence": null, "full_plus_code": null, "fid_2": null, "id": null, "Status": "Complete" }, "geometry": { "type": "MultiPolygon", "coordinates": [ [ [ [ 101.957708246833164, 2.722274224693531 ], [ 101.9577420875775, 2.722308739129952 ], [ 101.95780047735019, 2.722250847434416 ], [ 101.957767370014409, 2.722217081005147 ], [ 101.957770535594747, 2.722200959026659 ], [ 101.957775100060331, 2.722206534405184 ], [ 101.957828973712836, 2.722161934649348 ], [ 101.957743683820937, 2.722057755214441 ], [ 101.957735582884865, 2.722064461640767 ], [ 101.957718251191508, 2.722044491599318 ], [ 101.957550747263724, 2.722191495004203 ], [ 101.957647488331475, 2.722302962642216 ], [ 101.957680798599654, 2.722273729153583 ], [ 101.957708246833164, 2.722274224693531 ] ] ] ] } },
{ "type": "Feature", "properties": { "fid": 65953, "latitude": null, "longitude": null, "area_in_meters": null, "confidence": null, "full_plus_code": null, "fid_2": null, "id": null, "Status": "Complete" }, "geometry": { "type": "MultiPolygon", "coordinates": [ [ [ [ 101.957719713723179, 2.721981834263894 ], [ 101.957719203794341, 2.721982299518608 ], [ 101.95788207325343, 2.722162808502643 ], [ 101.957864684793748, 2.722178801020959 ], [ 101.957898680725691, 2.722216178636254 ], [ 101.957996748577301, 2.72212598363984 ], [ 101.9579627526509, 2.722088606027827 ], [ 101.957957349743239, 2.722093575191353 ], [ 101.95787910271514, 2.722006853638856 ], [ 101.957948819682429, 2.721945085419805 ], [ 101.957903428723341, 2.72189327902518 ], [ 101.957843561552579, 2.721946320461052 ], [ 101.95777387780808, 2.721878425474735 ], [ 101.95777744724387, 2.721864439535735 ], [ 101.957775129121075, 2.721863841282493 ], [ 101.957775235829274, 2.72186333446131 ], [ 101.957763406543435, 2.721860815959551 ], [ 101.957747610759824, 2.721856739437473 ], [ 101.957747438038723, 2.721857416201716 ], [ 101.957728828638835, 2.721853454186849 ], [ 101.957721362181573, 2.721888916859768 ], [ 101.957703990200073, 2.72190990823111 ], [ 101.95770397918514, 2.721909900196056 ], [ 101.957703859187944, 2.721910066539151 ], [ 101.957693657358547, 2.721922393882994 ], [ 101.957694473652737, 2.721923077001106 ], [ 101.95769256113509, 2.721925728180553 ], [ 101.957731854912367, 2.721954391774785 ], [ 101.957711448938113, 2.721972323875138 ], [ 101.957719713723179, 2.721981834263894 ] ], [ [ 101.957758581503867, 2.72194600086341 ], [ 101.957758778018885, 2.72194619233395 ], [ 101.957757328715232, 2.721947514666233 ], [ 101.957758581503867, 2.72194600086341 ] ] ] ] } },
{ "type": "Feature", "properties": { "fid": 65954, "latitude": null, "longitude": null, "area_in_meters": null, "confidence": null, "full_plus_code": null, "fid_2": null, "id": null, "Status": "Complete" }, "geometry": { "type": "MultiPolygon", "coordinates": [ [ [ [ 101.958320448588012, 2.722096824941397 ], [ 101.958285008924406, 2.722135267006944 ], [ 101.958413499845506, 2.722255050131799 ], [ 101.958399710958616, 2.722273482832128 ], [ 101.958436711763781, 2.722301472111955 ], [ 101.958470835539046, 2.722255856146937 ], [ 101.958437729148443, 2.722230812797567 ], [ 101.958449953235302, 2.722217553097643 ], [ 101.958441661657119, 2.722209823437226 ], [ 101.958486076900215, 2.722165865586273 ], [ 101.958380900534422, 2.72205840375122 ], [ 101.958331587484068, 2.722107208957808 ], [ 101.958320448588012, 2.722096824941397 ] ] ], [ [ [ 101.958499068424857, 2.722174018733451 ], [ 101.958449486432102, 2.722220783380964 ], [ 101.958470805720879, 2.72224364038902 ], [ 101.958520387711843, 2.722196875740514 ], [ 101.958499068424857, 2.722174018733451 ] ] ] ] } },
{ "type": "Feature", "properties": { "fid": 65955, "latitude": null, "longitude": null, "area_in_meters": null, "confidence": null, "full_plus_code": null, "fid_2": null, "id": null, "Status": "Complete" }, "geometry": { "type": "MultiPolygon", "coordinates": [ [ [ [ 101.959498864213259, 2.722655329736291 ], [ 101.959585972365844, 2.72259958816521 ], [ 101.959529912733359, 2.722511001165564 ], [ 101.959442804575716, 2.722566742728473 ], [ 101.959498864213259, 2.722655329736291 ] ] ] ] } },
{ "type": "Feature", "properties": { "fid": 65956, "latitude": null, "longitude": null, "area_in_meters": null, "confidence": null, "full_plus_code": null, "fid_2": null, "id": null, "Status": "Complete" }, "geometry": { "type": "MultiPolygon", "coordinates": [ [ [ [ 101.959658389877418, 2.72285927309506 ], [ 101.959564124008139, 2.722697368676011 ], [ 101.959503013159022, 2.722733348079295 ], [ 101.959597279033375, 2.722895252508968 ], [ 101.959658389877418, 2.72285927309506 ] ] ] ] } },
{ "type": "Feature", "properties": { "fid": 65957, "latitude": null, "longitude": null, "area_in_meters": null, "confidence": null, "full_plus_code": null, "fid_2": null, "id": null, "Status": "Complete" }, "geometry": { "type": "MultiPolygon", "coordinates": [ [ [ [ 101.960960951272199, 2.722621733913443 ], [ 101.961030536169602, 2.722626004095899 ], [ 101.961033065925804, 2.72258431836661 ], [ 101.960963481031101, 2.722580048181678 ], [ 101.960960951272199, 2.722621733913443 ] ] ] ] } },
{ "type": "Feature", "properties": { "fid": 65958, "latitude": null, "longitude": null, "area_in_meters": null, "confidence": null, "full_plus_code": null, "fid_2": null, "id": null, "Status": "Complete" }, "geometry": { "type": "MultiPolygon", "coordinates": [ [ [ [ 101.960815462067359, 2.722286713980017 ], [ 101.960882816549571, 2.72228210548086 ], [ 101.960885275393125, 2.722318444895488 ], [ 101.960817920909207, 2.72232305339699 ], [ 101.960815462067359, 2.722286713980017 ] ] ] ] } },
{ "type": "Feature", "properties": { "fid": 65959, "latitude": null, "longitude": null, "area_in_meters": null, "confidence": null, "full_plus_code": null, "fid_2": null, "id": null, "Status": "Complete" }, "geometry": { "type": "MultiPolygon", "coordinates": [ [ [ [ 101.959603026361947, 2.722347455966551 ], [ 101.959668736922509, 2.72212185632843 ], [ 101.959761831786992, 2.722149276043039 ], [ 101.959696121253387, 2.722374875668781 ], [ 101.959603026361947, 2.722347455966551 ] ] ] ] } },
{ "type": "Feature", "properties": { "fid": 65960, "latitude": null, "longitude": null, "area_in_meters": null, "confidence": null, "full_plus_code": null, "fid_2": null, "id": null, "Status": "Complete" }, "geometry": { "type": "MultiPolygon", "coordinates": [ [ [ [ 101.95923570661418, 2.722071841138352 ], [ 101.959282879208928, 2.721942903276161 ], [ 101.959394035049939, 2.721984026021003 ], [ 101.959346862474945, 2.72211296387627 ], [ 101.95923570661418, 2.722071841138352 ] ] ] ] } },
{ "type": "Feature", "properties": { "fid": 65961, "latitude": null, "longitude": null, "area_in_meters": null, "confidence": null, "full_plus_code": null, "fid_2": null, "id": null, "Status": "Complete" }, "geometry": { "type": "MultiPolygon", "coordinates": [ [ [ [ 101.959545774366703, 2.721966685872877 ], [ 101.959549738765944, 2.722000825001081 ], [ 101.959472908905383, 2.72197575000556 ], [ 101.959451935353357, 2.722040733285377 ], [ 101.959438855692923, 2.722035809670411 ], [ 101.959425921798939, 2.722070553858814 ], [ 101.959301215812417, 2.722216048217556 ], [ 101.959350147232882, 2.722258458319548 ], [ 101.959372349821962, 2.72223255457626 ], [ 101.959433835569854, 2.722255699824898 ], [ 101.959442748539914, 2.722231756998495 ], [ 101.959454777566563, 2.722238990179025 ], [ 101.959552978962392, 2.722073847535424 ], [ 101.959573471674688, 2.72208053574968 ], [ 101.959592121437254, 2.722022752344158 ], [ 101.959630103840709, 2.722018292207728 ], [ 101.959623057224874, 2.721957610830326 ], [ 101.959545774366703, 2.721966685872877 ] ], [ [ 101.959500695518784, 2.722056783768168 ], [ 101.959499575824466, 2.722058666727741 ], [ 101.959454664122688, 2.722041760484023 ], [ 101.959500695518784, 2.722056783768168 ] ] ] ] } },
{ "type": "Feature", "properties": { "fid": 65962, "latitude": null, "longitude": null, "area_in_meters": null, "confidence": null, "full_plus_code": null, "fid_2": null, "id": null, "Status": "Complete" }, "geometry": { "type": "MultiPolygon", "coordinates": [ [ [ [ 101.960032901971786, 2.722317505535902 ], [ 101.959993894092406, 2.722316817388654 ], [ 101.959993860786398, 2.722303180179869 ], [ 101.959908825785874, 2.72230339018248 ], [ 101.959908900030655, 2.722333790721577 ], [ 101.959896473209625, 2.72233238994188 ], [ 101.959889178005085, 2.722397833644382 ], [ 101.959995225512415, 2.722409787555653 ], [ 101.960002520709907, 2.722344343858728 ], [ 101.959993958962983, 2.722343378759027 ], [ 101.959993937542123, 2.722334607949641 ], [ 101.960032591712178, 2.722335289856395 ], [ 101.960032901971786, 2.722317505535902 ] ] ] ] } },
{ "type": "Feature", "properties": { "fid": 65963, "latitude": null, "longitude": null, "area_in_meters": null, "confidence": null, "full_plus_code": null, "fid_2": null, "id": null, "Status": "Complete" }, "geometry": { "type": "MultiPolygon", "coordinates": [ [ [ [ 101.960012381288536, 2.722131813172052 ], [ 101.960029298275444, 2.722134762888316 ], [ 101.960027423155935, 2.722157927955637 ], [ 101.959950389725563, 2.722138929296237 ], [ 101.959918680866892, 2.722268939455466 ], [ 101.960007126805564, 2.722290752756684 ], [ 101.960021412915722, 2.722232177953015 ], [ 101.96001593966183, 2.72229979406709 ], [ 101.96009446792803, 2.722306221849411 ], [ 101.960107246663853, 2.722148354293825 ], [ 101.960121721896655, 2.722150878255677 ], [ 101.96012449779559, 2.722197158292909 ], [ 101.960159250274117, 2.72219505045746 ], [ 101.960151191650439, 2.722060696416909 ], [ 101.960128974777803, 2.722062043929932 ], [ 101.960119126899357, 2.722060326812047 ], [ 101.960120136953648, 2.722006357211871 ], [ 101.960068229780276, 2.722005374865654 ], [ 101.96006737023508, 2.722051302300377 ], [ 101.960035616545341, 2.722045765592254 ], [ 101.960046153622471, 2.722009871495222 ], [ 101.959994211190974, 2.721994452361001 ], [ 101.959981510889889, 2.722037715378212 ], [ 101.960026313445766, 2.722051015035257 ], [ 101.960012381288536, 2.722131813172052 ] ] ] ] } },
{ "type": "Feature", "properties": { "fid": 65964, "latitude": null, "longitude": null, "area_in_meters": null, "confidence": null, "full_plus_code": null, "fid_2": null, "id": null, "Status": "Complete" }, "geometry": { "type": "MultiPolygon", "coordinates": [ [ [ [ 101.960395752230767, 2.722743588192539 ], [ 101.96046314707354, 2.722728463924412 ], [ 101.960461387199047, 2.722720533909495 ], [ 101.960517617939544, 2.722718005507809 ], [ 101.960516302406276, 2.722788301123691 ], [ 101.960568209593191, 2.722789283413212 ], [ 101.960568877427576, 2.722753597551206 ], [ 101.960635466440806, 2.722744696131144 ], [ 101.960633685459143, 2.722731223799043 ], [ 101.960671874730309, 2.722730169318275 ], [ 101.960671350340334, 2.722710965077675 ], [ 101.960696297658799, 2.722709398009923 ], [ 101.960691514273819, 2.722632394341467 ], [ 101.960611019353081, 2.722637450630543 ], [ 101.960608350478722, 2.722577430601332 ], [ 101.960617516407453, 2.722576995202318 ], [ 101.960617286071297, 2.722572091871605 ], [ 101.96064608398143, 2.722570317011851 ], [ 101.960640331625328, 2.722475936346373 ], [ 101.960612848690033, 2.722477630159834 ], [ 101.960612720158991, 2.722474894027617 ], [ 101.960611576235038, 2.722474948366071 ], [ 101.960607032922042, 2.722407165869444 ], [ 101.960579530623264, 2.722409029946859 ], [ 101.96057857131315, 2.722392846299329 ], [ 101.960462630821908, 2.722399795859593 ], [ 101.960464570258765, 2.722432514382367 ], [ 101.960387259093608, 2.722404377159674 ], [ 101.960375667115088, 2.72243658478817 ], [ 101.960374034016226, 2.722415515108553 ], [ 101.960315514297349, 2.722420101767292 ], [ 101.96031675382747, 2.722436093767508 ], [ 101.960259254814559, 2.722445782879387 ], [ 101.960260675471602, 2.722454308102286 ], [ 101.960047268325553, 2.722466295978744 ], [ 101.960049755736677, 2.722511072876197 ], [ 101.959920433438185, 2.722534351482025 ], [ 101.95995066591918, 2.722704187696913 ], [ 101.960024046780077, 2.722690978794291 ], [ 101.960060200116786, 2.722787206786532 ], [ 101.960129214686361, 2.722760987078709 ], [ 101.960159771847984, 2.722759270560526 ], [ 101.960196276728553, 2.722885707679168 ], [ 101.960269528711422, 2.722864321372266 ], [ 101.960276929613755, 2.722899945305031 ], [ 101.960346468446232, 2.722885336646124 ], [ 101.960326125353362, 2.722787416043116 ], [ 101.960398123327892, 2.722783040439841 ], [ 101.960395752230767, 2.722743588192539 ] ], [ [ 101.960465625141893, 2.722481881306518 ], [ 101.960467231922721, 2.722477416959387 ], [ 101.96046749129863, 2.722481792660703 ], [ 101.960465625141893, 2.722481881306518 ] ], [ [ 101.96024919534139, 2.722766447549063 ], [ 101.960245729102141, 2.722754441997211 ], [ 101.960246689964322, 2.722754388021733 ], [ 101.96024919534139, 2.722766447549063 ] ], [ [ 101.96031747140357, 2.722745760627794 ], [ 101.960319428261798, 2.7227459785022 ], [ 101.960320206366418, 2.722758925253858 ], [ 101.96031747140357, 2.722745760627794 ] ], [ [ 101.960464852415726, 2.722484028281288 ], [ 101.960465076645775, 2.72248880163876 ], [ 101.960462828539349, 2.722489651504145 ], [ 101.960464852415726, 2.722484028281288 ] ] ] ] } },
{ "type": "Feature", "properties": { "fid": 65965, "latitude": null, "longitude": null, "area_in_meters": null, "confidence": null, "full_plus_code": null, "fid_2": null, "id": null, "Status": "Complete" }, "geometry": { "type": "MultiPolygon", "coordinates": [ [ [ [ 101.960108913957029, 2.722385075143126 ], [ 101.960136983251957, 2.722384776328937 ], [ 101.960142169245586, 2.722436077317544 ], [ 101.960275763107461, 2.722422421009199 ], [ 101.960269783496713, 2.722363269443201 ], [ 101.960246061412192, 2.722365694374441 ], [ 101.960248952186404, 2.722296997527705 ], [ 101.96018129539739, 2.722294118606587 ], [ 101.960180471613029, 2.722292724548477 ], [ 101.960178348500207, 2.722293993210679 ], [ 101.960174952573283, 2.722293848707727 ], [ 101.960174858742747, 2.722296078508895 ], [ 101.960113320780152, 2.722332850406456 ], [ 101.960108364715367, 2.722332903166452 ], [ 101.960108395145639, 2.722335793710395 ], [ 101.960107690263001, 2.722336214911729 ], [ 101.960108412445749, 2.722337437033414 ], [ 101.960108913957029, 2.722385075143126 ] ] ] ] } },
{ "type": "Feature", "properties": { "fid": 65966, "latitude": null, "longitude": null, "area_in_meters": null, "confidence": null, "full_plus_code": null, "fid_2": null, "id": null, "Status": "Complete" }, "geometry": { "type": "MultiPolygon", "coordinates": [ [ [ [ 101.960786308209748, 2.722558412333615 ], [ 101.960786312029569, 2.722559975830601 ], [ 101.960824964280718, 2.722559880338348 ], [ 101.960824864115509, 2.722518882084921 ], [ 101.960829273153223, 2.722515448582369 ], [ 101.960824841668142, 2.722509694236825 ], [ 101.960824825908617, 2.722503243763929 ], [ 101.960819883490927, 2.722503255974157 ], [ 101.960789741653286, 2.722464116375153 ], [ 101.960863375056377, 2.722460948473318 ], [ 101.960858626061238, 2.722349327687581 ], [ 101.960829669650167, 2.722350573465283 ], [ 101.960829937984684, 2.722335541441727 ], [ 101.960775822130017, 2.72233456459863 ], [ 101.960775494751445, 2.722352904205811 ], [ 101.960721700243539, 2.722355218580968 ], [ 101.960722533065237, 2.722374793342559 ], [ 101.960685242820276, 2.722379327407075 ], [ 101.960703249969356, 2.722529086253985 ], [ 101.960669174952443, 2.722529170433862 ], [ 101.960669283474658, 2.722573591282812 ], [ 101.960721187931981, 2.722573463054496 ], [ 101.960721170511007, 2.722566332339244 ], [ 101.960786308209748, 2.722558412333615 ] ] ] ] } },
{ "type": "Feature", "properties": { "fid": 65967, "latitude": null, "longitude": null, "area_in_meters": null, "confidence": null, "full_plus_code": null, "fid_2": null, "id": null, "Status": "Complete" }, "geometry": { "type": "MultiPolygon", "coordinates": [ [ [ [ 101.960589637593642, 2.722067387268849 ], [ 101.960547672300393, 2.722067490919123 ], [ 101.960547791300442, 2.722116210565022 ], [ 101.960523501376954, 2.722118634909957 ], [ 101.960530295653328, 2.722187470869074 ], [ 101.960545687678717, 2.722185934610537 ], [ 101.96054363194331, 2.722221864298384 ], [ 101.960589169140604, 2.722224498931222 ], [ 101.960587933437793, 2.722273949688396 ], [ 101.960590882448145, 2.722274024205544 ], [ 101.960589127307657, 2.722310594163744 ], [ 101.960741546590455, 2.722317991351825 ], [ 101.960746146149717, 2.722222155060316 ], [ 101.960869447696368, 2.722234385814339 ], [ 101.960870566446189, 2.722222980981676 ], [ 101.960884881462363, 2.72222324241096 ], [ 101.960886827012914, 2.722115516416712 ], [ 101.960825310825811, 2.722114392965739 ], [ 101.96082606608411, 2.722106782285479 ], [ 101.960728858901078, 2.722097027647538 ], [ 101.960727268309356, 2.722113055904655 ], [ 101.96063175761509, 2.722120826214056 ], [ 101.960631930110139, 2.722113923241899 ], [ 101.960609639880261, 2.722113359997368 ], [ 101.96060931514458, 2.722110069952025 ], [ 101.960589746620229, 2.722112023060395 ], [ 101.960589637593642, 2.722067387268849 ] ] ] ] } },
{ "type": "Feature", "properties": { "fid": 65968, "latitude": null, "longitude": null, "area_in_meters": null, "confidence": null, "full_plus_code": null, "fid_2": null, "id": null, "Status": "Complete" }, "geometry": { "type": "MultiPolygon", "coordinates": [ [ [ [ 101.96089956353039, 2.722808454237002 ], [ 101.960984511655127, 2.722772707456383 ], [ 101.960979036343616, 2.722759550189518 ], [ 101.961063967869464, 2.722749190048099 ], [ 101.961059430782541, 2.722711578582861 ], [ 101.961053142838097, 2.722712345600461 ], [ 101.961048308880265, 2.722668160229696 ], [ 101.960850071164813, 2.722690090817542 ], [ 101.960849577436107, 2.722689751275757 ], [ 101.960849287562411, 2.722690177505694 ], [ 101.9608429540488, 2.722690878167908 ], [ 101.960843765669139, 2.722698296890955 ], [ 101.960826800509281, 2.722723242441705 ], [ 101.960822094031045, 2.722719402729177 ], [ 101.960763739838413, 2.72279173121268 ], [ 101.960821227929486, 2.722838632039877 ], [ 101.96083847024353, 2.722817260643041 ], [ 101.960898418308659, 2.722805702249449 ], [ 101.96089956353039, 2.722808454237002 ] ], [ [ 101.960894050656378, 2.722734593186526 ], [ 101.960893891950235, 2.722733760826095 ], [ 101.960897866798163, 2.722733321097528 ], [ 101.960894050656378, 2.722734593186526 ] ] ] ] } },
{ "type": "Feature", "properties": { "fid": 65969, "latitude": null, "longitude": null, "area_in_meters": null, "confidence": null, "full_plus_code": null, "fid_2": null, "id": null, "Status": "Complete" }, "geometry": { "type": "MultiPolygon", "coordinates": [ [ [ [ 101.959968475380705, 2.722917541682855 ], [ 101.959938140650138, 2.7229297646509 ], [ 101.959878536733356, 2.722803503015052 ], [ 101.959761611126723, 2.722859318256553 ], [ 101.959761944153172, 2.722860023721391 ], [ 101.959686080037855, 2.722892520571202 ], [ 101.959747172007454, 2.723036738427867 ], [ 101.959840095816574, 2.722996933940543 ], [ 101.95983478819609, 2.722984404411824 ], [ 101.959869447336629, 2.722967859627609 ], [ 101.959905145808889, 2.72305744825227 ], [ 101.960007750104737, 2.72301610523247 ], [ 101.959968475380705, 2.722917541682855 ] ] ] ] } },
{ "type": "Feature", "properties": { "fid": 65970, "latitude": null, "longitude": null, "area_in_meters": null, "confidence": null, "full_plus_code": null, "fid_2": null, "id": null, "Status": "Complete" }, "geometry": { "type": "MultiPolygon", "coordinates": [ [ [ [ 101.96071658327935, 2.722948832852244 ], [ 101.960716589487049, 2.722951373359467 ], [ 101.960639303164172, 2.722959018547002 ], [ 101.960639667657603, 2.722962744556455 ], [ 101.960570626689787, 2.722977649792492 ], [ 101.960569772490572, 2.722976958787635 ], [ 101.960568925967081, 2.722978016961061 ], [ 101.96056867085332, 2.722978072037503 ], [ 101.960568715313187, 2.722978280283168 ], [ 101.960527934693829, 2.723029256975651 ], [ 101.960529550091636, 2.723030563752386 ], [ 101.960503883827371, 2.723087330873931 ], [ 101.960497156683132, 2.723088191008625 ], [ 101.960547832107366, 2.723488966422102 ], [ 101.960896779671359, 2.723444349752319 ], [ 101.960846703847338, 2.723048317157551 ], [ 101.960847915090085, 2.723048133496191 ], [ 101.96084333399547, 2.723017582727514 ], [ 101.960843751822821, 2.723017371354391 ], [ 101.960843109892593, 2.723016088212348 ], [ 101.960842636617699, 2.723012931999073 ], [ 101.960841608865294, 2.723013087837665 ], [ 101.960814421984395, 2.722958744502466 ], [ 101.960814889462455, 2.722956363645196 ], [ 101.960813047973986, 2.722955998019388 ], [ 101.9608126780481, 2.722955258581633 ], [ 101.960811732625075, 2.722955736858097 ], [ 101.96076516927215, 2.722946491748092 ], [ 101.960764732959163, 2.722948713881626 ], [ 101.96071658327935, 2.722948832852244 ] ] ] ] } },
{ "type": "Feature", "properties": { "fid": 65971, "latitude": null, "longitude": null, "area_in_meters": null, "confidence": null, "full_plus_code": null, "fid_2": null, "id": null, "Status": "Complete" }, "geometry": { "type": "MultiPolygon", "coordinates": [ [ [ [ 101.960788228443036, 2.723522967067833 ], [ 101.960790744046818, 2.723522800719809 ], [ 101.960792029388145, 2.723543889332955 ], [ 101.960904656892936, 2.723536947810944 ], [ 101.960903371514604, 2.723515858620709 ], [ 101.960866653703675, 2.723518121632874 ], [ 101.96086669552794, 2.723517778315677 ], [ 101.960875458591758, 2.723517198845108 ], [ 101.960872470581236, 2.723471506224626 ], [ 101.960785240435314, 2.723477274443538 ], [ 101.960788228443036, 2.723522967067833 ] ], [ [ 101.960791012591486, 2.723522782961895 ], [ 101.960791012514733, 2.723522783591918 ], [ 101.960790873449994, 2.723522792162832 ], [ 101.960791012591486, 2.723522782961895 ] ] ] ] } },
{ "type": "Feature", "properties": { "fid": 65972, "latitude": null, "longitude": null, "area_in_meters": null, "confidence": null, "full_plus_code": null, "fid_2": null, "id": null, "Status": "Complete" }, "geometry": { "type": "MultiPolygon", "coordinates": [ [ [ [ 101.960070136041438, 2.723442029587403 ], [ 101.960071789000125, 2.723441205453395 ], [ 101.960087333867264, 2.723496767475563 ], [ 101.960132724698994, 2.723483925948958 ], [ 101.96014370192772, 2.723515507183809 ], [ 101.960243046964422, 2.723480589185308 ], [ 101.960281259775712, 2.723506331110351 ], [ 101.960281729582988, 2.723508502959142 ], [ 101.960399832762519, 2.723482668975876 ], [ 101.960379678054707, 2.723389496806159 ], [ 101.960282967441358, 2.723410651353905 ], [ 101.960421595984641, 2.723371395783718 ], [ 101.960408279518376, 2.723323842574259 ], [ 101.960198596595717, 2.723383218667522 ], [ 101.960204828220071, 2.723405471858001 ], [ 101.96013112502051, 2.723431377204569 ], [ 101.960126274505285, 2.723414040008846 ], [ 101.960146244040217, 2.723404083575624 ], [ 101.960124548069103, 2.723360080525555 ], [ 101.960048440069428, 2.723398026533688 ], [ 101.960070136041438, 2.723442029587403 ] ] ], [ [ [ 101.960057445929635, 2.723393158983481 ], [ 101.960142367032716, 2.72334630697324 ], [ 101.96012443410882, 2.723313438611677 ], [ 101.960039513004574, 2.723360290618899 ], [ 101.960057445929635, 2.723393158983481 ] ] ] ] } },
{ "type": "Feature", "properties": { "fid": 65973, "latitude": null, "longitude": null, "area_in_meters": null, "confidence": null, "full_plus_code": null, "fid_2": null, "id": null, "Status": "Complete" }, "geometry": { "type": "MultiPolygon", "coordinates": [ [ [ [ 101.960241284925672, 2.723535688953024 ], [ 101.960239799832124, 2.723535516979302 ], [ 101.96023974537195, 2.723535992544564 ], [ 101.960237603345064, 2.723536414940505 ], [ 101.960236315449222, 2.723516081059108 ], [ 101.960213281501453, 2.723517556317199 ], [ 101.960216727523928, 2.723571963692349 ], [ 101.960239761472593, 2.723570488433062 ], [ 101.960239148114155, 2.723560804452984 ], [ 101.960249653003814, 2.723558732946191 ], [ 101.960249828219261, 2.72355966608935 ], [ 101.960302535974918, 2.723549658300015 ], [ 101.96032513830373, 2.723637693960175 ], [ 101.960284266646539, 2.723642870614321 ], [ 101.960288553838978, 2.723677098977428 ], [ 101.960240201134937, 2.723687400637128 ], [ 101.960260312856192, 2.72378285637458 ], [ 101.960325608236516, 2.723768945031084 ], [ 101.960333265201299, 2.723809328770553 ], [ 101.961002192635107, 2.723681075330986 ], [ 101.960996641635134, 2.723651798766418 ], [ 101.961011894582498, 2.723649866882695 ], [ 101.960999669060499, 2.723552260369317 ], [ 101.96038840196411, 2.72362968121706 ], [ 101.960363511287525, 2.723532732497195 ], [ 101.960361476572615, 2.72353326074469 ], [ 101.960357763760982, 2.723513487468349 ], [ 101.960257336736959, 2.723532555864714 ], [ 101.960257330682538, 2.72353252481788 ], [ 101.96025293307693, 2.723533392001557 ], [ 101.960245171476586, 2.723534865721139 ], [ 101.960245181765657, 2.723534920517576 ], [ 101.960241284925672, 2.723535688953024 ] ] ] ] } },
{ "type": "Feature", "properties": { "fid": 65974, "latitude": null, "longitude": null, "area_in_meters": null, "confidence": null, "full_plus_code": null, "fid_2": null, "id": null, "Status": "Complete" }, "geometry": { "type": "MultiPolygon", "coordinates": [ [ [ [ 101.962213199231812, 2.722584212970515 ], [ 101.962432910295703, 2.722561459357182 ], [ 101.962421092417159, 2.722446065919909 ], [ 101.962201381369312, 2.722468819508352 ], [ 101.962213199231812, 2.722584212970515 ] ] ] ] } },
{ "type": "Feature", "properties": { "fid": 65975, "latitude": null, "longitude": null, "area_in_meters": null, "confidence": null, "full_plus_code": null, "fid_2": null, "id": null, "Status": "Complete" }, "geometry": { "type": "MultiPolygon", "coordinates": [ [ [ [ 101.961477103232014, 2.722792590230586 ], [ 101.961552174573356, 2.722782409959599 ], [ 101.961555744228278, 2.722809028295037 ], [ 101.961480672885813, 2.722819208568024 ], [ 101.961477103232014, 2.722792590230586 ] ] ] ] } },
{ "type": "Feature", "properties": { "fid": 65976, "latitude": null, "longitude": null, "area_in_meters": null, "confidence": null, "full_plus_code": null, "fid_2": null, "id": null, "Status": "Complete" }, "geometry": { "type": "MultiPolygon", "coordinates": [ [ [ [ 101.962021979689425, 2.723419801575248 ], [ 101.962136794027643, 2.723403970339135 ], [ 101.962129857379281, 2.723353099319328 ], [ 101.962015043044346, 2.723368930549587 ], [ 101.962021979689425, 2.723419801575248 ] ] ] ] } },
{ "type": "Feature", "properties": { "fid": 65977, "latitude": null, "longitude": null, "area_in_meters": null, "confidence": null, "full_plus_code": null, "fid_2": null, "id": null, "Status": "Complete" }, "geometry": { "type": "MultiPolygon", "coordinates": [ [ [ [ 101.961495999690044, 2.723294501775373 ], [ 101.961430845393949, 2.722843788796856 ], [ 101.961581072522407, 2.722821828881973 ], [ 101.961646226855549, 2.723272541792336 ], [ 101.961495999690044, 2.723294501775373 ] ] ] ] } },
{ "type": "Feature", "properties": { "fid": 65978, "latitude": null, "longitude": null, "area_in_meters": null, "confidence": null, "full_plus_code": null, "fid_2": null, "id": null, "Status": "Complete" }, "geometry": { "type": "MultiPolygon", "coordinates": [ [ [ [ 101.961511759199311, 2.723416620798631 ], [ 101.961559054029109, 2.723459830409477 ], [ 101.961560497200111, 2.723476468780506 ], [ 101.961821069494604, 2.723453614080091 ], [ 101.96181861215355, 2.723425283369197 ], [ 101.961849603399713, 2.723380248773992 ], [ 101.961812464284819, 2.723354404525813 ], [ 101.961812261759448, 2.72335206960867 ], [ 101.961851353584933, 2.723347376921273 ], [ 101.961844974237295, 2.723293639132768 ], [ 101.961504932215036, 2.723334458670755 ], [ 101.961511311551718, 2.72338819647738 ], [ 101.961517055948732, 2.723387506904582 ], [ 101.961518067085123, 2.723409639172452 ], [ 101.961511759199311, 2.723416620798631 ] ] ] ] } },
{ "type": "Feature", "properties": { "fid": 65979, "latitude": null, "longitude": null, "area_in_meters": null, "confidence": null, "full_plus_code": null, "fid_2": null, "id": null, "Status": "Complete" }, "geometry": { "type": "MultiPolygon", "coordinates": [ [ [ [ 101.96170373520215, 2.722784610864021 ], [ 101.96162067409513, 2.722794456466364 ], [ 101.961668044816776, 2.723198571189062 ], [ 101.961722858692326, 2.723192073836303 ], [ 101.961740694347611, 2.723276774025703 ], [ 101.961849293901068, 2.723253649491898 ], [ 101.961759242490814, 2.722826002236051 ], [ 101.961759898114991, 2.722825207125366 ], [ 101.961758899773514, 2.722824374697805 ], [ 101.961757673130421, 2.722818549463632 ], [ 101.961753085144906, 2.722819526399689 ], [ 101.961712619916639, 2.722785786069355 ], [ 101.961712362286832, 2.722783588257314 ], [ 101.961710280060515, 2.722783835072857 ], [ 101.961706780776254, 2.722780917333055 ], [ 101.96170373520215, 2.722784610864021 ] ] ] ] } },
{ "type": "Feature", "properties": { "fid": 65980, "latitude": null, "longitude": null, "area_in_meters": null, "confidence": null, "full_plus_code": null, "fid_2": null, "id": null, "Status": "Complete" }, "geometry": { "type": "MultiPolygon", "coordinates": [ [ [ [ 101.961345030345939, 2.722441428511786 ], [ 101.961333781875837, 2.722440907274324 ], [ 101.961328539630259, 2.72255530453552 ], [ 101.961372718878948, 2.722557351731945 ], [ 101.961372787879782, 2.722585588574514 ], [ 101.961370586322133, 2.722588516454834 ], [ 101.961372799146005, 2.722590198988138 ], [ 101.961372800448586, 2.722590732038059 ], [ 101.961373497932584, 2.722590730314517 ], [ 101.961398246620718, 2.722609548121302 ], [ 101.961444178383701, 2.722608197338665 ], [ 101.961443538517713, 2.722614988835894 ], [ 101.96152307067203, 2.722622565988328 ], [ 101.961527344530339, 2.722577203491234 ], [ 101.961542893458059, 2.722575107045327 ], [ 101.961545097953035, 2.72259807995921 ], [ 101.961674276962299, 2.72258554492889 ], [ 101.961670445280376, 2.722545615234266 ], [ 101.96160919864883, 2.722551558367742 ], [ 101.96160629478527, 2.722522369834982 ], [ 101.961655340188443, 2.722518960111026 ], [ 101.961652741008763, 2.722481154566063 ], [ 101.961602541627016, 2.722484644514939 ], [ 101.961596579007193, 2.722424710526869 ], [ 101.961448125825811, 2.722439645105998 ], [ 101.961414279980133, 2.722391845174407 ], [ 101.961345030345939, 2.722441428511786 ] ], [ [ 101.961384850600425, 2.722550723281652 ], [ 101.961383628309306, 2.722550726301994 ], [ 101.961384013861974, 2.722542312691005 ], [ 101.961384850600425, 2.722550723281652 ] ] ] ] } },
{ "type": "Feature", "properties": { "fid": 65981, "latitude": null, "longitude": null, "area_in_meters": null, "confidence": null, "full_plus_code": null, "fid_2": null, "id": null, "Status": "Complete" }, "geometry": { "type": "MultiPolygon", "coordinates": [ [ [ [ 101.962011610637461, 2.7223403953823 ], [ 101.961980561316693, 2.722288277365128 ], [ 101.961960996814639, 2.722300063550867 ], [ 101.961960710181401, 2.722299431689087 ], [ 101.9618391591017, 2.722355189196369 ], [ 101.961830497448474, 2.722340842964103 ], [ 101.961781815764638, 2.722370564330177 ], [ 101.961758782620265, 2.722368783354976 ], [ 101.961755400708356, 2.722413011404332 ], [ 101.961721958970273, 2.722387426127816 ], [ 101.961741091326886, 2.722359942858262 ], [ 101.961681353360774, 2.722317890455549 ], [ 101.961664861472386, 2.722341580738705 ], [ 101.961655905892755, 2.722335181512189 ], [ 101.961652361513586, 2.722340197386317 ], [ 101.961614023351814, 2.722332493680977 ], [ 101.961596894506641, 2.722418692240095 ], [ 101.96159537565471, 2.722420841663088 ], [ 101.961596331644344, 2.722421524767219 ], [ 101.961595477371858, 2.722425823776104 ], [ 101.961605036028033, 2.722427744500393 ], [ 101.961651886018529, 2.722461221246181 ], [ 101.96165738876698, 2.722453433959267 ], [ 101.961688395491763, 2.722453357336283 ], [ 101.961729028714387, 2.722484444600614 ], [ 101.961700634786183, 2.722525511338528 ], [ 101.961735081344784, 2.722549594927655 ], [ 101.96173053906017, 2.722560974296277 ], [ 101.961782495034683, 2.722581945904526 ], [ 101.961812304183354, 2.72250726776906 ], [ 101.961817536986914, 2.722499699453484 ], [ 101.961870701820729, 2.722523980518992 ], [ 101.961887977527539, 2.722485730403617 ], [ 101.961932702062299, 2.722584322342225 ], [ 101.962062861232184, 2.72252461612619 ], [ 101.962041547620089, 2.722477631844531 ], [ 101.962087023903464, 2.722470140607672 ], [ 101.962080973891148, 2.722433001800512 ], [ 101.962134320895643, 2.722392286858532 ], [ 101.962093327004169, 2.722337972376147 ], [ 101.962037881650275, 2.722380288793008 ], [ 101.96204524501664, 2.722390044817891 ], [ 101.962022179886119, 2.722393844298855 ], [ 101.962007225811874, 2.722353732537777 ], [ 101.961988538607926, 2.722360777397375 ], [ 101.96198622897586, 2.722355685984299 ], [ 101.962011610637461, 2.7223403953823 ] ], [ [ 101.961811953140014, 2.722447358389999 ], [ 101.961811089730517, 2.722449270063172 ], [ 101.961801357164035, 2.72244246545977 ], [ 101.961861123553675, 2.722447086729368 ], [ 101.961862468506681, 2.72242949764831 ], [ 101.961885888688499, 2.722481125711983 ], [ 101.961811953140014, 2.722447358389999 ] ] ], [ [ [ 101.961923559478265, 2.722565841882897 ], [ 101.961828466046683, 2.722517213723913 ], [ 101.961795747223476, 2.722581913153195 ], [ 101.961890840664481, 2.722630541310596 ], [ 101.961923559478265, 2.722565841882897 ] ] ] ] } },
{ "type": "Feature", "properties": { "fid": 65982, "latitude": null, "longitude": null, "area_in_meters": null, "confidence": null, "full_plus_code": null, "fid_2": null, "id": null, "Status": "Complete" }, "geometry": { "type": "MultiPolygon", "coordinates": [ [ [ [ 101.961411180874393, 2.723455605209242 ], [ 101.961416877383414, 2.723454613258086 ], [ 101.961415943030715, 2.723449187385514 ], [ 101.9614168610956, 2.723447950135371 ], [ 101.961415562133126, 2.72344697547799 ], [ 101.961320535264619, 2.722895145658573 ], [ 101.96131136407935, 2.722896742661308 ], [ 101.961273478522983, 2.722857184077234 ], [ 101.961272871906772, 2.722853430697528 ], [ 101.961270288267727, 2.722853852940176 ], [ 101.961267417914968, 2.722850855832515 ], [ 101.961263112124158, 2.722855025733209 ], [ 101.961081968539645, 2.722884629925433 ], [ 101.961180644127978, 2.723495176158825 ], [ 101.961189233677217, 2.723493772368827 ], [ 101.961218064350746, 2.723511391824445 ], [ 101.96121823547675, 2.723512851681187 ], [ 101.961220092856962, 2.723512631517135 ], [ 101.961220444177727, 2.723512846221816 ], [ 101.961220611060497, 2.723512570092022 ], [ 101.961390465275116, 2.723492436469489 ], [ 101.9613893255259, 2.723482713406825 ], [ 101.961390443557917, 2.72348355230566 ], [ 101.961411180874393, 2.723455605209242 ] ] ] ] } },
{ "type": "Feature", "properties": { "fid": 65983, "latitude": null, "longitude": null, "area_in_meters": null, "confidence": null, "full_plus_code": null, "fid_2": null, "id": null, "Status": "Complete" }, "geometry": { "type": "MultiPolygon", "coordinates": [ [ [ [ 101.96136755008007, 2.722701797734297 ], [ 101.961354557549896, 2.722657262268527 ], [ 101.961323258271406, 2.72266649567628 ], [ 101.961295559645762, 2.722586293326211 ], [ 101.961327492267898, 2.722578628196089 ], [ 101.96131120539421, 2.722510017322167 ], [ 101.961341664282713, 2.722503077323891 ], [ 101.961310403307223, 2.72236433865719 ], [ 101.961270754619392, 2.722373372528021 ], [ 101.961261726271729, 2.722301436588086 ], [ 101.961147944556615, 2.72231587684046 ], [ 101.961161459942616, 2.722423564610193 ], [ 101.961218700615305, 2.722416300082629 ], [ 101.961264430346077, 2.722428649447437 ], [ 101.961267136850779, 2.722440661129926 ], [ 101.961236626259563, 2.722452252604036 ], [ 101.961255291482416, 2.722501933029322 ], [ 101.961185964567647, 2.722509014676243 ], [ 101.961198413618277, 2.722632252457573 ], [ 101.961199353621964, 2.722632156437411 ], [ 101.961225059121901, 2.722689934040824 ], [ 101.96123216568931, 2.722686736865001 ], [ 101.961261583284227, 2.722691882290314 ], [ 101.961272643854841, 2.722729795440659 ], [ 101.96136755008007, 2.722701797734297 ] ], [ [ 101.961270000878741, 2.722500430485158 ], [ 101.96127976812933, 2.722496719745873 ], [ 101.961280365682669, 2.722499371735001 ], [ 101.961270000878741, 2.722500430485158 ] ] ] ] } },
{ "type": "Feature", "properties": { "fid": 65984, "latitude": null, "longitude": null, "area_in_meters": null, "confidence": null, "full_plus_code": null, "fid_2": null, "id": null, "Status": "Complete" }, "geometry": { "type": "MultiPolygon", "coordinates": [ [ [ [ 101.963615991764584, 2.722239813637531 ], [ 101.963712135115401, 2.72226622850581 ], [ 101.963725970600734, 2.722215306486985 ], [ 101.963629827256085, 2.722188891615689 ], [ 101.963615991764584, 2.722239813637531 ] ] ] ] } },
{ "type": "Feature", "properties": { "fid": 65985, "latitude": null, "longitude": null, "area_in_meters": null, "confidence": null, "full_plus_code": null, "fid_2": null, "id": null, "Status": "Complete" }, "geometry": { "type": "MultiPolygon", "coordinates": [ [ [ [ 101.962972328359683, 2.722311368105689 ], [ 101.962978539074101, 2.722141442333683 ], [ 101.963078608955655, 2.722145140840761 ], [ 101.963072398256401, 2.722315066597868 ], [ 101.962972328359683, 2.722311368105689 ] ] ] ] } },
{ "type": "Feature", "properties": { "fid": 65986, "latitude": null, "longitude": null, "area_in_meters": null, "confidence": null, "full_plus_code": null, "fid_2": null, "id": null, "Status": "Complete" }, "geometry": { "type": "MultiPolygon", "coordinates": [ [ [ [ 101.963028968539263, 2.722893143472414 ], [ 101.963032110505466, 2.722823172593769 ], [ 101.963089728238586, 2.722825788850241 ], [ 101.96308658627602, 2.722895759725384 ], [ 101.963028968539263, 2.722893143472414 ] ] ] ] } },
{ "type": "Feature", "properties": { "fid": 65987, "latitude": null, "longitude": null, "area_in_meters": null, "confidence": null, "full_plus_code": null, "fid_2": null, "id": null, "Status": "Complete" }, "geometry": { "type": "MultiPolygon", "coordinates": [ [ [ [ 101.962658059567602, 2.722956250016489 ], [ 101.962738668861547, 2.72295271913336 ], [ 101.962735193776965, 2.722872494625747 ], [ 101.962654584487836, 2.72287602550279 ], [ 101.962658059567602, 2.722956250016489 ] ] ] ] } },
{ "type": "Feature", "properties": { "fid": 65988, "latitude": null, "longitude": null, "area_in_meters": null, "confidence": null, "full_plus_code": null, "fid_2": null, "id": null, "Status": "Complete" }, "geometry": { "type": "MultiPolygon", "coordinates": [ [ [ [ 101.962521307689244, 2.723033214419698 ], [ 101.962527825173026, 2.722988777263697 ], [ 101.962570286697868, 2.722995074776782 ], [ 101.962563769216118, 2.723039511931336 ], [ 101.962521307689244, 2.723033214419698 ] ] ] ] } },
{ "type": "Feature", "properties": { "fid": 65990, "latitude": null, "longitude": null, "area_in_meters": null, "confidence": null, "full_plus_code": null, "fid_2": null, "id": null, "Status": "Complete" }, "geometry": { "type": "MultiPolygon", "coordinates": [ [ [ [ 101.963781689266597, 2.721852469180596 ], [ 101.963750312241686, 2.721867065587874 ], [ 101.963770903620158, 2.721911825770902 ], [ 101.963948502448687, 2.721829207831995 ], [ 101.963927911071721, 2.721784447657643 ], [ 101.963842071478908, 2.72182437973089 ], [ 101.963803342530426, 2.721762070647767 ], [ 101.963816903324641, 2.72175512804567 ], [ 101.963792675620837, 2.721707274311646 ], [ 101.963701128908156, 2.721754142681995 ], [ 101.96372535661331, 2.721801996420786 ], [ 101.963744291840186, 2.72179230231705 ], [ 101.963781689266597, 2.721852469180596 ] ] ] ] } },
{ "type": "Feature", "properties": { "fid": 65991, "latitude": null, "longitude": null, "area_in_meters": null, "confidence": null, "full_plus_code": null, "fid_2": null, "id": null, "Status": "Complete" }, "geometry": { "type": "MultiPolygon", "coordinates": [ [ [ [ 101.963633486685239, 2.721885426187143 ], [ 101.963672051122273, 2.721886023316201 ], [ 101.963669718830076, 2.721916899884743 ], [ 101.963652743972318, 2.721914338957612 ], [ 101.96364296504828, 2.721979884106204 ], [ 101.963711055470725, 2.721990156624673 ], [ 101.963720834389946, 2.721924611479494 ], [ 101.963689711915606, 2.721919916159508 ], [ 101.96369224842185, 2.721886336049782 ], [ 101.963695332807092, 2.721886383808189 ], [ 101.963695688590761, 2.721863148637909 ], [ 101.963633842470145, 2.721862191015577 ], [ 101.963633486685239, 2.721885426187143 ] ] ] ] } },
{ "type": "Feature", "properties": { "fid": 65992, "latitude": null, "longitude": null, "area_in_meters": null, "confidence": null, "full_plus_code": null, "fid_2": null, "id": null, "Status": "Complete" }, "geometry": { "type": "MultiPolygon", "coordinates": [ [ [ [ 101.962932463249601, 2.722267045630737 ], [ 101.962932673669414, 2.722237861087297 ], [ 101.962946318876021, 2.72223885116447 ], [ 101.962953144511474, 2.722143726159685 ], [ 101.962805134790798, 2.722132986767798 ], [ 101.962798309141945, 2.722228111784463 ], [ 101.962818976646929, 2.722229611389817 ], [ 101.962818712723006, 2.722266216297816 ], [ 101.962932463249601, 2.722267045630737 ] ] ] ] } },
{ "type": "Feature", "properties": { "fid": 65993, "latitude": null, "longitude": null, "area_in_meters": null, "confidence": null, "full_plus_code": null, "fid_2": null, "id": null, "Status": "Complete" }, "geometry": { "type": "MultiPolygon", "coordinates": [ [ [ [ 101.963362494276652, 2.722445887576648 ], [ 101.963363133468135, 2.722346536839484 ], [ 101.963381379399152, 2.722347964634019 ], [ 101.963385321712394, 2.7222970207571 ], [ 101.963233996268542, 2.722285179115803 ], [ 101.963230053947896, 2.722336122999186 ], [ 101.963239500918576, 2.722336862250754 ], [ 101.963238804649862, 2.722445082877719 ], [ 101.963362494276652, 2.722445887576648 ] ] ] ] } },
{ "type": "Feature", "properties": { "fid": 65994, "latitude": null, "longitude": null, "area_in_meters": null, "confidence": null, "full_plus_code": null, "fid_2": null, "id": null, "Status": "Complete" }, "geometry": { "type": "MultiPolygon", "coordinates": [ [ [ [ 101.963450079876012, 2.722585597177415 ], [ 101.963466489785759, 2.722556151086581 ], [ 101.96345702922342, 2.722550819755298 ], [ 101.963457548891881, 2.722550830911847 ], [ 101.96346250037449, 2.72231760839279 ], [ 101.963383159178008, 2.72231590503232 ], [ 101.963378207679398, 2.72254912756784 ], [ 101.963390334039417, 2.722549387903698 ], [ 101.963389256584833, 2.722551321297667 ], [ 101.963450079876012, 2.722585597177415 ] ] ] ] } },
{ "type": "Feature", "properties": { "fid": 65995, "latitude": null, "longitude": null, "area_in_meters": null, "confidence": null, "full_plus_code": null, "fid_2": null, "id": null, "Status": "Complete" }, "geometry": { "type": "MultiPolygon", "coordinates": [ [ [ [ 101.963574208515382, 2.722314322126055 ], [ 101.963573697409117, 2.722315013854253 ], [ 101.963573104168361, 2.722314324856707 ], [ 101.963501473673844, 2.722376691375545 ], [ 101.963503373212944, 2.722378897524927 ], [ 101.963493145704177, 2.722489774473849 ], [ 101.96349314369786, 2.722489777171146 ], [ 101.963493145341346, 2.722489778407318 ], [ 101.963492921311015, 2.722492207131711 ], [ 101.963496863157957, 2.722492574810159 ], [ 101.963549340783999, 2.722532046521215 ], [ 101.963662716494085, 2.72237962424468 ], [ 101.963606519422626, 2.72233735489642 ], [ 101.963605989303815, 2.722338067587916 ], [ 101.963574208515382, 2.722314322126055 ] ], [ [ 101.963568367884648, 2.72238864580737 ], [ 101.963567449119765, 2.722389880994481 ], [ 101.963567492773635, 2.722389407740304 ], [ 101.963568367884648, 2.72238864580737 ] ] ] ] } },
{ "type": "Feature", "properties": { "fid": 65996, "latitude": null, "longitude": null, "area_in_meters": null, "confidence": null, "full_plus_code": null, "fid_2": null, "id": null, "Status": "Complete" }, "geometry": { "type": "MultiPolygon", "coordinates": [ [ [ [ 101.96278842082846, 2.722523933163187 ], [ 101.962790560184189, 2.722458410076231 ], [ 101.962741207678249, 2.722456780632004 ], [ 101.962741845454161, 2.722445200969744 ], [ 101.962735332369732, 2.72244483822617 ], [ 101.962741900533942, 2.722356123595791 ], [ 101.962641385867514, 2.722348598380436 ], [ 101.962634707405968, 2.722438802661246 ], [ 101.962657203493563, 2.722440486870363 ], [ 101.96261637167126, 2.722438212758719 ], [ 101.96261673001797, 2.722407481290071 ], [ 101.962461011499144, 2.72240564515209 ], [ 101.962459376651239, 2.722545846568664 ], [ 101.962615095188568, 2.72254768268705 ], [ 101.962615189718207, 2.722539575916065 ], [ 101.962691289782256, 2.722545273276012 ], [ 101.962692811612825, 2.722524718252356 ], [ 101.962615430520017, 2.722518924984572 ], [ 101.96261543871816, 2.722518221919406 ], [ 101.96278842082846, 2.722523933163187 ] ] ] ] } },
{ "type": "Feature", "properties": { "fid": 65997, "latitude": null, "longitude": null, "area_in_meters": null, "confidence": null, "full_plus_code": null, "fid_2": null, "id": null, "Status": "Complete" }, "geometry": { "type": "MultiPolygon", "coordinates": [ [ [ [ 101.962511871911772, 2.723110134938755 ], [ 101.962453772738286, 2.72312025762833 ], [ 101.962421162556097, 2.722900364722767 ], [ 101.962491131875439, 2.722886699582487 ], [ 101.962465406060232, 2.72275350004884 ], [ 101.96238975376275, 2.72276827507597 ], [ 101.962375815370251, 2.72269708468697 ], [ 101.961830527610076, 2.72280504307481 ], [ 101.961852237938018, 2.722915928849703 ], [ 101.961823741317602, 2.722920202253261 ], [ 101.961889316549474, 2.723362382168915 ], [ 101.962356783597457, 2.723292279792489 ], [ 101.962366362920704, 2.72334787641482 ], [ 101.962547400136302, 2.723316334045873 ], [ 101.962511871911772, 2.723110134938755 ] ] ] ] } },
{ "type": "Feature", "properties": { "fid": 65998, "latitude": null, "longitude": null, "area_in_meters": null, "confidence": null, "full_plus_code": null, "fid_2": null, "id": null, "Status": "Complete" }, "geometry": { "type": "MultiPolygon", "coordinates": [ [ [ [ 101.962540029316926, 2.722810773768896 ], [ 101.962540441996694, 2.722811320822644 ], [ 101.962575260576543, 2.722967559990507 ], [ 101.962600744496001, 2.722961817141111 ], [ 101.962600735795235, 2.722961778098717 ], [ 101.962619420944463, 2.722961898177948 ], [ 101.962620218476673, 2.722836406772541 ], [ 101.962586214237575, 2.722836188242027 ], [ 101.962567101196186, 2.722810851742087 ], [ 101.962561663306957, 2.722786450654147 ], [ 101.96253617938919, 2.722792193498873 ], [ 101.962540277835657, 2.722810584193399 ], [ 101.962540029316926, 2.722810773768896 ] ], [ [ 101.962582709108631, 2.722867350663768 ], [ 101.96258262545949, 2.722880512762739 ], [ 101.962578427302532, 2.722861674645127 ], [ 101.962582709108631, 2.722867350663768 ] ] ] ] } },
{ "type": "Feature", "properties": { "fid": 65999, "latitude": null, "longitude": null, "area_in_meters": null, "confidence": null, "full_plus_code": null, "fid_2": null, "id": null, "Status": "Complete" }, "geometry": { "type": "MultiPolygon", "coordinates": [ [ [ [ 101.962811993638923, 2.722611028295174 ], [ 101.962812075755025, 2.722611457272316 ], [ 101.962763862590194, 2.722618660779154 ], [ 101.962773227656626, 2.72268204371283 ], [ 101.962754568856823, 2.722680600992634 ], [ 101.962749218168682, 2.722750577348571 ], [ 101.962783748246949, 2.722753247252349 ], [ 101.962785295042295, 2.722763715990395 ], [ 101.962751448586502, 2.722759456040853 ], [ 101.962744950110846, 2.722811666821711 ], [ 101.962799183496301, 2.722818492688463 ], [ 101.962799582431671, 2.722815287515954 ], [ 101.962849661279648, 2.722807805249067 ], [ 101.962850027495179, 2.72280971837062 ], [ 101.962881870285983, 2.722803554612929 ], [ 101.96284383642687, 2.722604864544005 ], [ 101.962811993638923, 2.722611028295174 ] ] ] ] } },
{ "type": "Feature", "properties": { "fid": 66000, "latitude": null, "longitude": null, "area_in_meters": null, "confidence": null, "full_plus_code": null, "fid_2": null, "id": null, "Status": "Complete" }, "geometry": { "type": "MultiPolygon", "coordinates": [ [ [ [ 101.963082807324412, 2.722780847268434 ], [ 101.963152964147824, 2.722813705687887 ], [ 101.963131556136148, 2.722845137204577 ], [ 101.963164268517062, 2.722867667300384 ], [ 101.963210485474249, 2.722799810966809 ], [ 101.963194650550108, 2.722788904931063 ], [ 101.963223664787563, 2.722739792337392 ], [ 101.963250945263738, 2.722753852151872 ], [ 101.963274784618648, 2.722707077889942 ], [ 101.963133248887104, 2.722634133183872 ], [ 101.963117491696067, 2.722665049737459 ], [ 101.963101298832157, 2.722665306895367 ], [ 101.963102447435276, 2.722738443243686 ], [ 101.963082807324412, 2.722780847268434 ] ], [ [ 101.963163112362977, 2.722793379249038 ], [ 101.963165739537118, 2.722794948697846 ], [ 101.96315525714229, 2.722810339084071 ], [ 101.963163112362977, 2.722793379249038 ] ] ] ] } },
{ "type": "Feature", "properties": { "fid": 66001, "latitude": null, "longitude": null, "area_in_meters": null, "confidence": null, "full_plus_code": null, "fid_2": null, "id": null, "Status": "Complete" }, "geometry": { "type": "MultiPolygon", "coordinates": [ [ [ [ 101.963277062773287, 2.722768865154944 ], [ 101.963321419779774, 2.72281024142111 ], [ 101.963381998673356, 2.722744570628776 ], [ 101.963348705481792, 2.722713514699494 ], [ 101.963408058017848, 2.722743173556939 ], [ 101.963429376989609, 2.72270003246148 ], [ 101.963371145954866, 2.722670934023105 ], [ 101.963372189125622, 2.722669243047329 ], [ 101.963345329802308, 2.722652487711079 ], [ 101.963276030178918, 2.722764822125774 ], [ 101.96327905289786, 2.722766707752674 ], [ 101.963277062773287, 2.722768865154944 ] ] ] ] } },
{ "type": "Feature", "properties": { "fid": 66002, "latitude": null, "longitude": null, "area_in_meters": null, "confidence": null, "full_plus_code": null, "fid_2": null, "id": null, "Status": "Complete" }, "geometry": { "type": "MultiPolygon", "coordinates": [ [ [ [ 101.962985612240075, 2.722701306002726 ], [ 101.962983310104718, 2.722737782787987 ], [ 101.963041210784112, 2.722741477984508 ], [ 101.963042949225581, 2.722774162379156 ], [ 101.963083889948436, 2.722771960387512 ], [ 101.963082408472033, 2.722744107203277 ], [ 101.963083822061606, 2.722744197417957 ], [ 101.963086144480513, 2.72270739919275 ], [ 101.963080436643196, 2.72270703492083 ], [ 101.963078102096858, 2.722663143199518 ], [ 101.963074353396138, 2.722663344822545 ], [ 101.963055943499214, 2.722615562601268 ], [ 101.963058022902288, 2.722581013957187 ], [ 101.962917749002813, 2.722572476563891 ], [ 101.962915630743225, 2.722607670724552 ], [ 101.96290063644571, 2.722598199503115 ], [ 101.96288474346062, 2.722623642346021 ], [ 101.962906496031138, 2.722637382463096 ], [ 101.962872622784019, 2.722634777569547 ], [ 101.962869412916561, 2.722676985482554 ], [ 101.962887021917027, 2.722678339635245 ], [ 101.962886816090574, 2.722696908545169 ], [ 101.962878299290111, 2.722698063500412 ], [ 101.96288842306123, 2.722773554217444 ], [ 101.962890107489329, 2.722773325793628 ], [ 101.962889549131873, 2.722782435638787 ], [ 101.962975701860657, 2.722787775251807 ], [ 101.962981004862385, 2.722701254360433 ], [ 101.962985612240075, 2.722701306002726 ] ], [ [ 101.962999663122659, 2.722701879986689 ], [ 101.962991746657423, 2.722701374761008 ], [ 101.962999501957043, 2.722701461687125 ], [ 101.962999663122659, 2.722701879986689 ] ], [ [ 101.963039105978851, 2.7227019055931 ], [ 101.963039238956398, 2.722704405700749 ], [ 101.963003693912739, 2.722702137230118 ], [ 101.963005262113398, 2.722701526250463 ], [ 101.963039105978851, 2.7227019055931 ] ], [ [ 101.962976453010938, 2.722641638976445 ], [ 101.962978719234869, 2.722647520879169 ], [ 101.962968656079255, 2.722641164437651 ], [ 101.962976453010938, 2.722641638976445 ] ], [ [ 101.962988374195547, 2.722672579982372 ], [ 101.962989212228081, 2.722674755065662 ], [ 101.96297435793818, 2.722674588569384 ], [ 101.962988374195547, 2.722672579982372 ] ] ] ] } },
{ "type": "Feature", "properties": { "fid": 66003, "latitude": null, "longitude": null, "area_in_meters": null, "confidence": null, "full_plus_code": null, "fid_2": null, "id": null, "Status": "Complete" }, "geometry": { "type": "MultiPolygon", "coordinates": [ [ [ [ 101.962727286798597, 2.723265915565461 ], [ 101.962803473280829, 2.723260174540725 ], [ 101.962799894697753, 2.723212152649028 ], [ 101.962841002686503, 2.723209923039699 ], [ 101.962840516263654, 2.723200854204099 ], [ 101.962909211024538, 2.723145528918633 ], [ 101.962904345446276, 2.723139419862297 ], [ 101.962899049205518, 2.723054490941538 ], [ 101.962825376089867, 2.723059136740247 ], [ 101.962825387467518, 2.723059319189074 ], [ 101.962786421957844, 2.723061432589573 ], [ 101.96278692490317, 2.723070809475335 ], [ 101.962752602202215, 2.723072026063794 ], [ 101.96274989156224, 2.723025986089683 ], [ 101.962594200134333, 2.723035255249377 ], [ 101.962601199452507, 2.723154138276916 ], [ 101.962608025050997, 2.72315373191108 ], [ 101.962613400380235, 2.723209560353563 ], [ 101.962722297132075, 2.723198957944122 ], [ 101.962727286798597, 2.723265915565461 ] ] ] ] } },
{ "type": "Feature", "properties": { "fid": 66004, "latitude": null, "longitude": null, "area_in_meters": null, "confidence": null, "full_plus_code": null, "fid_2": null, "id": null, "Status": "Complete" }, "geometry": { "type": "MultiPolygon", "coordinates": [ [ [ [ 101.965431343522027, 2.723510204168762 ], [ 101.965535919329241, 2.723372240455621 ], [ 101.965397929402442, 2.723266472680423 ], [ 101.965293353562416, 2.72340443638895 ], [ 101.965431343522027, 2.723510204168762 ] ] ] ] } },
{ "type": "Feature", "properties": { "fid": 66005, "latitude": null, "longitude": null, "area_in_meters": null, "confidence": null, "full_plus_code": null, "fid_2": null, "id": null, "Status": "Complete" }, "geometry": { "type": "MultiPolygon", "coordinates": [ [ [ [ 101.965480191009547, 2.723163600056318 ], [ 101.965524432797309, 2.723191253632847 ], [ 101.965540438369203, 2.723165360043786 ], [ 101.965496196583317, 2.723137706467201 ], [ 101.965480191009547, 2.723163600056318 ] ] ] ] } },
{ "type": "Feature", "properties": { "fid": 66006, "latitude": null, "longitude": null, "area_in_meters": null, "confidence": null, "full_plus_code": null, "fid_2": null, "id": null, "Status": "Complete" }, "geometry": { "type": "MultiPolygon", "coordinates": [ [ [ [ 101.965796786916371, 2.723470431243247 ], [ 101.965957260173468, 2.723159087646053 ], [ 101.966034250618819, 2.723199214878264 ], [ 101.965873777398656, 2.723510558469686 ], [ 101.965796786916371, 2.723470431243247 ] ] ] ] } },
{ "type": "Feature", "properties": { "fid": 66007, "latitude": null, "longitude": null, "area_in_meters": null, "confidence": null, "full_plus_code": null, "fid_2": null, "id": null, "Status": "Complete" }, "geometry": { "type": "MultiPolygon", "coordinates": [ [ [ [ 101.965968773947139, 2.723351179552502 ], [ 101.966029186708127, 2.72321776729109 ], [ 101.966096416818502, 2.72324855209318 ], [ 101.966036004070773, 2.723381964351471 ], [ 101.965968773947139, 2.723351179552502 ] ] ] ] } },
{ "type": "Feature", "properties": { "fid": 66010, "latitude": null, "longitude": null, "area_in_meters": null, "confidence": null, "full_plus_code": null, "fid_2": null, "id": null, "Status": "Complete" }, "geometry": { "type": "MultiPolygon", "coordinates": [ [ [ [ 101.965885210706105, 2.723501306977579 ], [ 101.965955540831146, 2.723358985970282 ], [ 101.966040901252939, 2.723401640819929 ], [ 101.965970571146357, 2.723543961823848 ], [ 101.965885210706105, 2.723501306977579 ] ] ] ] } },
{ "type": "Feature", "properties": { "fid": 66011, "latitude": null, "longitude": null, "area_in_meters": null, "confidence": null, "full_plus_code": null, "fid_2": null, "id": null, "Status": "Complete" }, "geometry": { "type": "MultiPolygon", "coordinates": [ [ [ [ 101.965607586381552, 2.724678038038813 ], [ 101.965508026520766, 2.724609432164831 ], [ 101.965528989756507, 2.724578669791228 ], [ 101.965628549612177, 2.72464727566497 ], [ 101.965607586381552, 2.724678038038813 ] ] ] ] } },
{ "type": "Feature", "properties": { "fid": 66013, "latitude": null, "longitude": null, "area_in_meters": null, "confidence": null, "full_plus_code": null, "fid_2": null, "id": null, "Status": "Complete" }, "geometry": { "type": "MultiPolygon", "coordinates": [ [ [ [ 101.96567686722716, 2.72365618542443 ], [ 101.965742883305467, 2.723556074939376 ], [ 101.965835290083191, 2.723617693748495 ], [ 101.965769274020246, 2.723717804233856 ], [ 101.96567686722716, 2.72365618542443 ] ] ] ] } },
{ "type": "Feature", "properties": { "fid": 66014, "latitude": null, "longitude": null, "area_in_meters": null, "confidence": null, "full_plus_code": null, "fid_2": null, "id": null, "Status": "Complete" }, "geometry": { "type": "MultiPolygon", "coordinates": [ [ [ [ 101.965412128601244, 2.723781219377639 ], [ 101.965501352297935, 2.72368771456422 ], [ 101.965575490615223, 2.723759251146319 ], [ 101.965486266931009, 2.723852755964676 ], [ 101.965412128601244, 2.723781219377639 ] ] ] ] } },
{ "type": "Feature", "properties": { "fid": 66015, "latitude": null, "longitude": null, "area_in_meters": null, "confidence": null, "full_plus_code": null, "fid_2": null, "id": null, "Status": "Complete" }, "geometry": { "type": "MultiPolygon", "coordinates": [ [ [ [ 101.965058429822278, 2.724107478292659 ], [ 101.965150890491685, 2.723982870781399 ], [ 101.965235860932339, 2.724046626579569 ], [ 101.965143400281079, 2.724171234093025 ], [ 101.965058429822278, 2.724107478292659 ] ] ] ] } },
{ "type": "Feature", "properties": { "fid": 66016, "latitude": null, "longitude": null, "area_in_meters": null, "confidence": null, "full_plus_code": null, "fid_2": null, "id": null, "Status": "Complete" }, "geometry": { "type": "MultiPolygon", "coordinates": [ [ [ [ 101.964982542506561, 2.724235376360009 ], [ 101.96514733767026, 2.724336026018166 ], [ 101.965206038460039, 2.724238837478945 ], [ 101.965041243322261, 2.724138187819559 ], [ 101.964982542506561, 2.724235376360009 ] ] ] ] } },
{ "type": "Feature", "properties": { "fid": 66017, "latitude": null, "longitude": null, "area_in_meters": null, "confidence": null, "full_plus_code": null, "fid_2": null, "id": null, "Status": "Complete" }, "geometry": { "type": "MultiPolygon", "coordinates": [ [ [ [ 101.964689507129947, 2.724079517885553 ], [ 101.964643056578097, 2.724051869759967 ], [ 101.964666108705146, 2.724012706829412 ], [ 101.964712559254068, 2.724040354955191 ], [ 101.964689507129947, 2.724079517885553 ] ] ] ] } },
{ "type": "Feature", "properties": { "fid": 66018, "latitude": null, "longitude": null, "area_in_meters": null, "confidence": null, "full_plus_code": null, "fid_2": null, "id": null, "Status": "Complete" }, "geometry": { "type": "MultiPolygon", "coordinates": [ [ [ [ 101.964968654960302, 2.723524675644526 ], [ 101.965037132609524, 2.723527837737642 ], [ 101.965040188176047, 2.723460925528614 ], [ 101.964971710531003, 2.723457763431517 ], [ 101.964968654960302, 2.723524675644526 ] ] ] ] } },
{ "type": "Feature", "properties": { "fid": 66019, "latitude": null, "longitude": null, "area_in_meters": null, "confidence": null, "full_plus_code": null, "fid_2": null, "id": null, "Status": "Complete" }, "geometry": { "type": "MultiPolygon", "coordinates": [ [ [ [ 101.964654671654259, 2.723834178326811 ], [ 101.964751533489661, 2.72370289678853 ], [ 101.964852779484715, 2.723778434893743 ], [ 101.964755917672065, 2.723909716434656 ], [ 101.964654671654259, 2.723834178326811 ] ] ] ] } },
{ "type": "Feature", "properties": { "fid": 66020, "latitude": null, "longitude": null, "area_in_meters": null, "confidence": null, "full_plus_code": null, "fid_2": null, "id": null, "Status": "Complete" }, "geometry": { "type": "MultiPolygon", "coordinates": [ [ [ [ 101.964565385311332, 2.723902141263535 ], [ 101.964565241260345, 2.723843283848492 ], [ 101.964599476030017, 2.723843199121962 ], [ 101.964599620082652, 2.723902056535171 ], [ 101.964565385311332, 2.723902141263535 ] ] ] ] } },
{ "type": "Feature", "properties": { "fid": 66021, "latitude": null, "longitude": null, "area_in_meters": null, "confidence": null, "full_plus_code": null, "fid_2": null, "id": null, "Status": "Complete" }, "geometry": { "type": "MultiPolygon", "coordinates": [ [ [ [ 101.964352855957472, 2.723700551829552 ], [ 101.964398136922043, 2.723701550303 ], [ 101.964398858298537, 2.723668469159068 ], [ 101.964353577335274, 2.72366747068429 ], [ 101.964352855957472, 2.723700551829552 ] ] ] ] } },
{ "type": "Feature", "properties": { "fid": 66022, "latitude": null, "longitude": null, "area_in_meters": null, "confidence": null, "full_plus_code": null, "fid_2": null, "id": null, "Status": "Complete" }, "geometry": { "type": "MultiPolygon", "coordinates": [ [ [ [ 101.964322057611554, 2.723299728790002 ], [ 101.964367338561985, 2.723300727281126 ], [ 101.964366760624983, 2.723327230096796 ], [ 101.964321479673515, 2.72332623160674 ], [ 101.964322057611554, 2.723299728790002 ] ] ] ] } },
{ "type": "Feature", "properties": { "fid": 66023, "latitude": null, "longitude": null, "area_in_meters": null, "confidence": null, "full_plus_code": null, "fid_2": null, "id": null, "Status": "Complete" }, "geometry": { "type": "MultiPolygon", "coordinates": [ [ [ [ 101.963971648056443, 2.723165111706486 ], [ 101.964084419176515, 2.723217027385191 ], [ 101.964121597477842, 2.723135363766054 ], [ 101.964008826371398, 2.723083448084186 ], [ 101.963971648056443, 2.723165111706486 ] ] ] ] } },
{ "type": "Feature", "properties": { "fid": 66024, "latitude": null, "longitude": null, "area_in_meters": null, "confidence": null, "full_plus_code": null, "fid_2": null, "id": null, "Status": "Complete" }, "geometry": { "type": "MultiPolygon", "coordinates": [ [ [ [ 101.963868873111821, 2.72313649229863 ], [ 101.96392720521628, 2.7230552797061 ], [ 101.963972944831823, 2.723088500996611 ], [ 101.963914612733674, 2.723169713589721 ], [ 101.963868873111821, 2.72313649229863 ] ] ] ] } },
{ "type": "Feature", "properties": { "fid": 66025, "latitude": null, "longitude": null, "area_in_meters": null, "confidence": null, "full_plus_code": null, "fid_2": null, "id": null, "Status": "Complete" }, "geometry": { "type": "MultiPolygon", "coordinates": [ [ [ [ 101.963793508552357, 2.723026736767304 ], [ 101.963832022176391, 2.722970004742656 ], [ 101.96385968498258, 2.722988994618966 ], [ 101.963821171361161, 2.723045726643729 ], [ 101.963793508552357, 2.723026736767304 ] ] ] ] } },
{ "type": "Feature", "properties": { "fid": 66026, "latitude": null, "longitude": null, "area_in_meters": null, "confidence": null, "full_plus_code": null, "fid_2": null, "id": null, "Status": "Complete" }, "geometry": { "type": "MultiPolygon", "coordinates": [ [ [ [ 101.964215420818945, 2.723046793069047 ], [ 101.963913578177497, 2.722902061010986 ], [ 101.963865601158702, 2.723003239631823 ], [ 101.964167443845938, 2.723147971680361 ], [ 101.964215420818945, 2.723046793069047 ] ] ] ] } },
{ "type": "Feature", "properties": { "fid": 66027, "latitude": null, "longitude": null, "area_in_meters": null, "confidence": null, "full_plus_code": null, "fid_2": null, "id": null, "Status": "Complete" }, "geometry": { "type": "MultiPolygon", "coordinates": [ [ [ [ 101.963798939530065, 2.722538092432006 ], [ 101.963859776389171, 2.722577920868924 ], [ 101.963892325532612, 2.722527645734228 ], [ 101.963831488678551, 2.722487817297336 ], [ 101.963798939530065, 2.722538092432006 ] ] ] ] } },
{ "type": "Feature", "properties": { "fid": 66028, "latitude": null, "longitude": null, "area_in_meters": null, "confidence": null, "full_plus_code": null, "fid_2": null, "id": null, "Status": "Complete" }, "geometry": { "type": "MultiPolygon", "coordinates": [ [ [ [ 101.963805826344924, 2.722644685778868 ], [ 101.963857831152538, 2.722685646577555 ], [ 101.963893862602148, 2.722639387508468 ], [ 101.963841857798698, 2.722598426710476 ], [ 101.963805826344924, 2.722644685778868 ] ] ] ] } },
{ "type": "Feature", "properties": { "fid": 66029, "latitude": null, "longitude": null, "area_in_meters": null, "confidence": null, "full_plus_code": null, "fid_2": null, "id": null, "Status": "Complete" }, "geometry": { "type": "MultiPolygon", "coordinates": [ [ [ [ 101.963725952139811, 2.722497183510243 ], [ 101.963788994975161, 2.722535895975574 ], [ 101.963823413695451, 2.722479217284147 ], [ 101.963760370865899, 2.722440504818564 ], [ 101.963725952139811, 2.722497183510243 ] ] ] ] } },
{ "type": "Feature", "properties": { "fid": 66030, "latitude": null, "longitude": null, "area_in_meters": null, "confidence": null, "full_plus_code": null, "fid_2": null, "id": null, "Status": "Complete" }, "geometry": { "type": "MultiPolygon", "coordinates": [ [ [ [ 101.966048911847963, 2.724057273472553 ], [ 101.965948687771231, 2.724029716580079 ], [ 101.965981171764355, 2.723949237584101 ], [ 101.965879579777436, 2.723907772215495 ], [ 101.965818108921169, 2.724060066030392 ], [ 101.965905731774328, 2.724095829801218 ], [ 101.965876193640185, 2.724204463329422 ], [ 101.965999659554697, 2.724238410609185 ], [ 101.966048911847963, 2.724057273472553 ] ] ] ] } },
{ "type": "Feature", "properties": { "fid": 66031, "latitude": null, "longitude": null, "area_in_meters": null, "confidence": null, "full_plus_code": null, "fid_2": null, "id": null, "Status": "Complete" }, "geometry": { "type": "MultiPolygon", "coordinates": [ [ [ [ 101.966008472839633, 2.723778632453277 ], [ 101.966043509384804, 2.723735255308896 ], [ 101.966000777025954, 2.723700352812623 ], [ 101.966034680755641, 2.72365752060799 ], [ 101.9659162020465, 2.723562688201422 ], [ 101.96581931868343, 2.723685085555119 ], [ 101.965937797417823, 2.723779917966293 ], [ 101.965966166513567, 2.723744077929659 ], [ 101.966008472839633, 2.723778632453277 ] ] ] ] } },
{ "type": "Feature", "properties": { "fid": 66032, "latitude": null, "longitude": null, "area_in_meters": null, "confidence": null, "full_plus_code": null, "fid_2": null, "id": null, "Status": "Complete" }, "geometry": { "type": "MultiPolygon", "coordinates": [ [ [ [ 101.965814141874787, 2.723594216636449 ], [ 101.965814203779615, 2.723595024007952 ], [ 101.965832427765648, 2.723593611034218 ], [ 101.96583210397435, 2.723589388103071 ], [ 101.965839053841165, 2.72359359463011 ], [ 101.965844143940657, 2.723585090723164 ], [ 101.965831172487881, 2.723577239527008 ], [ 101.965831087909137, 2.723576136439171 ], [ 101.965835032292532, 2.723571635947425 ], [ 101.965830430102599, 2.723567557234829 ], [ 101.965827061419589, 2.723523622402392 ], [ 101.965827836379688, 2.723522548946615 ], [ 101.965826928283136, 2.723521886018158 ], [ 101.965826723877584, 2.723519220132565 ], [ 101.96582360747027, 2.723519461759057 ], [ 101.965786902177115, 2.723492666168683 ], [ 101.965751618850177, 2.723541539765338 ], [ 101.965776601025141, 2.723559777246113 ], [ 101.965776024559332, 2.723560434986263 ], [ 101.965814141874787, 2.723594216636449 ] ], [ [ 101.965809033430091, 2.723548594332615 ], [ 101.965810489193117, 2.72354657784527 ], [ 101.965810761214755, 2.723550125589944 ], [ 101.965809033430091, 2.723548594332615 ] ] ] ] } },
{ "type": "Feature", "properties": { "fid": 66033, "latitude": null, "longitude": null, "area_in_meters": null, "confidence": null, "full_plus_code": null, "fid_2": null, "id": null, "Status": "Complete" }, "geometry": { "type": "MultiPolygon", "coordinates": [ [ [ [ 101.96575968018881, 2.723199555539588 ], [ 101.965696952672062, 2.723289663157211 ], [ 101.965742687844482, 2.723321858011419 ], [ 101.965744986041756, 2.723318556667513 ], [ 101.965740111865799, 2.723326203577517 ], [ 101.965811942606862, 2.723372501880941 ], [ 101.96597146104169, 2.723122239405643 ], [ 101.965899630330199, 2.723075941102013 ], [ 101.965801895918219, 2.723229272918334 ], [ 101.96575968018881, 2.723199555539588 ] ] ] ] } },
{ "type": "Feature", "properties": { "fid": 66034, "latitude": null, "longitude": null, "area_in_meters": null, "confidence": null, "full_plus_code": null, "fid_2": null, "id": null, "Status": "Complete" }, "geometry": { "type": "MultiPolygon", "coordinates": [ [ [ [ 101.965630912111905, 2.723379778982543 ], [ 101.96555603405811, 2.723468806167774 ], [ 101.965605592225813, 2.723510955098587 ], [ 101.965547277839676, 2.723583908806492 ], [ 101.965531991262168, 2.723572144322901 ], [ 101.965476950653823, 2.723644464570124 ], [ 101.965591859749011, 2.723732898101267 ], [ 101.965600203648009, 2.723721934686594 ], [ 101.965796800509736, 2.723475983823385 ], [ 101.965697623612328, 2.723395820029273 ], [ 101.965678258392032, 2.723420046720459 ], [ 101.965630912111905, 2.723379778982543 ] ] ] ] } },
{ "type": "Feature", "properties": { "fid": 66035, "latitude": null, "longitude": null, "area_in_meters": null, "confidence": null, "full_plus_code": null, "fid_2": null, "id": null, "Status": "Complete" }, "geometry": { "type": "MultiPolygon", "coordinates": [ [ [ [ 101.96530684374666, 2.723988049113172 ], [ 101.965398238089108, 2.723878991584436 ], [ 101.965302839068528, 2.72379814776827 ], [ 101.965211444707762, 2.72390720529258 ], [ 101.965223755428823, 2.723917637742811 ], [ 101.965202596340248, 2.723901674579505 ], [ 101.965151962215657, 2.723969541847579 ], [ 101.965244369590678, 2.724039257226366 ], [ 101.965291975251787, 2.723975449133696 ], [ 101.96530684374666, 2.723988049113172 ] ] ] ] } },
{ "type": "Feature", "properties": { "fid": 66036, "latitude": null, "longitude": null, "area_in_meters": null, "confidence": null, "full_plus_code": null, "fid_2": null, "id": null, "Status": "Complete" }, "geometry": { "type": "MultiPolygon", "coordinates": [ [ [ [ 101.96503591063383, 2.723930960799757 ], [ 101.96497002213772, 2.723871212129122 ], [ 101.964971216201832, 2.723869827369332 ], [ 101.964982424718855, 2.72388013357599 ], [ 101.965004804067576, 2.723855522196926 ], [ 101.96496385080674, 2.723817865762963 ], [ 101.964946620588108, 2.723836814455471 ], [ 101.964935159530157, 2.723826820967194 ], [ 101.964867984633656, 2.723904723891224 ], [ 101.964873139027233, 2.723909218272726 ], [ 101.964802236004573, 2.723944121635478 ], [ 101.964870633699789, 2.724084622170955 ], [ 101.965033881358593, 2.72400426037512 ], [ 101.965011467269591, 2.723958218016435 ], [ 101.96503591063383, 2.723930960799757 ] ] ] ] } },
{ "type": "Feature", "properties": { "fid": 66037, "latitude": null, "longitude": null, "area_in_meters": null, "confidence": null, "full_plus_code": null, "fid_2": null, "id": null, "Status": "Complete" }, "geometry": { "type": "MultiPolygon", "coordinates": [ [ [ [ 101.965012469256791, 2.723828850658768 ], [ 101.965072381598404, 2.723824473741183 ], [ 101.965073492442329, 2.723826199387013 ], [ 101.965141563670912, 2.723781889132114 ], [ 101.965089460935204, 2.723700949886822 ], [ 101.9650428064122, 2.723731319155341 ], [ 101.964993923259087, 2.723733330963593 ], [ 101.964990567651924, 2.723731093371132 ], [ 101.964951635033941, 2.723790132908845 ], [ 101.965011367628122, 2.723829963909078 ], [ 101.96501243296845, 2.723828348368853 ], [ 101.965012469256791, 2.723828850658768 ] ] ] ] } },
{ "type": "Feature", "properties": { "fid": 66038, "latitude": null, "longitude": null, "area_in_meters": null, "confidence": null, "full_plus_code": null, "fid_2": null, "id": null, "Status": "Complete" }, "geometry": { "type": "MultiPolygon", "coordinates": [ [ [ [ 101.965513204508284, 2.723115765856306 ], [ 101.965519270852297, 2.723119499180407 ], [ 101.965514341470836, 2.7231290893189 ], [ 101.965559097399961, 2.723152351891492 ], [ 101.965545371878179, 2.723173433438842 ], [ 101.965632756544352, 2.723230964344996 ], [ 101.965653408873322, 2.723199243645743 ], [ 101.965640456608398, 2.723190716342164 ], [ 101.965682964972672, 2.723120869706549 ], [ 101.965676692867262, 2.723117009753143 ], [ 101.965681051467598, 2.723109797811092 ], [ 101.965654137634942, 2.723093349923888 ], [ 101.965667698747609, 2.723068741513591 ], [ 101.96560024124885, 2.723031150693292 ], [ 101.965584270557315, 2.72306013159397 ], [ 101.965557201665987, 2.72304347296782 ], [ 101.965513204508284, 2.723115765856306 ] ] ] ] } },
{ "type": "Feature", "properties": { "fid": 66039, "latitude": null, "longitude": null, "area_in_meters": null, "confidence": null, "full_plus_code": null, "fid_2": null, "id": null, "Status": "Complete" }, "geometry": { "type": "MultiPolygon", "coordinates": [ [ [ [ 101.965144547795077, 2.723647508412847 ], [ 101.965194349408193, 2.723690695555913 ], [ 101.965213652026506, 2.723668187162352 ], [ 101.965227696283975, 2.723685909823562 ], [ 101.965382003052284, 2.723562259791258 ], [ 101.965307553441718, 2.723468310693503 ], [ 101.965153246656925, 2.723591960711562 ], [ 101.96517194691738, 2.723615558853463 ], [ 101.965144547795077, 2.723647508412847 ] ] ] ] } },
{ "type": "Feature", "properties": { "fid": 66040, "latitude": null, "longitude": null, "area_in_meters": null, "confidence": null, "full_plus_code": null, "fid_2": null, "id": null, "Status": "Complete" }, "geometry": { "type": "MultiPolygon", "coordinates": [ [ [ [ 101.965037157071848, 2.723537832388792 ], [ 101.964979524496371, 2.723538641193838 ], [ 101.964979782043457, 2.72355719869759 ], [ 101.96496027499461, 2.72355768291465 ], [ 101.964958726711515, 2.723529142310332 ], [ 101.964746719293842, 2.723540772226472 ], [ 101.964751516351782, 2.723629200078144 ], [ 101.964710152517142, 2.723631893548843 ], [ 101.964706951931333, 2.723536428543937 ], [ 101.964653102265558, 2.723538254147891 ], [ 101.964648318267393, 2.723494373734198 ], [ 101.964524664004088, 2.723508006011975 ], [ 101.964530617616802, 2.7235626145623 ], [ 101.964458541765396, 2.723564806359962 ], [ 101.964460034388907, 2.723614440334364 ], [ 101.964440994498361, 2.723614823366178 ], [ 101.964441823033965, 2.723656470049151 ], [ 101.96441790375404, 2.723655969898282 ], [ 101.964416963236502, 2.723701453291729 ], [ 101.964449390386079, 2.72370213134036 ], [ 101.964449258425446, 2.723708019149489 ], [ 101.964391439431466, 2.72371129338894 ], [ 101.964391419238581, 2.723710797235912 ], [ 101.964342946723164, 2.723712792116766 ], [ 101.964346471740569, 2.723799404282565 ], [ 101.964394944259141, 2.723797409397765 ], [ 101.964394187011706, 2.723778803311448 ], [ 101.964497849130112, 2.723772933009285 ], [ 101.964498915184635, 2.723816795416569 ], [ 101.964599405363813, 2.723814325673948 ], [ 101.964598604109554, 2.723781358482458 ], [ 101.964669041295181, 2.723692184466341 ], [ 101.964834866102066, 2.723681386516374 ], [ 101.964839965514244, 2.723737104161662 ], [ 101.964987915391106, 2.723723411695671 ], [ 101.964981629281439, 2.723654727934548 ], [ 101.964972353485408, 2.723655586390386 ], [ 101.964969739284584, 2.723614990151034 ], [ 101.964963406193931, 2.723615402540124 ], [ 101.964962388842281, 2.723596648973034 ], [ 101.964980323368835, 2.723596203789543 ], [ 101.964980865312427, 2.723635253426647 ], [ 101.965038497892337, 2.723634444616482 ], [ 101.965037157071848, 2.723537832388792 ] ], [ [ 101.964539566552062, 2.72361284035937 ], [ 101.964539341885327, 2.723605369567923 ], [ 101.964613931775403, 2.723597146390638 ], [ 101.964553824751022, 2.72367324232827 ], [ 101.964548123933412, 2.723673382436273 ], [ 101.964546916538538, 2.723612692497246 ], [ 101.964539566552062, 2.72361284035937 ] ] ] ] } },
{ "type": "Feature", "properties": { "fid": 66041, "latitude": null, "longitude": null, "area_in_meters": null, "confidence": null, "full_plus_code": null, "fid_2": null, "id": null, "Status": "Complete" }, "geometry": { "type": "MultiPolygon", "coordinates": [ [ [ [ 101.964779436742276, 2.723276854819372 ], [ 101.964701803513464, 2.723237710366131 ], [ 101.964643737661788, 2.723354159910405 ], [ 101.964581646453041, 2.723329824317329 ], [ 101.964538854748341, 2.723440228931233 ], [ 101.964688085630272, 2.723498717420435 ], [ 101.964730877311837, 2.723388312813973 ], [ 101.964725007091786, 2.723386012081077 ], [ 101.964779436742276, 2.723276854819372 ] ] ] ] } },
{ "type": "Feature", "properties": { "fid": 66042, "latitude": null, "longitude": null, "area_in_meters": null, "confidence": null, "full_plus_code": null, "fid_2": null, "id": null, "Status": "Complete" }, "geometry": { "type": "MultiPolygon", "coordinates": [ [ [ [ 101.964277409668568, 2.723576507132198 ], [ 101.964226571748611, 2.723542059339068 ], [ 101.964211865777969, 2.723564005543349 ], [ 101.964192535679857, 2.723552877504695 ], [ 101.964199345216954, 2.723541139409335 ], [ 101.964174629373801, 2.723526640517384 ], [ 101.964126241874155, 2.723610049571498 ], [ 101.964150957720619, 2.723624548463198 ], [ 101.964159668425509, 2.723609533186345 ], [ 101.964175320220718, 2.723618543681934 ], [ 101.964157250562437, 2.72364550962804 ], [ 101.964216931086568, 2.723685949166341 ], [ 101.9642211713319, 2.723679621307625 ], [ 101.96424461359139, 2.723694156529554 ], [ 101.964312811393441, 2.723582935350668 ], [ 101.964284305737394, 2.72356526059896 ], [ 101.964277409668568, 2.723576507132198 ] ] ] ] } },
{ "type": "Feature", "properties": { "fid": 66043, "latitude": null, "longitude": null, "area_in_meters": null, "confidence": null, "full_plus_code": null, "fid_2": null, "id": null, "Status": "Complete" }, "geometry": { "type": "MultiPolygon", "coordinates": [ [ [ [ 101.964301288423584, 2.723337587461161 ], [ 101.964285682082377, 2.723327581895262 ], [ 101.964258179369509, 2.723370960388852 ], [ 101.964289635788319, 2.7233911277839 ], [ 101.964240805987828, 2.723492050524716 ], [ 101.96434230575511, 2.72354170979231 ], [ 101.964393949209921, 2.72343497168471 ], [ 101.964354725249663, 2.723415781162111 ], [ 101.964363194708056, 2.723402422755161 ], [ 101.964369914443395, 2.723407156574511 ], [ 101.964390717341715, 2.723377295605233 ], [ 101.964312172829921, 2.723321963731547 ], [ 101.964301288423584, 2.723337587461161 ] ] ] ] } },
{ "type": "Feature", "properties": { "fid": 66044, "latitude": null, "longitude": null, "area_in_meters": null, "confidence": null, "full_plus_code": null, "fid_2": null, "id": null, "Status": "Complete" }, "geometry": { "type": "MultiPolygon", "coordinates": [ [ [ [ 101.964638112522039, 2.722858978927718 ], [ 101.96462564552813, 2.722803683949035 ], [ 101.964561628753415, 2.722818279134542 ], [ 101.964577728219979, 2.722889685266755 ], [ 101.964481231847984, 2.722908563740579 ], [ 101.964481217937191, 2.722902877892766 ], [ 101.964335444169208, 2.722903238518221 ], [ 101.964335715851135, 2.723014290269616 ], [ 101.964481489632433, 2.723013929629432 ], [ 101.964481452334113, 2.722998684446454 ], [ 101.964596595308393, 2.722976157956665 ], [ 101.964600702016241, 2.722990313684897 ], [ 101.964738420527539, 2.722949912519267 ], [ 101.964750888486549, 2.722988693939795 ], [ 101.964819305560965, 2.72296645181692 ], [ 101.964744746480534, 2.722734536814638 ], [ 101.964676329408618, 2.722756778920421 ], [ 101.964700298084153, 2.722831333166614 ], [ 101.964696375319718, 2.722824608917711 ], [ 101.964638112522039, 2.722858978927718 ] ] ], [ [ [ 101.964502258589249, 2.722892136080127 ], [ 101.964495374409069, 2.722786653323946 ], [ 101.964470415395738, 2.722788300490518 ], [ 101.96447145188138, 2.722721304412124 ], [ 101.964486914675717, 2.722718529453468 ], [ 101.964478441437166, 2.722670785226072 ], [ 101.964376811460994, 2.722689023773742 ], [ 101.964364737212478, 2.722688834880326 ], [ 101.964364700665485, 2.722691197180932 ], [ 101.964359223629302, 2.722692180091579 ], [ 101.964364247506381, 2.722720488185841 ], [ 101.964362830065923, 2.722812107785272 ], [ 101.964398292458625, 2.722812662566343 ], [ 101.964403902801408, 2.722898627065954 ], [ 101.964502258589249, 2.722892136080127 ] ] ] ] } },
{ "type": "Feature", "properties": { "fid": 66045, "latitude": null, "longitude": null, "area_in_meters": null, "confidence": null, "full_plus_code": null, "fid_2": null, "id": null, "Status": "Complete" }, "geometry": { "type": "MultiPolygon", "coordinates": [ [ [ [ 101.964669389060461, 2.722609390555621 ], [ 101.964669343931192, 2.722609234157071 ], [ 101.964492773490818, 2.722660755055786 ], [ 101.964521603590057, 2.722760667764943 ], [ 101.964565703801171, 2.722747799907313 ], [ 101.964570335832548, 2.722766062965825 ], [ 101.964684012869725, 2.722736908115786 ], [ 101.96467843278046, 2.722714907083906 ], [ 101.964698174034552, 2.722709146847377 ], [ 101.964695525498044, 2.72269996816337 ], [ 101.964699112835419, 2.722711192359831 ], [ 101.96474023943631, 2.722697900678624 ], [ 101.96470796616255, 2.722596922849377 ], [ 101.964669389060461, 2.722609390555621 ] ] ] ] } },
{ "type": "Feature", "properties": { "fid": 66046, "latitude": null, "longitude": null, "area_in_meters": null, "confidence": null, "full_plus_code": null, "fid_2": null, "id": null, "Status": "Complete" }, "geometry": { "type": "MultiPolygon", "coordinates": [ [ [ [ 101.963607453253161, 2.723291081653127 ], [ 101.963594713216949, 2.723322998283535 ], [ 101.963562282790647, 2.723308271502204 ], [ 101.963557250603458, 2.723319477257916 ], [ 101.963436822744868, 2.723262852098648 ], [ 101.963391236513147, 2.723360889261599 ], [ 101.963522806061434, 2.723422753228276 ], [ 101.963526157496673, 2.723415545672063 ], [ 101.963605656614646, 2.72343254301087 ], [ 101.963611588980228, 2.723404485520235 ], [ 101.963660868580689, 2.723430185383098 ], [ 101.963700437656215, 2.72335346128362 ], [ 101.963652797675479, 2.723328616496982 ], [ 101.963658473035053, 2.723314398453933 ], [ 101.963693325699907, 2.723330326641269 ], [ 101.963701013068118, 2.723313317319659 ], [ 101.963712501267068, 2.723319005171411 ], [ 101.963771839937252, 2.723197811182938 ], [ 101.963729624745469, 2.72317691027284 ], [ 101.963712055170532, 2.723212794572281 ], [ 101.963580676409606, 2.72315275250621 ], [ 101.963533444788879, 2.72325725868181 ], [ 101.963607453253161, 2.723291081653127 ] ] ] ] } },
{ "type": "Feature", "properties": { "fid": 66047, "latitude": null, "longitude": null, "area_in_meters": null, "confidence": null, "full_plus_code": null, "fid_2": null, "id": null, "Status": "Complete" }, "geometry": { "type": "MultiPolygon", "coordinates": [ [ [ [ 101.964254870316992, 2.722921206228979 ], [ 101.964300657654249, 2.722823724036605 ], [ 101.964063088023551, 2.722710887133553 ], [ 101.9640715234449, 2.722694098034519 ], [ 101.964025656584894, 2.722670794678519 ], [ 101.963958617372271, 2.722804223441496 ], [ 101.964004484241642, 2.722827526795884 ], [ 101.964014724401466, 2.72280714570877 ], [ 101.964045250381886, 2.722821644432178 ], [ 101.964038206419218, 2.722835121269898 ], [ 101.964134409567947, 2.722885967431755 ], [ 101.964143611290083, 2.722868362263426 ], [ 101.964160386527297, 2.722876329887107 ], [ 101.964152092702506, 2.722891476312261 ], [ 101.964223973053578, 2.722931277380089 ], [ 101.964234726702088, 2.722911638749185 ], [ 101.964254870316992, 2.722921206228979 ] ] ] ] } },
{ "type": "Feature", "properties": { "fid": 66048, "latitude": null, "longitude": null, "area_in_meters": null, "confidence": null, "full_plus_code": null, "fid_2": null, "id": null, "Status": "Complete" }, "geometry": { "type": "MultiPolygon", "coordinates": [ [ [ [ 101.964038246013303, 2.722399795552806 ], [ 101.963919926112979, 2.72233678825889 ], [ 101.963891467748681, 2.722390828477543 ], [ 101.963888436115482, 2.722388912024937 ], [ 101.963902836419763, 2.722368897671162 ], [ 101.963868038111372, 2.722343579722459 ], [ 101.963815208706066, 2.722417004998353 ], [ 101.963837881807493, 2.722433501097809 ], [ 101.963819737442549, 2.722462525314268 ], [ 101.963936980181245, 2.72253664052065 ], [ 101.963937044231528, 2.722536538064066 ], [ 101.964054220210528, 2.722609645181883 ], [ 101.964072938156946, 2.722579307855227 ], [ 101.964100567464584, 2.72259509373172 ], [ 101.964113085911706, 2.722572937705029 ], [ 101.964106719088861, 2.722569300050236 ], [ 101.964161051207554, 2.72249055483855 ], [ 101.964036290668716, 2.722403508601175 ], [ 101.964038246013303, 2.722399795552806 ] ] ], [ [ [ 101.964354808959527, 2.722693301536088 ], [ 101.964347981972566, 2.722615150223303 ], [ 101.964353487290836, 2.722604462867722 ], [ 101.96427497817939, 2.722563567662574 ], [ 101.964269175102984, 2.722574833047175 ], [ 101.964258423846402, 2.722568050706075 ], [ 101.964256504627528, 2.722571127115975 ], [ 101.964262822218174, 2.722560266156755 ], [ 101.964187617998888, 2.722516031191836 ], [ 101.964176674750661, 2.722534844400229 ], [ 101.96415118270923, 2.722519452881262 ], [ 101.964080792440058, 2.722637342572651 ], [ 101.964177608685574, 2.722695798023302 ], [ 101.964174004081997, 2.722701098259635 ], [ 101.964292078526796, 2.72278229864924 ], [ 101.964352463051114, 2.722693508761969 ], [ 101.964354808959527, 2.722693301536088 ] ] ] ] } },
{ "type": "Feature", "properties": { "fid": 66049, "latitude": null, "longitude": null, "area_in_meters": null, "confidence": null, "full_plus_code": null, "fid_2": null, "id": null, "Status": "Complete" }, "geometry": { "type": "MultiPolygon", "coordinates": [ [ [ [ 101.963772047886252, 2.722831337484214 ], [ 101.963816004483661, 2.722742386785916 ], [ 101.963791793711962, 2.722730288512513 ], [ 101.963801574635596, 2.722712438305231 ], [ 101.963726377132133, 2.722670772468109 ], [ 101.963739108437863, 2.722646117368416 ], [ 101.963647790632834, 2.722598434564678 ], [ 101.963614205974594, 2.722663473682182 ], [ 101.963563034783519, 2.722632517898559 ], [ 101.963525444356875, 2.722695352795461 ], [ 101.963704614796299, 2.722803741141025 ], [ 101.963707424385206, 2.722799044724217 ], [ 101.963772047886252, 2.722831337484214 ] ] ] ] } },
{ "type": "Feature", "properties": { "fid": 66050, "latitude": null, "longitude": null, "area_in_meters": null, "confidence": null, "full_plus_code": null, "fid_2": null, "id": null, "Status": "Complete" }, "geometry": { "type": "MultiPolygon", "coordinates": [ [ [ [ 101.964044824866349, 2.723283391541084 ], [ 101.96404221811045, 2.723288884219083 ], [ 101.963808193762233, 2.723161073940204 ], [ 101.96379343092454, 2.723188408029116 ], [ 101.963892259552239, 2.723242382386486 ], [ 101.963880245300871, 2.723270837655424 ], [ 101.96388122444597, 2.72327125569804 ], [ 101.963879970887774, 2.723274536098658 ], [ 101.963879149103406, 2.723274171941226 ], [ 101.963869176216647, 2.72329692967846 ], [ 101.963777902414222, 2.723255833695531 ], [ 101.963722589812946, 2.723380059082221 ], [ 101.963873683674464, 2.723448088997042 ], [ 101.963818338421234, 2.723425624612034 ], [ 101.963797921825432, 2.723476488383784 ], [ 101.963822639511079, 2.723486521178002 ], [ 101.963821014500525, 2.72349017649241 ], [ 101.963819507689365, 2.723489531515983 ], [ 101.96380246962687, 2.723529782321727 ], [ 101.963879855487292, 2.723562906612456 ], [ 101.963892222872929, 2.723533689830708 ], [ 101.96389416571057, 2.723534563218915 ], [ 101.963901324919661, 2.723518459221226 ], [ 101.963933892453952, 2.723531678232685 ], [ 101.963954309039906, 2.723480814463907 ], [ 101.963879679716101, 2.7234505227629 ], [ 101.963882243897984, 2.723444763919054 ], [ 101.963965413084736, 2.723450719577801 ], [ 101.96396462046738, 2.723452389696559 ], [ 101.964002212575878, 2.723470430352831 ], [ 101.964082416965297, 2.723301432199331 ], [ 101.964044824866349, 2.723283391541084 ] ] ] ] } },
{ "type": "Feature", "properties": { "fid": 66051, "latitude": null, "longitude": null, "area_in_meters": null, "confidence": null, "full_plus_code": null, "fid_2": null, "id": null, "Status": "Complete" }, "geometry": { "type": "MultiPolygon", "coordinates": [ [ [ [ 101.966013395823339, 2.724436049602474 ], [ 101.965999031142957, 2.724462201982858 ], [ 101.965880738249922, 2.724380852002096 ], [ 101.965674965153781, 2.724683423788942 ], [ 101.965854307281035, 2.724806757248075 ], [ 101.96606008028624, 2.72450418545713 ], [ 101.966055598268966, 2.724501103175438 ], [ 101.966073112130388, 2.724469217381461 ], [ 101.966013395823339, 2.724436049602474 ] ] ] ] } },
{ "type": "Feature", "properties": { "fid": 66052, "latitude": null, "longitude": null, "area_in_meters": null, "confidence": null, "full_plus_code": null, "fid_2": null, "id": null, "Status": "Complete" }, "geometry": { "type": "MultiPolygon", "coordinates": [ [ [ [ 101.964264098302465, 2.721727369762025 ], [ 101.964318246547947, 2.721741672684732 ], [ 101.964331601077376, 2.721690548200686 ], [ 101.964277452835333, 2.721676245276235 ], [ 101.964264098302465, 2.721727369762025 ] ] ] ] } },
{ "type": "Feature", "properties": { "fid": 66053, "latitude": null, "longitude": null, "area_in_meters": null, "confidence": null, "full_plus_code": null, "fid_2": null, "id": null, "Status": "Complete" }, "geometry": { "type": "MultiPolygon", "coordinates": [ [ [ [ 101.964576609109187, 2.721718823312397 ], [ 101.964629576953328, 2.721702034465654 ], [ 101.964619337814327, 2.721669368490398 ], [ 101.964566369970498, 2.72168615733528 ], [ 101.964576609109187, 2.721718823312397 ] ] ] ] } },
{ "type": "Feature", "properties": { "fid": 66054, "latitude": null, "longitude": null, "area_in_meters": null, "confidence": null, "full_plus_code": null, "fid_2": null, "id": null, "Status": "Complete" }, "geometry": { "type": "MultiPolygon", "coordinates": [ [ [ [ 101.964752197310489, 2.721717278556861 ], [ 101.964831691157144, 2.721709308292996 ], [ 101.964825735700373, 2.721649243962188 ], [ 101.964746241856759, 2.721657214221372 ], [ 101.964752197310489, 2.721717278556861 ] ] ] ] } },
{ "type": "Feature", "properties": { "fid": 66055, "latitude": null, "longitude": null, "area_in_meters": null, "confidence": null, "full_plus_code": null, "fid_2": null, "id": null, "Status": "Complete" }, "geometry": { "type": "MultiPolygon", "coordinates": [ [ [ [ 101.9656609780304, 2.721676162419473 ], [ 101.965702875195561, 2.721648295701354 ], [ 101.965722791828512, 2.72167857567448 ], [ 101.965680894664274, 2.721706442393932 ], [ 101.9656609780304, 2.721676162419473 ] ] ] ] } },
{ "type": "Feature", "properties": { "fid": 66057, "latitude": null, "longitude": null, "area_in_meters": null, "confidence": null, "full_plus_code": null, "fid_2": null, "id": null, "Status": "Complete" }, "geometry": { "type": "MultiPolygon", "coordinates": [ [ [ [ 101.965463577469663, 2.721789924091869 ], [ 101.965374958239096, 2.721679090989333 ], [ 101.965303720324229, 2.721736689378421 ], [ 101.965392339563977, 2.721847522488676 ], [ 101.965463577469663, 2.721789924091869 ] ] ] ] } },
{ "type": "Feature", "properties": { "fid": 66058, "latitude": null, "longitude": null, "area_in_meters": null, "confidence": null, "full_plus_code": null, "fid_2": null, "id": null, "Status": "Complete" }, "geometry": { "type": "MultiPolygon", "coordinates": [ [ [ [ 101.964606833823481, 2.721885327164809 ], [ 101.964692782654552, 2.721807377928061 ], [ 101.964622888381655, 2.721729446896382 ], [ 101.964536939540707, 2.721807396127063 ], [ 101.964606833823481, 2.721885327164809 ] ] ] ] } },
{ "type": "Feature", "properties": { "fid": 66059, "latitude": null, "longitude": null, "area_in_meters": null, "confidence": null, "full_plus_code": null, "fid_2": null, "id": null, "Status": "Complete" }, "geometry": { "type": "MultiPolygon", "coordinates": [ [ [ [ 101.964675569427598, 2.721993988514663 ], [ 101.964787989945819, 2.72190264751196 ], [ 101.964726409079532, 2.721826005614257 ], [ 101.964613988551221, 2.721917346608559 ], [ 101.964675569427598, 2.721993988514663 ] ] ] ] } },
{ "type": "Feature", "properties": { "fid": 66060, "latitude": null, "longitude": null, "area_in_meters": null, "confidence": null, "full_plus_code": null, "fid_2": null, "id": null, "Status": "Complete" }, "geometry": { "type": "MultiPolygon", "coordinates": [ [ [ [ 101.96502709356821, 2.722133045016302 ], [ 101.964953875356983, 2.721997742251002 ], [ 101.965037962638988, 2.721951728970999 ], [ 101.965111180845668, 2.722087031723972 ], [ 101.96502709356821, 2.722133045016302 ] ] ] ] } },
{ "type": "Feature", "properties": { "fid": 66061, "latitude": null, "longitude": null, "area_in_meters": null, "confidence": null, "full_plus_code": null, "fid_2": null, "id": null, "Status": "Complete" }, "geometry": { "type": "MultiPolygon", "coordinates": [ [ [ [ 101.964854978661819, 2.722200102186341 ], [ 101.964733011696239, 2.7220005095861 ], [ 101.964844430019369, 2.721931661038191 ], [ 101.964966396971704, 2.722131253614704 ], [ 101.964854978661819, 2.722200102186341 ] ] ] ] } },
{ "type": "Feature", "properties": { "fid": 66062, "latitude": null, "longitude": null, "area_in_meters": null, "confidence": null, "full_plus_code": null, "fid_2": null, "id": null, "Status": "Complete" }, "geometry": { "type": "MultiPolygon", "coordinates": [ [ [ [ 101.964450695734641, 2.722163344335013 ], [ 101.96463600854841, 2.722074044082829 ], [ 101.964699944146403, 2.722208208019876 ], [ 101.964514631338304, 2.722297508299178 ], [ 101.964450695734641, 2.722163344335013 ] ] ] ] } },
{ "type": "Feature", "properties": { "fid": 66063, "latitude": null, "longitude": null, "area_in_meters": null, "confidence": null, "full_plus_code": null, "fid_2": null, "id": null, "Status": "Complete" }, "geometry": { "type": "MultiPolygon", "coordinates": [ [ [ [ 101.965913381522824, 2.722377388316742 ], [ 101.965961994431979, 2.722386152196545 ], [ 101.965970953634837, 2.722335898867027 ], [ 101.965922340728426, 2.722327134985434 ], [ 101.965913381522824, 2.722377388316742 ] ] ] ] } },
{ "type": "Feature", "properties": { "fid": 66064, "latitude": null, "longitude": null, "area_in_meters": null, "confidence": null, "full_plus_code": null, "fid_2": null, "id": null, "Status": "Complete" }, "geometry": { "type": "MultiPolygon", "coordinates": [ [ [ [ 101.96589376421835, 2.722484047039331 ], [ 101.965953393403126, 2.722481678426317 ], [ 101.965951467096204, 2.722432640689269 ], [ 101.965891837913645, 2.722435009299536 ], [ 101.96589376421835, 2.722484047039331 ] ] ] ] } },
{ "type": "Feature", "properties": { "fid": 66065, "latitude": null, "longitude": null, "area_in_meters": null, "confidence": null, "full_plus_code": null, "fid_2": null, "id": null, "Status": "Complete" }, "geometry": { "type": "MultiPolygon", "coordinates": [ [ [ [ 101.965278209552451, 2.722792982815171 ], [ 101.965280542232847, 2.722795959709762 ], [ 101.965283063535153, 2.722798776813485 ], [ 101.965285762662774, 2.722801422063067 ], [ 101.965288628057607, 2.722803884131142 ], [ 101.965291647449604, 2.722806152474756 ], [ 101.965294807909231, 2.722808217380514 ], [ 101.965298095902952, 2.72281007000617 ], [ 101.965301497351049, 2.722811702418499 ], [ 101.965304997688008, 2.722813107627262 ], [ 101.965308581924816, 2.722814279615137 ], [ 101.965312234713267, 2.722815213363498 ], [ 101.9653159404115, 2.72281590487389 ], [ 101.965319683151179, 2.722816351185161 ], [ 101.965323446905302, 2.722816550386141 ], [ 101.965327215556911, 2.722816501623824 ], [ 101.965330972968047, 2.722816205107017 ], [ 101.965334703048896, 2.722815662105456 ], [ 101.96533838982667, 2.722814874944361 ], [ 101.965342017514033, 2.722813846994475 ], [ 101.965345570576659, 2.722812582657645 ], [ 101.965349033799797, 2.722811087347955 ], [ 101.965352392353395, 2.722809367468553 ], [ 101.965355631855601, 2.72280743038423 ], [ 101.965358738434389, 2.722805284389881 ], [ 101.965361698786893, 2.722802938674986 ], [ 101.965364500236433, 2.722800403284257 ], [ 101.965367130786774, 2.722797689074627 ], [ 101.965369579173526, 2.722794807668758 ], [ 101.96537183491229, 2.722791771405278 ], [ 101.965373888343677, 2.72278859328593 ], [ 101.965375730674538, 2.72278528691991 ], [ 101.965377354015786, 2.722781866465583 ], [ 101.965378751415983, 2.722778346569861 ], [ 101.96537991689128, 2.722774742305476 ], [ 101.965380845450937, 2.722771069106441 ], [ 101.965381533118702, 2.722767342701955 ], [ 101.965381976949899, 2.722763579049052 ], [ 101.965382175043956, 2.722759794264271 ], [ 101.965382126552612, 2.722756004554637 ], [ 101.96538183168353, 2.722752226148268 ], [ 101.965381291699387, 2.722748475224876 ], [ 101.965380508912475, 2.722744767846489 ], [ 101.965379486674792, 2.722741119888667 ], [ 101.965378229363722, 2.722737546972522 ], [ 101.96537674236329, 2.722734064397828 ], [ 101.965375032041052, 2.722730687077501 ], [ 101.965373105720843, 2.722727429473744 ], [ 101.965370971651481, 2.722724305536114 ], [ 101.965368638971384, 2.722721328641788 ], [ 101.965366117669419, 2.722718511538284 ], [ 101.965363418542225, 2.72271586628887 ], [ 101.965360553147818, 2.722713404220909 ], [ 101.965357533756332, 2.722711135877354 ], [ 101.965354373297188, 2.722709070971598 ], [ 101.965351085303993, 2.722707218345886 ], [ 101.965347683856436, 2.722705585933446 ], [ 101.965344183520003, 2.722704180724519 ], [ 101.965340599283707, 2.722703008736427 ], [ 101.965336946495782, 2.722702074987804 ], [ 101.965333240798017, 2.722701383477106 ], [ 101.965329498058779, 2.722700937165492 ], [ 101.96532573430504, 2.722700737964137 ], [ 101.9653219656538, 2.722700786726054 ], [ 101.965318208242948, 2.72270108324244 ], [ 101.965314478162355, 2.722701626243571 ], [ 101.965310791384738, 2.722702413404232 ], [ 101.965307163697489, 2.722703441353687 ], [ 101.965303610634876, 2.722704705690097 ], [ 101.96530014741171, 2.722706200999385 ], [ 101.965296788858012, 2.72270792087841 ], [ 101.965293549355621, 2.722709857962386 ], [ 101.965290442776606, 2.722712003956426 ], [ 101.965287482423804, 2.722714349671056 ], [ 101.965284680973895, 2.722716885061567 ], [ 101.965282050423156, 2.722719599271028 ], [ 101.965279602035963, 2.722722480676782 ], [ 101.965277346296716, 2.722725516940205 ], [ 101.965275292864831, 2.72272869505955 ], [ 101.965273450533431, 2.722732001425626 ], [ 101.965271827191657, 2.722735421880063 ], [ 101.96527042979092, 2.722738941775948 ], [ 101.965269264315097, 2.72274254604055 ], [ 101.965268335754942, 2.722746219239848 ], [ 101.965267648086694, 2.722749945644641 ], [ 101.965267204255056, 2.722753709297887 ], [ 101.965267006160616, 2.722757494083043 ], [ 101.965267054651591, 2.722761283793078 ], [ 101.965267349520389, 2.722765062199866 ], [ 101.96526788950429, 2.722768813123688 ], [ 101.965268672291032, 2.72277252050251 ], [ 101.965269694528615, 2.722776168460764 ], [ 101.965270951839642, 2.722779741377328 ], [ 101.965272438840103, 2.722783223952424 ], [ 101.965274149162468, 2.722786601273128 ], [ 101.965276075482848, 2.722789858877231 ], [ 101.965278209552451, 2.722792982815171 ] ] ] ] } },
{ "type": "Feature", "properties": { "fid": 66066, "latitude": null, "longitude": null, "area_in_meters": null, "confidence": null, "full_plus_code": null, "fid_2": null, "id": null, "Status": "Complete" }, "geometry": { "type": "MultiPolygon", "coordinates": [ [ [ [ 101.965533996517038, 2.72250328657188 ], [ 101.965532714046248, 2.722513814085766 ], [ 101.965449860975681, 2.722502913869067 ], [ 101.965436853399794, 2.722602893136592 ], [ 101.965457989626373, 2.722605673833634 ], [ 101.96545460988655, 2.722638385938407 ], [ 101.965558445528742, 2.722649234222121 ], [ 101.965562342535947, 2.722611515512265 ], [ 101.965544169626213, 2.722609616887266 ], [ 101.965548171208241, 2.722578859768985 ], [ 101.965566745610076, 2.722581147876169 ], [ 101.965562762358402, 2.722608134188501 ], [ 101.965621314398845, 2.722616873479598 ], [ 101.965626142244346, 2.722584165077705 ], [ 101.965614064438455, 2.722582362382493 ], [ 101.965622371307518, 2.722514173119124 ], [ 101.965533996517038, 2.72250328657188 ] ] ] ] } },
{ "type": "Feature", "properties": { "fid": 66067, "latitude": null, "longitude": null, "area_in_meters": null, "confidence": null, "full_plus_code": null, "fid_2": null, "id": null, "Status": "Complete" }, "geometry": { "type": "MultiPolygon", "coordinates": [ [ [ [ 101.965617542095828, 2.722429204435898 ], [ 101.965676877951225, 2.7224397624855 ], [ 101.965682701440642, 2.722406667899589 ], [ 101.965683748448384, 2.722406830151894 ], [ 101.965691004858414, 2.722359480010511 ], [ 101.965707375686293, 2.722266445451496 ], [ 101.965648039842421, 2.722255887394334 ], [ 101.965632154072836, 2.722346165362203 ], [ 101.965508240856295, 2.722326962819211 ], [ 101.965500356513814, 2.722378410339057 ], [ 101.965623132128229, 2.722397436584627 ], [ 101.965617542095828, 2.722429204435898 ] ] ] ] } },
{ "type": "Feature", "properties": { "fid": 66068, "latitude": null, "longitude": null, "area_in_meters": null, "confidence": null, "full_plus_code": null, "fid_2": null, "id": null, "Status": "Complete" }, "geometry": { "type": "MultiPolygon", "coordinates": [ [ [ [ 101.965278249038732, 2.721750130932226 ], [ 101.965269082402443, 2.7217371000882 ], [ 101.965200539371565, 2.721785857574743 ], [ 101.965229649843423, 2.721827239604226 ], [ 101.965071020734229, 2.721974185970253 ], [ 101.965132887954255, 2.722041720386619 ], [ 101.965257824425578, 2.721925985237903 ], [ 101.965300585408897, 2.721974674145741 ], [ 101.965320759944973, 2.721956757288715 ], [ 101.965326874780857, 2.721965449841698 ], [ 101.965395417801105, 2.72191669234246 ], [ 101.965337709039758, 2.721834656375887 ], [ 101.965353224496781, 2.721823512768637 ], [ 101.965293383420743, 2.721739261025137 ], [ 101.965278249038732, 2.721750130932226 ] ] ] ] } },
{ "type": "Feature", "properties": { "fid": 66069, "latitude": null, "longitude": null, "area_in_meters": null, "confidence": null, "full_plus_code": null, "fid_2": null, "id": null, "Status": "Complete" }, "geometry": { "type": "MultiPolygon", "coordinates": [ [ [ [ 101.965642890156701, 2.721505186632757 ], [ 101.96564254877029, 2.721510112464943 ], [ 101.96555021216669, 2.721540952617841 ], [ 101.965559775151604, 2.721569905492566 ], [ 101.965556908862609, 2.721569809651588 ], [ 101.965553824023331, 2.721663101216616 ], [ 101.965600348443473, 2.721664656863878 ], [ 101.965601126242831, 2.721641134663989 ], [ 101.965643229735804, 2.721644001160015 ], [ 101.96564784867013, 2.721575397170986 ], [ 101.965641206336542, 2.721574944946265 ], [ 101.965663158214795, 2.721567613082441 ], [ 101.965663020459246, 2.721567196014062 ], [ 101.96574585105671, 2.721573000955139 ], [ 101.965750030556848, 2.721512695261425 ], [ 101.965642890156701, 2.721505186632757 ] ] ] ] } },
{ "type": "Feature", "properties": { "fid": 66070, "latitude": null, "longitude": null, "area_in_meters": null, "confidence": null, "full_plus_code": null, "fid_2": null, "id": null, "Status": "Complete" }, "geometry": { "type": "MultiPolygon", "coordinates": [ [ [ [ 101.965869322992774, 2.721475216793582 ], [ 101.965856938979201, 2.721477185351305 ], [ 101.965869438345706, 2.721556699079095 ], [ 101.965824833799402, 2.721563894403931 ], [ 101.965833109024246, 2.721615768360122 ], [ 101.965917006571374, 2.721602234531495 ], [ 101.965912128592919, 2.721571656516329 ], [ 101.965972125961414, 2.72156211935359 ], [ 101.965966192835907, 2.721524376262869 ], [ 101.966011789966416, 2.721524263458363 ], [ 101.966011765333363, 2.721514194761744 ], [ 101.9660274137984, 2.721590856158595 ], [ 101.966074923563966, 2.721581049546606 ], [ 101.966041391143548, 2.721416775171885 ], [ 101.96599388138128, 2.721426581775774 ], [ 101.965995693944379, 2.721435461472171 ], [ 101.965966294520612, 2.721435534202171 ], [ 101.965967382563576, 2.721428868375027 ], [ 101.965927609884943, 2.721422303629615 ], [ 101.965859205764559, 2.721449125391049 ], [ 101.965869322992774, 2.721475216793582 ] ] ] ] } },
{ "type": "Feature", "properties": { "fid": 66073, "latitude": null, "longitude": null, "area_in_meters": null, "confidence": null, "full_plus_code": null, "fid_2": null, "id": null, "Status": "Complete" }, "geometry": { "type": "MultiPolygon", "coordinates": [ [ [ [ 101.957606956722628, 2.717162316491884 ], [ 101.957685070618368, 2.717041076216486 ], [ 101.957788586947757, 2.717108518817854 ], [ 101.957710473072666, 2.717229759093284 ], [ 101.957606956722628, 2.717162316491884 ] ] ] ] } },
{ "type": "Feature", "properties": { "fid": 66074, "latitude": null, "longitude": null, "area_in_meters": null, "confidence": null, "full_plus_code": null, "fid_2": null, "id": null, "Status": "Complete" }, "geometry": { "type": "MultiPolygon", "coordinates": [ [ [ [ 101.957348189472512, 2.717472792048369 ], [ 101.957486899213492, 2.717292544336763 ], [ 101.957598123216982, 2.717379096830728 ], [ 101.957459413510591, 2.717559344547697 ], [ 101.957348189472512, 2.717472792048369 ] ] ] ] } },
{ "type": "Feature", "properties": { "fid": 66076, "latitude": null, "longitude": null, "area_in_meters": null, "confidence": null, "full_plus_code": null, "fid_2": null, "id": null, "Status": "Complete" }, "geometry": { "type": "MultiPolygon", "coordinates": [ [ [ [ 101.958392306731, 2.717297443371791 ], [ 101.958373642055179, 2.717270370404066 ], [ 101.958280350691211, 2.717335408821619 ], [ 101.958060131293209, 2.717161506051255 ], [ 101.958153232769803, 2.717096036686427 ], [ 101.958141260991127, 2.717078821123714 ], [ 101.958042960385924, 2.717147946535731 ], [ 101.958040578482169, 2.71714606559488 ], [ 101.958020009973666, 2.717172404378761 ], [ 101.958287778912108, 2.717383856044541 ], [ 101.958308347408405, 2.717357517258595 ], [ 101.958307310753838, 2.717356698633614 ], [ 101.958392306731, 2.717297443371791 ] ] ] ] } },
{ "type": "Feature", "properties": { "fid": 66077, "latitude": null, "longitude": null, "area_in_meters": null, "confidence": null, "full_plus_code": null, "fid_2": null, "id": null, "Status": "Complete" }, "geometry": { "type": "MultiPolygon", "coordinates": [ [ [ [ 101.9603692614468, 2.717292104751276 ], [ 101.960434512606341, 2.717330812366236 ], [ 101.960409230020744, 2.717373910384151 ], [ 101.960343978856713, 2.717335202769503 ], [ 101.9603692614468, 2.717292104751276 ] ] ] ] } },
{ "type": "Feature", "properties": { "fid": 66078, "latitude": null, "longitude": null, "area_in_meters": null, "confidence": null, "full_plus_code": null, "fid_2": null, "id": null, "Status": "Complete" }, "geometry": { "type": "MultiPolygon", "coordinates": [ [ [ [ 101.960236823887641, 2.717326857639359 ], [ 101.96031638281346, 2.717345540478936 ], [ 101.96033109524025, 2.717282186438108 ], [ 101.960251536320484, 2.717263503595171 ], [ 101.960236823887641, 2.717326857639359 ] ] ] ] } },
{ "type": "Feature", "properties": { "fid": 66079, "latitude": null, "longitude": null, "area_in_meters": null, "confidence": null, "full_plus_code": null, "fid_2": null, "id": null, "Status": "Complete" }, "geometry": { "type": "MultiPolygon", "coordinates": [ [ [ [ 101.960059687510409, 2.717599373836365 ], [ 101.960065052205053, 2.717534949951206 ], [ 101.960116357629119, 2.717539270164326 ], [ 101.960110992937686, 2.717603694046735 ], [ 101.960059687510409, 2.717599373836365 ] ] ] ] } },
{ "type": "Feature", "properties": { "fid": 66080, "latitude": null, "longitude": null, "area_in_meters": null, "confidence": null, "full_plus_code": null, "fid_2": null, "id": null, "Status": "Complete" }, "geometry": { "type": "MultiPolygon", "coordinates": [ [ [ [ 101.960155725017074, 2.717582479130362 ], [ 101.960400976488387, 2.717617411341502 ], [ 101.960411579883115, 2.717542132227566 ], [ 101.960166328431455, 2.717507200002156 ], [ 101.960155725017074, 2.717582479130362 ] ] ] ] } },
{ "type": "Feature", "properties": { "fid": 66081, "latitude": null, "longitude": null, "area_in_meters": null, "confidence": null, "full_plus_code": null, "fid_2": null, "id": null, "Status": "Complete" }, "geometry": { "type": "MultiPolygon", "coordinates": [ [ [ [ 101.960234593916255, 2.717771074509135 ], [ 101.960164681630999, 2.71763243083026 ], [ 101.96021746926391, 2.71760551367113 ], [ 101.960287381546962, 2.71774415734205 ], [ 101.960234593916255, 2.717771074509135 ] ] ] ] } },
{ "type": "Feature", "properties": { "fid": 66082, "latitude": null, "longitude": null, "area_in_meters": null, "confidence": null, "full_plus_code": null, "fid_2": null, "id": null, "Status": "Complete" }, "geometry": { "type": "MultiPolygon", "coordinates": [ [ [ [ 101.960093372976559, 2.71782694914331 ], [ 101.960046762976091, 2.717733779663646 ], [ 101.960068822827026, 2.717722619987857 ], [ 101.960115432826896, 2.717815789465287 ], [ 101.960093372976559, 2.71782694914331 ] ] ] ] } },
{ "type": "Feature", "properties": { "fid": 66083, "latitude": null, "longitude": null, "area_in_meters": null, "confidence": null, "full_plus_code": null, "fid_2": null, "id": null, "Status": "Complete" }, "geometry": { "type": "MultiPolygon", "coordinates": [ [ [ [ 101.959982120647965, 2.717491843787812 ], [ 101.959978789019218, 2.717493634158545 ], [ 101.959976598916711, 2.717491857400393 ], [ 101.959972433385232, 2.71749704958744 ], [ 101.959946827592475, 2.717510809782663 ], [ 101.959952631743576, 2.717521731630484 ], [ 101.959952306853708, 2.717522136594169 ], [ 101.959939140763879, 2.717517241080042 ], [ 101.959929239272469, 2.717544169004506 ], [ 101.959981317931934, 2.717563533280315 ], [ 101.959984568966092, 2.717566170737285 ], [ 101.959985451769143, 2.717565070354516 ], [ 101.959985612376286, 2.717565130072661 ], [ 101.959985788811011, 2.717564650243771 ], [ 101.960017540950176, 2.717525072325933 ], [ 101.959986318093698, 2.717499742249103 ], [ 101.959982120647965, 2.717491843787812 ] ] ] ] } },
{ "type": "Feature", "properties": { "fid": 66084, "latitude": null, "longitude": null, "area_in_meters": null, "confidence": null, "full_plus_code": null, "fid_2": null, "id": null, "Status": "Complete" }, "geometry": { "type": "MultiPolygon", "coordinates": [ [ [ [ 101.960106820336563, 2.717659853214443 ], [ 101.960058780818642, 2.717680444659976 ], [ 101.960123203869315, 2.717832428232434 ], [ 101.96017124338654, 2.717811836778947 ], [ 101.960169372522557, 2.717807423132337 ], [ 101.960209242693978, 2.717791126530523 ], [ 101.960134802007531, 2.717606962343582 ], [ 101.960092590351792, 2.717624215999096 ], [ 101.960110588100136, 2.717668741929567 ], [ 101.960106820336563, 2.717659853214443 ] ] ] ] } },
{ "type": "Feature", "properties": { "fid": 66089, "latitude": null, "longitude": null, "area_in_meters": null, "confidence": null, "full_plus_code": null, "fid_2": null, "id": null, "Status": "Complete" }, "geometry": { "type": "MultiPolygon", "coordinates": [ [ [ [ 101.961499899575159, 2.717202695604551 ], [ 101.961536383569609, 2.717219263531123 ], [ 101.961548947296251, 2.717191286814544 ], [ 101.961512463303293, 2.717174718887612 ], [ 101.961499899575159, 2.717202695604551 ] ] ] ] } },
{ "type": "Feature", "properties": { "fid": 66091, "latitude": null, "longitude": null, "area_in_meters": null, "confidence": null, "full_plus_code": null, "fid_2": null, "id": null, "Status": "Complete" }, "geometry": { "type": "MultiPolygon", "coordinates": [ [ [ [ 101.96175615712734, 2.717675148034805 ], [ 101.961845676771077, 2.71770269036371 ], [ 101.961865370592804, 2.717637962479004 ], [ 101.961775850956585, 2.717610420146781 ], [ 101.96175615712734, 2.717675148034805 ] ] ] ] } },
{ "type": "Feature", "properties": { "fid": 66092, "latitude": null, "longitude": null, "area_in_meters": null, "confidence": null, "full_plus_code": null, "fid_2": null, "id": null, "Status": "Complete" }, "geometry": { "type": "MultiPolygon", "coordinates": [ [ [ [ 101.962561638701203, 2.717843071196035 ], [ 101.962704248128802, 2.717903798190597 ], [ 101.962741121645337, 2.717816234384942 ], [ 101.962598512235743, 2.717755507385393 ], [ 101.962561638701203, 2.717843071196035 ] ] ] ] } },
{ "type": "Feature", "properties": { "fid": 66093, "latitude": null, "longitude": null, "area_in_meters": null, "confidence": null, "full_plus_code": null, "fid_2": null, "id": null, "Status": "Complete" }, "geometry": { "type": "MultiPolygon", "coordinates": [ [ [ [ 101.962586002021524, 2.717870774224872 ], [ 101.962651228779848, 2.717899486932971 ], [ 101.962624296745531, 2.717961354691645 ], [ 101.962559069981339, 2.717932641985066 ], [ 101.962586002021524, 2.717870774224872 ] ] ] ] } },
{ "type": "Feature", "properties": { "fid": 66094, "latitude": null, "longitude": null, "area_in_meters": null, "confidence": null, "full_plus_code": null, "fid_2": null, "id": null, "Status": "Complete" }, "geometry": { "type": "MultiPolygon", "coordinates": [ [ [ [ 101.962444227306079, 2.718152087216516 ], [ 101.962545276799858, 2.717926401030731 ], [ 101.962637370709231, 2.717968097908118 ], [ 101.96253632124602, 2.7181937840865 ], [ 101.962444227306079, 2.718152087216516 ] ] ] ] } },
{ "type": "Feature", "properties": { "fid": 66095, "latitude": null, "longitude": null, "area_in_meters": null, "confidence": null, "full_plus_code": null, "fid_2": null, "id": null, "Status": "Complete" }, "geometry": { "type": "MultiPolygon", "coordinates": [ [ [ [ 101.962347503036028, 2.718340004865487 ], [ 101.962402565773814, 2.718276568972656 ], [ 101.962434409107502, 2.718304519144746 ], [ 101.962379346373297, 2.718367955038579 ], [ 101.962347503036028, 2.718340004865487 ] ] ] ] } },
{ "type": "Feature", "properties": { "fid": 66096, "latitude": null, "longitude": null, "area_in_meters": null, "confidence": null, "full_plus_code": null, "fid_2": null, "id": null, "Status": "Complete" }, "geometry": { "type": "MultiPolygon", "coordinates": [ [ [ [ 101.962661687160022, 2.718564666186243 ], [ 101.962702379831171, 2.718495713128279 ], [ 101.962650738843294, 2.718464895420035 ], [ 101.962610046166446, 2.718533848478368 ], [ 101.962661687160022, 2.718564666186243 ] ] ] ] } },
{ "type": "Feature", "properties": { "fid": 66097, "latitude": null, "longitude": null, "area_in_meters": null, "confidence": null, "full_plus_code": null, "fid_2": null, "id": null, "Status": "Complete" }, "geometry": { "type": "MultiPolygon", "coordinates": [ [ [ [ 101.962565408584382, 2.718482724914878 ], [ 101.962430491511057, 2.718406431618366 ], [ 101.962466944978587, 2.718341244404165 ], [ 101.962601862038014, 2.718417537702098 ], [ 101.962565408584382, 2.718482724914878 ] ] ] ] } },
{ "type": "Feature", "properties": { "fid": 66100, "latitude": null, "longitude": null, "area_in_meters": null, "confidence": null, "full_plus_code": null, "fid_2": null, "id": null, "Status": "Complete" }, "geometry": { "type": "MultiPolygon", "coordinates": [ [ [ [ 101.961475893807687, 2.717321581218292 ], [ 101.961519485644132, 2.717339561504373 ], [ 101.961517541150911, 2.71734485382308 ], [ 101.96158865884216, 2.717371276811144 ], [ 101.961644609319521, 2.717218996606232 ], [ 101.961573491643207, 2.717192573612949 ], [ 101.961558278515668, 2.717233979115636 ], [ 101.961493556492059, 2.717205595849606 ], [ 101.961470220406611, 2.717259405688203 ], [ 101.96149654580303, 2.717270950454499 ], [ 101.961475893807687, 2.717321581218292 ] ] ] ] } },
{ "type": "Feature", "properties": { "fid": 66101, "latitude": null, "longitude": null, "area_in_meters": null, "confidence": null, "full_plus_code": null, "fid_2": null, "id": null, "Status": "Complete" }, "geometry": { "type": "MultiPolygon", "coordinates": [ [ [ [ 101.961373848103207, 2.717394029395995 ], [ 101.961385472973078, 2.717377330589821 ], [ 101.961304293118786, 2.717320183394673 ], [ 101.961304463236459, 2.717317702837452 ], [ 101.961300365727197, 2.71731741867656 ], [ 101.961295866665097, 2.717314251526503 ], [ 101.961293970596458, 2.717316975176388 ], [ 101.961287037323686, 2.717316494356247 ], [ 101.96128624308119, 2.717328075537233 ], [ 101.961284241792697, 2.717330950332514 ], [ 101.961285962838275, 2.717332161876016 ], [ 101.961285011908672, 2.717346027777134 ], [ 101.96128220068897, 2.717344661072467 ], [ 101.961251920379709, 2.717407644209046 ], [ 101.961333739406882, 2.717447421403106 ], [ 101.961363059798359, 2.717386434884375 ], [ 101.961373848103207, 2.717394029395995 ] ], [ [ 101.961351749789543, 2.717378473115161 ], [ 101.96134812682827, 2.717376711773604 ], [ 101.961348457079907, 2.717376155186446 ], [ 101.961351749789543, 2.717378473115161 ] ] ] ] } },
{ "type": "Feature", "properties": { "fid": 66102, "latitude": null, "longitude": null, "area_in_meters": null, "confidence": null, "full_plus_code": null, "fid_2": null, "id": null, "Status": "Complete" }, "geometry": { "type": "MultiPolygon", "coordinates": [ [ [ [ 101.961699237832406, 2.717403760510439 ], [ 101.961701547762644, 2.717432473144044 ], [ 101.961688239464962, 2.71744876807868 ], [ 101.961757954033416, 2.717506343513305 ], [ 101.961807667337226, 2.717445473581059 ], [ 101.961781880430266, 2.717424176848873 ], [ 101.961826122688223, 2.717382906876492 ], [ 101.961786260645766, 2.717339694656096 ], [ 101.961756105647822, 2.717367823776417 ], [ 101.961737082797242, 2.717350116468021 ], [ 101.961737734827693, 2.717344217573171 ], [ 101.961765994866767, 2.71728406153083 ], [ 101.96165236681621, 2.717230082743092 ], [ 101.961620506057557, 2.717297903474637 ], [ 101.961632263598773, 2.717303488871248 ], [ 101.961626905280795, 2.717312778204625 ], [ 101.961625386762506, 2.717312235719072 ], [ 101.961622492353072, 2.717320428582397 ], [ 101.961619469430488, 2.717325669207495 ], [ 101.961620440761848, 2.717326235779654 ], [ 101.961593154773894, 2.717403471006843 ], [ 101.961682685235871, 2.717435455455344 ], [ 101.961695207832179, 2.717400009208668 ], [ 101.961699237832406, 2.717403760510439 ] ], [ [ 101.961720581194811, 2.717362581589115 ], [ 101.961700862700326, 2.717384002635694 ], [ 101.961708891999194, 2.717361275039788 ], [ 101.961720581194811, 2.717362581589115 ] ] ] ] } },
{ "type": "Feature", "properties": { "fid": 66103, "latitude": null, "longitude": null, "area_in_meters": null, "confidence": null, "full_plus_code": null, "fid_2": null, "id": null, "Status": "Complete" }, "geometry": { "type": "MultiPolygon", "coordinates": [ [ [ [ 101.961470085778089, 2.717656974754346 ], [ 101.961476530396908, 2.717641359918439 ], [ 101.961476673922888, 2.717641411123032 ], [ 101.961477643439636, 2.717638663098031 ], [ 101.961553695752272, 2.717454393955815 ], [ 101.961544071601438, 2.717450377285077 ], [ 101.961546867107614, 2.717442453625325 ], [ 101.961431354987013, 2.717401243285414 ], [ 101.961430711845978, 2.717403066221407 ], [ 101.961405561878621, 2.717392569800506 ], [ 101.961321951861478, 2.717595150611411 ], [ 101.961470085778089, 2.717656974754346 ] ] ] ] } },
{ "type": "Feature", "properties": { "fid": 66104, "latitude": null, "longitude": null, "area_in_meters": null, "confidence": null, "full_plus_code": null, "fid_2": null, "id": null, "Status": "Complete" }, "geometry": { "type": "MultiPolygon", "coordinates": [ [ [ [ 101.961536157413192, 2.717533081345541 ], [ 101.961529411587478, 2.717530228323175 ], [ 101.961438281906723, 2.717748116435439 ], [ 101.961535029467981, 2.717789034007898 ], [ 101.961605134375716, 2.717621415397088 ], [ 101.961626835017697, 2.717628824920173 ], [ 101.96164126325543, 2.717586094280956 ], [ 101.961669110971286, 2.717596756602326 ], [ 101.961644537041607, 2.717642107577328 ], [ 101.961672567008364, 2.717657466269928 ], [ 101.961673302342774, 2.717656109216514 ], [ 101.96168276870219, 2.717670590456678 ], [ 101.961675935117938, 2.717684720517261 ], [ 101.961704309820348, 2.71769859700295 ], [ 101.961754547861858, 2.717594717896289 ], [ 101.961755959359991, 2.717594080058941 ], [ 101.961733792321851, 2.717544475474112 ], [ 101.961735232909476, 2.717541816881888 ], [ 101.961731751905958, 2.717539909506284 ], [ 101.961728199039072, 2.717531959031084 ], [ 101.961722194266201, 2.717534672508146 ], [ 101.961707202947792, 2.717526458188661 ], [ 101.961703853322888, 2.717532639892502 ], [ 101.961702047803868, 2.717525304060756 ], [ 101.96170497258683, 2.717517579474768 ], [ 101.961699644508769, 2.717515539462119 ], [ 101.96169671530285, 2.717503638085493 ], [ 101.961709281606588, 2.717473147767567 ], [ 101.961568886280929, 2.717414636136734 ], [ 101.96155412003715, 2.717450464275505 ], [ 101.96156282811404, 2.717454093482772 ], [ 101.961536157413192, 2.717533081345541 ] ], [ [ 101.961689491607217, 2.717559144314725 ], [ 101.961688638989301, 2.71756071781373 ], [ 101.961689352571568, 2.717558833185829 ], [ 101.961689491607217, 2.717559144314725 ] ], [ [ 101.961683587108098, 2.717637128769516 ], [ 101.961686971185557, 2.717630883483314 ], [ 101.961685815320564, 2.717635655855065 ], [ 101.961683587108098, 2.717637128769516 ] ] ] ] } },
{ "type": "Feature", "properties": { "fid": 66105, "latitude": null, "longitude": null, "area_in_meters": null, "confidence": null, "full_plus_code": null, "fid_2": null, "id": null, "Status": "Complete" }, "geometry": { "type": "MultiPolygon", "coordinates": [ [ [ [ 101.961902187999456, 2.717780287820594 ], [ 101.961946390444467, 2.7177810677204 ], [ 101.96194675053016, 2.71776043023326 ], [ 101.961981824018153, 2.717773685903868 ], [ 101.962024614377427, 2.71765919608791 ], [ 101.96193051893728, 2.717623633655777 ], [ 101.961887728563084, 2.717738123476826 ], [ 101.961902824144531, 2.717743828699392 ], [ 101.961902187999456, 2.717780287820594 ] ] ] ] } },
{ "type": "Feature", "properties": { "fid": 66106, "latitude": null, "longitude": null, "area_in_meters": null, "confidence": null, "full_plus_code": null, "fid_2": null, "id": null, "Status": "Complete" }, "geometry": { "type": "MultiPolygon", "coordinates": [ [ [ [ 101.962044366654283, 2.717664442270251 ], [ 101.962036809826174, 2.717694848715106 ], [ 101.962017924706643, 2.717690049618936 ], [ 101.961978550344526, 2.717846731022093 ], [ 101.962087434229488, 2.717874400633973 ], [ 101.96211406656991, 2.717768423186458 ], [ 101.962217120770163, 2.717793102415962 ], [ 101.962230078033016, 2.717738389347852 ], [ 101.962147154773234, 2.71771853103447 ], [ 101.962153764476824, 2.717691935526601 ], [ 101.962044366654283, 2.717664442270251 ] ] ] ] } },
{ "type": "Feature", "properties": { "fid": 66107, "latitude": null, "longitude": null, "area_in_meters": null, "confidence": null, "full_plus_code": null, "fid_2": null, "id": null, "Status": "Complete" }, "geometry": { "type": "MultiPolygon", "coordinates": [ [ [ [ 101.962455505145584, 2.717795580475665 ], [ 101.962467498464463, 2.717732250888247 ], [ 101.962426572487928, 2.717724413425082 ], [ 101.962425359970609, 2.717730816006887 ], [ 101.962424423628988, 2.717730136125086 ], [ 101.962391181818475, 2.717776430604291 ], [ 101.962356468427032, 2.717770568570002 ], [ 101.962344085625688, 2.717844718568465 ], [ 101.962441308560656, 2.71786113655362 ], [ 101.962452356882537, 2.717794977572811 ], [ 101.962455505145584, 2.717795580475665 ] ] ] ] } },
{ "type": "Feature", "properties": { "fid": 66108, "latitude": null, "longitude": null, "area_in_meters": null, "confidence": null, "full_plus_code": null, "fid_2": null, "id": null, "Status": "Complete" }, "geometry": { "type": "MultiPolygon", "coordinates": [ [ [ [ 101.962556135951885, 2.717850858458066 ], [ 101.962559023019978, 2.717804385573881 ], [ 101.962573697052292, 2.717806394078512 ], [ 101.962580663223676, 2.717754928779665 ], [ 101.962469086547486, 2.717739656743742 ], [ 101.962462120370034, 2.717791122047066 ], [ 101.962521511110651, 2.71779925114035 ], [ 101.962474146886805, 2.717796275696083 ], [ 101.962471087911211, 2.717845515701366 ], [ 101.962556135951885, 2.717850858458066 ] ] ] ] } },
{ "type": "Feature", "properties": { "fid": 66109, "latitude": null, "longitude": null, "area_in_meters": null, "confidence": null, "full_plus_code": null, "fid_2": null, "id": null, "Status": "Complete" }, "geometry": { "type": "MultiPolygon", "coordinates": [ [ [ [ 101.962284146022952, 2.717989773039416 ], [ 101.962268362818776, 2.718040358060251 ], [ 101.962355673779783, 2.718067905758848 ], [ 101.962382352094949, 2.71798240198272 ], [ 101.962415212129613, 2.717954093202858 ], [ 101.962428362324474, 2.717960361981727 ], [ 101.962444778774724, 2.717925538510171 ], [ 101.962324264337454, 2.717868088531497 ], [ 101.962307847880922, 2.717902912004383 ], [ 101.96231141710976, 2.717904613477747 ], [ 101.962282594636434, 2.71798923872775 ], [ 101.962284146022952, 2.717989773039416 ] ] ] ] } },
{ "type": "Feature", "properties": { "fid": 66110, "latitude": null, "longitude": null, "area_in_meters": null, "confidence": null, "full_plus_code": null, "fid_2": null, "id": null, "Status": "Complete" }, "geometry": { "type": "MultiPolygon", "coordinates": [ [ [ [ 101.962431389858608, 2.718322029409014 ], [ 101.962476714769693, 2.718346542133243 ], [ 101.962512992797144, 2.718278710499802 ], [ 101.962471577817936, 2.718256312351105 ], [ 101.962498474879681, 2.718213821365476 ], [ 101.962454251101164, 2.71818551349388 ], [ 101.962454247714831, 2.718185378272568 ], [ 101.962454047763046, 2.718185383336087 ], [ 101.962445399408011, 2.718179847478862 ], [ 101.962441697194649, 2.718185696098117 ], [ 101.962380043955093, 2.718187257385969 ], [ 101.96234673507341, 2.718170389696385 ], [ 101.962320711472017, 2.718222355196873 ], [ 101.962394756265311, 2.718259851636022 ], [ 101.962392594148682, 2.718263267267621 ], [ 101.96244490797605, 2.718296753617067 ], [ 101.962431389858608, 2.718322029409014 ] ] ] ] } },
{ "type": "Feature", "properties": { "fid": 66111, "latitude": null, "longitude": null, "area_in_meters": null, "confidence": null, "full_plus_code": null, "fid_2": null, "id": null, "Status": "Complete" }, "geometry": { "type": "MultiPolygon", "coordinates": [ [ [ [ 101.96216325363126, 2.718412643803391 ], [ 101.962181393590242, 2.718435912214483 ], [ 101.962165508396183, 2.71843151718892 ], [ 101.962150482692238, 2.718486434470724 ], [ 101.962135875385101, 2.718507106123803 ], [ 101.962193951744482, 2.718548605098767 ], [ 101.962193319982887, 2.71855000960727 ], [ 101.962225468271726, 2.718564632379582 ], [ 101.962286978198478, 2.718427885822501 ], [ 101.962254829916105, 2.718413263048639 ], [ 101.962254057466566, 2.718414980329267 ], [ 101.962218365172234, 2.718369197260132 ], [ 101.96216325363126, 2.718412643803391 ] ] ] ] } },
{ "type": "Feature", "properties": { "fid": 66112, "latitude": null, "longitude": null, "area_in_meters": null, "confidence": null, "full_plus_code": null, "fid_2": null, "id": null, "Status": "Complete" }, "geometry": { "type": "MultiPolygon", "coordinates": [ [ [ [ 101.961959804260857, 2.718360910714103 ], [ 101.961973093031119, 2.718342395921579 ], [ 101.961985291482762, 2.718346451388638 ], [ 101.962002427051843, 2.718294331247913 ], [ 101.962006141245212, 2.718291984131707 ], [ 101.961978424222067, 2.718247631461647 ], [ 101.961974456963077, 2.718250138497758 ], [ 101.961916542965611, 2.718232236785608 ], [ 101.961877627435243, 2.718359544639527 ], [ 101.961872675385095, 2.718357834556207 ], [ 101.96180359486064, 2.718560120905067 ], [ 101.961860668954799, 2.718579830196624 ], [ 101.961862179368325, 2.718582186866597 ], [ 101.96186402659481, 2.718580989684254 ], [ 101.961865055631563, 2.718581345039614 ], [ 101.961865503962258, 2.718580032206532 ], [ 101.961892092304396, 2.718562800376051 ], [ 101.96190521360343, 2.718567643816989 ], [ 101.961934833081699, 2.718486502270326 ], [ 101.961901629805155, 2.718474246003349 ], [ 101.961914530836566, 2.718436468306786 ], [ 101.961939150187305, 2.718445402128447 ], [ 101.961946421797691, 2.718425138693741 ], [ 101.961961188307811, 2.718425358262883 ], [ 101.961962135467829, 2.718360945377888 ], [ 101.961959804260857, 2.718360910714103 ] ] ] ] } },
{ "type": "Feature", "properties": { "fid": 66113, "latitude": null, "longitude": null, "area_in_meters": null, "confidence": null, "full_plus_code": null, "fid_2": null, "id": null, "Status": "Complete" }, "geometry": { "type": "MultiPolygon", "coordinates": [ [ [ [ 101.961837027414333, 2.718231322465582 ], [ 101.961808372394046, 2.718229952576673 ], [ 101.961809240036771, 2.718225229426767 ], [ 101.96171217680245, 2.718207198934508 ], [ 101.961657683051882, 2.718503844095582 ], [ 101.961754746318746, 2.718521874566953 ], [ 101.961784047369349, 2.718362369681286 ], [ 101.961830726528618, 2.718364601230934 ], [ 101.961837027414333, 2.718231322465582 ] ] ] ] } },
{ "type": "Feature", "properties": { "fid": 66114, "latitude": null, "longitude": null, "area_in_meters": null, "confidence": null, "full_plus_code": null, "fid_2": null, "id": null, "Status": "Complete" }, "geometry": { "type": "MultiPolygon", "coordinates": [ [ [ [ 101.961890519791908, 2.717976879844511 ], [ 101.961794952171687, 2.717953481620413 ], [ 101.961754827769965, 2.718119203531036 ], [ 101.961714628687176, 2.718110135963132 ], [ 101.961702137439119, 2.718166134208214 ], [ 101.961833627665854, 2.718195793996363 ], [ 101.961835324990446, 2.71818818488829 ], [ 101.961839133132344, 2.718189117250986 ], [ 101.961890519791908, 2.717976879844511 ] ] ] ] } },
{ "type": "Feature", "properties": { "fid": 66115, "latitude": null, "longitude": null, "area_in_meters": null, "confidence": null, "full_plus_code": null, "fid_2": null, "id": null, "Status": "Complete" }, "geometry": { "type": "MultiPolygon", "coordinates": [ [ [ [ 101.961644345708621, 2.718016355651716 ], [ 101.961669058553213, 2.718022725277348 ], [ 101.961655254938236, 2.718079448771857 ], [ 101.961624524492606, 2.718071102280567 ], [ 101.961611467334535, 2.718119715781457 ], [ 101.961708714736773, 2.718146128494951 ], [ 101.961719183790009, 2.718107150830237 ], [ 101.961732923621298, 2.718110531902564 ], [ 101.961783219518395, 2.717903849809127 ], [ 101.961702802413413, 2.717884060900514 ], [ 101.961699429880866, 2.717897919721656 ], [ 101.961676068263401, 2.717891898366012 ], [ 101.961644345708621, 2.718016355651716 ] ] ] ] } },
{ "type": "Feature", "properties": { "fid": 66116, "latitude": null, "longitude": null, "area_in_meters": null, "confidence": null, "full_plus_code": null, "fid_2": null, "id": null, "Status": "Complete" }, "geometry": { "type": "MultiPolygon", "coordinates": [ [ [ [ 101.961659777874161, 2.718393471536349 ], [ 101.961659914180871, 2.71839200593798 ], [ 101.96165604470643, 2.718391642024737 ], [ 101.961550160492905, 2.718339751402042 ], [ 101.961530724410366, 2.718379856001619 ], [ 101.961521838483151, 2.718379020305033 ], [ 101.961514017867728, 2.718463109089872 ], [ 101.961652093576902, 2.718476094713267 ], [ 101.961658198924297, 2.718410448736644 ], [ 101.961665150612589, 2.718396104551541 ], [ 101.961659777874161, 2.718393471536349 ] ] ] ] } },
{ "type": "Feature", "properties": { "fid": 66117, "latitude": null, "longitude": null, "area_in_meters": null, "confidence": null, "full_plus_code": null, "fid_2": null, "id": null, "Status": "Complete" }, "geometry": { "type": "MultiPolygon", "coordinates": [ [ [ [ 101.961580933110909, 2.718120174570108 ], [ 101.961489935170093, 2.718097805076702 ], [ 101.961447426823653, 2.718272666094375 ], [ 101.961437675236354, 2.718271012324572 ], [ 101.961426468376899, 2.718337835533192 ], [ 101.961549102211777, 2.718358632973872 ], [ 101.961558793004926, 2.718300849581517 ], [ 101.961558900418822, 2.718300861389411 ], [ 101.961559101985031, 2.718299007222643 ], [ 101.961560309062165, 2.718291809771347 ], [ 101.961559892105981, 2.718291739059829 ], [ 101.961576609320048, 2.718137960789362 ], [ 101.961580933110909, 2.718120174570108 ] ] ] ] } },
{ "type": "Feature", "properties": { "fid": 66118, "latitude": null, "longitude": null, "area_in_meters": null, "confidence": null, "full_plus_code": null, "fid_2": null, "id": null, "Status": "Complete" }, "geometry": { "type": "MultiPolygon", "coordinates": [ [ [ [ 101.963551988107682, 2.71773956907327 ], [ 101.96346901329477, 2.717678695007243 ], [ 101.963400499641011, 2.717773130382785 ], [ 101.963483474467239, 2.717834004450148 ], [ 101.963551988107682, 2.71773956907327 ] ] ] ] } },
{ "type": "Feature", "properties": { "fid": 66119, "latitude": null, "longitude": null, "area_in_meters": null, "confidence": null, "full_plus_code": null, "fid_2": null, "id": null, "Status": "Complete" }, "geometry": { "type": "MultiPolygon", "coordinates": [ [ [ [ 101.962293210871906, 2.717130162615479 ], [ 101.962315709113284, 2.717077414887924 ], [ 101.962267066525072, 2.717056434879323 ], [ 101.962247778190175, 2.717101656888884 ], [ 101.962103509269326, 2.71706100943984 ], [ 101.961980895526409, 2.717501080444526 ], [ 101.962139279839519, 2.717545704806887 ], [ 101.962134181199318, 2.717569248928044 ], [ 101.962082872996831, 2.717556671271863 ], [ 101.96207291704097, 2.717597740236817 ], [ 101.962149162852398, 2.717616431077694 ], [ 101.962156182740799, 2.717587473572184 ], [ 101.962159950739277, 2.717588298709611 ], [ 101.962167455613212, 2.717553643256789 ], [ 101.962173309403141, 2.717555292546658 ], [ 101.962291915770606, 2.717129604026103 ], [ 101.962293210871906, 2.717130162615479 ] ] ] ] } },
{ "type": "Feature", "properties": { "fid": 66120, "latitude": null, "longitude": null, "area_in_meters": null, "confidence": null, "full_plus_code": null, "fid_2": null, "id": null, "Status": "Complete" }, "geometry": { "type": "MultiPolygon", "coordinates": [ [ [ [ 101.962345583280026, 2.71710066224514 ], [ 101.962324880579999, 2.717158880931606 ], [ 101.962305954241998, 2.717152954743792 ], [ 101.96216898956726, 2.717595282157888 ], [ 101.962279180799797, 2.71762978503109 ], [ 101.962288237218758, 2.717600537314465 ], [ 101.962339112745795, 2.717617072945178 ], [ 101.962387338081015, 2.717467032909063 ], [ 101.9623348579115, 2.717449975727633 ], [ 101.962345146489042, 2.717416748753305 ], [ 101.962415745996921, 2.717412736506794 ], [ 101.962418129648782, 2.717413651678444 ], [ 101.962418537350104, 2.717412577871168 ], [ 101.962419231282979, 2.717412538434211 ], [ 101.962419143740277, 2.71741098075551 ], [ 101.962429102638481, 2.717384750923511 ], [ 101.962419339570857, 2.71738100252237 ], [ 101.962478364589444, 2.717206945193745 ], [ 101.962449667313876, 2.717197104434202 ], [ 101.962468273775301, 2.717144780622079 ], [ 101.962345583280026, 2.71710066224514 ] ] ] ] } },
{ "type": "Feature", "properties": { "fid": 66121, "latitude": null, "longitude": null, "area_in_meters": null, "confidence": null, "full_plus_code": null, "fid_2": null, "id": null, "Status": "Complete" }, "geometry": { "type": "MultiPolygon", "coordinates": [ [ [ [ 101.962525928426331, 2.717691017240306 ], [ 101.962613691262476, 2.717684713152761 ], [ 101.962613085294279, 2.717676182506842 ], [ 101.962641870977222, 2.717685178507267 ], [ 101.96277445053849, 2.717256188348006 ], [ 101.962623955292997, 2.717209156040099 ], [ 101.962605754702921, 2.717268047996476 ], [ 101.962560207930593, 2.717256716949554 ], [ 101.962544898855128, 2.717318944182512 ], [ 101.962586803379082, 2.717329369114723 ], [ 101.962557394856461, 2.717424526767453 ], [ 101.962503150564899, 2.717407889277843 ], [ 101.962485621966252, 2.71746567988692 ], [ 101.962502241035907, 2.717470777189143 ], [ 101.962450643354543, 2.717613466175663 ], [ 101.962494092850761, 2.71762935413522 ], [ 101.962491375647417, 2.717638146235921 ], [ 101.962522871975025, 2.717647989357487 ], [ 101.962525928426331, 2.717691017240306 ] ] ] ] } },
{ "type": "Feature", "properties": { "fid": 66122, "latitude": null, "longitude": null, "area_in_meters": null, "confidence": null, "full_plus_code": null, "fid_2": null, "id": null, "Status": "Complete" }, "geometry": { "type": "MultiPolygon", "coordinates": [ [ [ [ 101.962804536384667, 2.717262791761862 ], [ 101.962791021106256, 2.717258368513525 ], [ 101.962674835979485, 2.717617355075476 ], [ 101.962799387937054, 2.717658118101646 ], [ 101.962811449014723, 2.717620852000229 ], [ 101.962859302007331, 2.717633557753082 ], [ 101.962876808895103, 2.717566883002908 ], [ 101.962832705877474, 2.717555172926975 ], [ 101.962846638052355, 2.717512125542971 ], [ 101.962897691146125, 2.717525742017457 ], [ 101.962914104532928, 2.717463512072039 ], [ 101.962866482447765, 2.717450810685998 ], [ 101.962879579814981, 2.717410342675701 ], [ 101.96293058025114, 2.71742682406601 ], [ 101.962968939585352, 2.717306792632973 ], [ 101.962922115471429, 2.717291660864775 ], [ 101.962944448927288, 2.717226895214712 ], [ 101.962830604039752, 2.717187197192751 ], [ 101.962804536384667, 2.717262791761862 ] ] ] ] } },
{ "type": "Feature", "properties": { "fid": 66123, "latitude": null, "longitude": null, "area_in_meters": null, "confidence": null, "full_plus_code": null, "fid_2": null, "id": null, "Status": "Complete" }, "geometry": { "type": "MultiPolygon", "coordinates": [ [ [ [ 101.96313666676717, 2.717347452590059 ], [ 101.963073890113535, 2.717322081010506 ], [ 101.963017910086208, 2.71746214538128 ], [ 101.963080318373258, 2.717487368074368 ], [ 101.963079543025557, 2.717489496617214 ], [ 101.963022343719672, 2.717468797593809 ], [ 101.962986147017986, 2.717569944754751 ], [ 101.962986268476129, 2.717569988707459 ], [ 101.962960890762702, 2.71762886494478 ], [ 101.963019474961541, 2.717654399987373 ], [ 101.963002175056417, 2.71770189298893 ], [ 101.96312241219178, 2.717746182023287 ], [ 101.963247374304672, 2.717403126490446 ], [ 101.963254355357748, 2.717405636805532 ], [ 101.963277137989195, 2.717341568894853 ], [ 101.963154447526819, 2.717297450655124 ], [ 101.96313666676717, 2.717347452590059 ] ], [ [ 101.963022673704998, 2.71758316286165 ], [ 101.963042774338234, 2.717590436784925 ], [ 101.963042306794833, 2.71759172032026 ], [ 101.963022673704998, 2.71758316286165 ] ] ] ] } },
{ "type": "Feature", "properties": { "fid": 66124, "latitude": null, "longitude": null, "area_in_meters": null, "confidence": null, "full_plus_code": null, "fid_2": null, "id": null, "Status": "Complete" }, "geometry": { "type": "MultiPolygon", "coordinates": [ [ [ [ 101.963477181224917, 2.717405485653698 ], [ 101.963380743978519, 2.717375729719015 ], [ 101.963379841234413, 2.717378688274887 ], [ 101.96328708791539, 2.717345986440955 ], [ 101.963125877011777, 2.717808362900871 ], [ 101.963226294151468, 2.717843766705333 ], [ 101.963248491019556, 2.717780102818215 ], [ 101.963293737192799, 2.717807948579026 ], [ 101.963371944494384, 2.717679445444356 ], [ 101.963391725551887, 2.717685548929857 ], [ 101.963477181224917, 2.717405485653698 ] ], [ [ 101.96330190471474, 2.717634108991652 ], [ 101.963299836575572, 2.717632836200667 ], [ 101.963319513453513, 2.717576400016458 ], [ 101.96330190471474, 2.717634108991652 ] ] ] ] } },
{ "type": "Feature", "properties": { "fid": 66125, "latitude": null, "longitude": null, "area_in_meters": null, "confidence": null, "full_plus_code": null, "fid_2": null, "id": null, "Status": "Complete" }, "geometry": { "type": "MultiPolygon", "coordinates": [ [ [ [ 101.964056111467158, 2.717508445959802 ], [ 101.964112419360731, 2.717502754329058 ], [ 101.964108317708238, 2.717461721142695 ], [ 101.964052009816143, 2.717467412771174 ], [ 101.964056111467158, 2.717508445959802 ] ] ] ] } },
{ "type": "Feature", "properties": { "fid": 66127, "latitude": null, "longitude": null, "area_in_meters": null, "confidence": null, "full_plus_code": null, "fid_2": null, "id": null, "Status": "Complete" }, "geometry": { "type": "MultiPolygon", "coordinates": [ [ [ [ 101.964349867521577, 2.717299543956072 ], [ 101.964342912325932, 2.717373364462484 ], [ 101.964383901564076, 2.71737726968566 ], [ 101.964384372795024, 2.717372268169804 ], [ 101.964938529323689, 2.717526256645904 ], [ 101.964976237099293, 2.717389036008732 ], [ 101.96442276617077, 2.717235237973333 ], [ 101.964416550760333, 2.717228814511232 ], [ 101.964350546246578, 2.717293397517209 ], [ 101.964350447510995, 2.717293388110233 ], [ 101.964350436508056, 2.717293504892349 ], [ 101.964347142619445, 2.71729672784205 ], [ 101.964349867521577, 2.717299543956072 ] ], [ [ 101.96438973834411, 2.71731531970588 ], [ 101.964391528286768, 2.717313568312222 ], [ 101.964389055547116, 2.717322566725588 ], [ 101.96438973834411, 2.71731531970588 ] ] ] ] } },
{ "type": "Feature", "properties": { "fid": 66128, "latitude": null, "longitude": null, "area_in_meters": null, "confidence": null, "full_plus_code": null, "fid_2": null, "id": null, "Status": "Complete" }, "geometry": { "type": "MultiPolygon", "coordinates": [ [ [ [ 101.964418592336528, 2.717554688805626 ], [ 101.96451353424662, 2.7175813641329 ], [ 101.964500311819123, 2.71761173855389 ], [ 101.964555798312233, 2.717636163529036 ], [ 101.964555596701075, 2.717639365147836 ], [ 101.964564335616885, 2.717639921622988 ], [ 101.96456553848887, 2.717640451123351 ], [ 101.964565730326854, 2.717640010435085 ], [ 101.964639540232895, 2.717644710489371 ], [ 101.964641269263254, 2.717617253166206 ], [ 101.964672505921953, 2.717626029565303 ], [ 101.964667211147287, 2.71767018421262 ], [ 101.964739015051137, 2.717678891092933 ], [ 101.96474297952804, 2.717645830162372 ], [ 101.964776982995616, 2.717655383937152 ], [ 101.964766645287384, 2.717687707053085 ], [ 101.964889324835454, 2.717727382951293 ], [ 101.964909691360873, 2.717663702507187 ], [ 101.964894490437274, 2.71765878636246 ], [ 101.964922045562318, 2.717559613063041 ], [ 101.964361756628932, 2.71740219157076 ], [ 101.964326569294656, 2.717528833577342 ], [ 101.964362343593152, 2.717538884893136 ], [ 101.964347839427447, 2.71758213086617 ], [ 101.964403102619229, 2.717600873332115 ], [ 101.964418592336528, 2.717554688805626 ] ] ] ] } },
{ "type": "Feature", "properties": { "fid": 66130, "latitude": null, "longitude": null, "area_in_meters": null, "confidence": null, "full_plus_code": null, "fid_2": null, "id": null, "Status": "Complete" }, "geometry": { "type": "MultiPolygon", "coordinates": [ [ [ [ 101.964036217041269, 2.717501831925158 ], [ 101.964057149448635, 2.717446547445873 ], [ 101.964150553288547, 2.717476451731358 ], [ 101.9641904562191, 2.717350419823994 ], [ 101.963498593196391, 2.717128912043072 ], [ 101.963461628001397, 2.717245664932139 ], [ 101.963441563088338, 2.717291189466183 ], [ 101.963513423956769, 2.717323217341785 ], [ 101.963533025819586, 2.717278743395771 ], [ 101.963574326816712, 2.717291966372578 ], [ 101.963556531262171, 2.71733865830049 ], [ 101.963731182718419, 2.717405969247085 ], [ 101.963752848672272, 2.717349122144109 ], [ 101.96389234569105, 2.717393783677057 ], [ 101.963874831258778, 2.717440040934961 ], [ 101.964036217041269, 2.717501831925158 ] ] ] ] } },
{ "type": "Feature", "properties": { "fid": 66132, "latitude": null, "longitude": null, "area_in_meters": null, "confidence": null, "full_plus_code": null, "fid_2": null, "id": null, "Status": "Complete" }, "geometry": { "type": "MultiPolygon", "coordinates": [ [ [ [ 101.965478541711761, 2.717068497975472 ], [ 101.96547834374033, 2.716987430273295 ], [ 101.965561169257526, 2.71698722574069 ], [ 101.965561367234457, 2.717068293436756 ], [ 101.965478541711761, 2.717068497975472 ] ] ] ] } },
{ "type": "Feature", "properties": { "fid": 66135, "latitude": null, "longitude": null, "area_in_meters": null, "confidence": null, "full_plus_code": null, "fid_2": null, "id": null, "Status": "Complete" }, "geometry": { "type": "MultiPolygon", "coordinates": [ [ [ [ 101.965258519103031, 2.71831949061951 ], [ 101.965811522921584, 2.718659054838536 ], [ 101.965939675330773, 2.718448009197532 ], [ 101.965386671701367, 2.718108444970152 ], [ 101.965258519103031, 2.71831949061951 ] ] ] ] } },
{ "type": "Feature", "properties": { "fid": 66137, "latitude": null, "longitude": null, "area_in_meters": null, "confidence": null, "full_plus_code": null, "fid_2": null, "id": null, "Status": "Complete" }, "geometry": { "type": "MultiPolygon", "coordinates": [ [ [ [ 101.965677791854418, 2.717712109231579 ], [ 101.965802774969603, 2.71779064760913 ], [ 101.96569804599747, 2.717959178673315 ], [ 101.965573062847895, 2.717880640296691 ], [ 101.965677791854418, 2.717712109231579 ] ] ] ] } },
{ "type": "Feature", "properties": { "fid": 66138, "latitude": null, "longitude": null, "area_in_meters": null, "confidence": null, "full_plus_code": null, "fid_2": null, "id": null, "Status": "Complete" }, "geometry": { "type": "MultiPolygon", "coordinates": [ [ [ [ 101.965113997089162, 2.717927832840596 ], [ 101.965205299377317, 2.717781018232145 ], [ 101.965320378108643, 2.717853386966127 ], [ 101.965229075848058, 2.71800020157385 ], [ 101.965113997089162, 2.717927832840596 ] ] ] ] } },
{ "type": "Feature", "properties": { "fid": 66139, "latitude": null, "longitude": null, "area_in_meters": null, "confidence": null, "full_plus_code": null, "fid_2": null, "id": null, "Status": "Complete" }, "geometry": { "type": "MultiPolygon", "coordinates": [ [ [ [ 101.965656361786102, 2.717528925877156 ], [ 101.965727214266522, 2.71753745647934 ], [ 101.965726054598989, 2.717577616738793 ], [ 101.965866316692271, 2.717581712353753 ], [ 101.965867120401768, 2.717553879104718 ], [ 101.965949079823829, 2.717555965882109 ], [ 101.965952099858256, 2.717436021972001 ], [ 101.965934925626968, 2.717435584695235 ], [ 101.965933271819651, 2.717413858026963 ], [ 101.965915315195346, 2.717415240192932 ], [ 101.965915577961837, 2.717403907029206 ], [ 101.965701322377612, 2.71739888363827 ], [ 101.965700535195381, 2.717432834677017 ], [ 101.965668265401902, 2.717428949407514 ], [ 101.965656361786102, 2.717528925877156 ] ] ] ] } },
{ "type": "Feature", "properties": { "fid": 66142, "latitude": null, "longitude": null, "area_in_meters": null, "confidence": null, "full_plus_code": null, "fid_2": null, "id": null, "Status": "Complete" }, "geometry": { "type": "MultiPolygon", "coordinates": [ [ [ [ 101.965718009318749, 2.717900798779903 ], [ 101.965689357342058, 2.717957324131992 ], [ 101.965720721822493, 2.717973400681926 ], [ 101.965764596104634, 2.718005129637693 ], [ 101.965764214369543, 2.718005786946416 ], [ 101.965771081876085, 2.718009820010852 ], [ 101.965799111760688, 2.718030090632396 ], [ 101.965801030402517, 2.718027407811626 ], [ 101.965833888235224, 2.718046704153863 ], [ 101.965945392270569, 2.717854705594074 ], [ 101.965875718426275, 2.717813788384991 ], [ 101.965843708557742, 2.717868906098992 ], [ 101.965798468840518, 2.717836189683133 ], [ 101.965743074823934, 2.717913646653869 ], [ 101.965718009318749, 2.717900798779903 ] ] ] ] } },
{ "type": "Feature", "properties": { "fid": 66143, "latitude": null, "longitude": null, "area_in_meters": null, "confidence": null, "full_plus_code": null, "fid_2": null, "id": null, "Status": "Complete" }, "geometry": { "type": "MultiPolygon", "coordinates": [ [ [ [ 101.965564653963852, 2.718108768207093 ], [ 101.965587216644167, 2.718067502747351 ], [ 101.965589272606522, 2.71806877755118 ], [ 101.965618975741521, 2.718020336048511 ], [ 101.965634294994416, 2.718029246500408 ], [ 101.965676180016189, 2.717956428263351 ], [ 101.965506974394415, 2.717858009707069 ], [ 101.965471901062983, 2.717918985610028 ], [ 101.965437685749862, 2.717974785798506 ], [ 101.965445248088798, 2.717979474842838 ], [ 101.965411344331869, 2.718041482261688 ], [ 101.965432774731639, 2.718053331153789 ], [ 101.965424661537298, 2.718068101920996 ], [ 101.96556399844971, 2.718145494317957 ], [ 101.965579608673039, 2.718117074554864 ], [ 101.965564653963852, 2.718108768207093 ] ] ] ] } },
{ "type": "Feature", "properties": { "fid": 66144, "latitude": null, "longitude": null, "area_in_meters": null, "confidence": null, "full_plus_code": null, "fid_2": null, "id": null, "Status": "Complete" }, "geometry": { "type": "MultiPolygon", "coordinates": [ [ [ [ 101.965784932794946, 2.718122384571376 ], [ 101.965826609139881, 2.718053782633119 ], [ 101.965671768078465, 2.717958660208722 ], [ 101.965630091716307, 2.718027262147737 ], [ 101.965674405770471, 2.718054485286908 ], [ 101.965641503487532, 2.718115381150324 ], [ 101.965606368729098, 2.718092685884361 ], [ 101.965578333180574, 2.71813657471915 ], [ 101.965684518154674, 2.718205164803744 ], [ 101.965712553695539, 2.718161275969 ], [ 101.965706345712391, 2.718157265927803 ], [ 101.965740079878032, 2.718094830396461 ], [ 101.965784932794946, 2.718122384571376 ] ] ] ] } },
{ "type": "Feature", "properties": { "fid": 66145, "latitude": null, "longitude": null, "area_in_meters": null, "confidence": null, "full_plus_code": null, "fid_2": null, "id": null, "Status": "Complete" }, "geometry": { "type": "MultiPolygon", "coordinates": [ [ [ [ 101.965948696826374, 2.71820187056839 ], [ 101.965949607801818, 2.718202332715758 ], [ 101.965981425790346, 2.718138910367166 ], [ 101.965835470999906, 2.718064865966344 ], [ 101.965803652997238, 2.718128288317396 ], [ 101.96582410097669, 2.718138661791164 ], [ 101.965787668511055, 2.718204990283141 ], [ 101.965760420399292, 2.718190007593441 ], [ 101.965729896536203, 2.718246142034553 ], [ 101.965774129877417, 2.718270464246687 ], [ 101.965788899366217, 2.718243302642151 ], [ 101.965851452749135, 2.718278046853137 ], [ 101.965870541940362, 2.718243293302567 ], [ 101.965926498842222, 2.718232729901025 ], [ 101.965927543737223, 2.71823343793071 ], [ 101.965928238211106, 2.718232401547395 ], [ 101.965928645364613, 2.718232324685992 ], [ 101.965928567871956, 2.718231909585032 ], [ 101.965948696826374, 2.71820187056839 ] ] ] ] } },
{ "type": "Feature", "properties": { "fid": 66146, "latitude": null, "longitude": null, "area_in_meters": null, "confidence": null, "full_plus_code": null, "fid_2": null, "id": null, "Status": "Complete" }, "geometry": { "type": "MultiPolygon", "coordinates": [ [ [ [ 101.965636442813675, 2.718868265804125 ], [ 101.965667944507629, 2.71881584329685 ], [ 101.965690685822153, 2.718829181564999 ], [ 101.965775139357675, 2.718683576251549 ], [ 101.965232126135902, 2.718365087280367 ], [ 101.965147672474032, 2.718510692603582 ], [ 101.965197551493489, 2.718539947717026 ], [ 101.96517192181814, 2.718584009130944 ], [ 101.965247125605742, 2.71862824426548 ], [ 101.96527281014275, 2.718584088527056 ], [ 101.965346427783501, 2.71862726685044 ], [ 101.965317917454485, 2.718674711336857 ], [ 101.965636442813675, 2.718868265804125 ] ] ] ] } },
{ "type": "Feature", "properties": { "fid": 66147, "latitude": null, "longitude": null, "area_in_meters": null, "confidence": null, "full_plus_code": null, "fid_2": null, "id": null, "Status": "Complete" }, "geometry": { "type": "MultiPolygon", "coordinates": [ [ [ [ 101.96551012469709, 2.719147319259782 ], [ 101.965532932544917, 2.719108879837516 ], [ 101.965548706106745, 2.719118350309784 ], [ 101.965627931248633, 2.718984917010018 ], [ 101.965612118513448, 2.718975423015757 ], [ 101.965617842230557, 2.718965776494928 ], [ 101.965551484011655, 2.718925961654731 ], [ 101.96554577199764, 2.718935588449965 ], [ 101.965483037054923, 2.718897922279064 ], [ 101.965496213103762, 2.71887749652237 ], [ 101.965445331959742, 2.718844306560133 ], [ 101.965430927969436, 2.71886663589169 ], [ 101.965261840867129, 2.718765115695498 ], [ 101.965279422864157, 2.718739216802557 ], [ 101.965223006448653, 2.718700487877419 ], [ 101.96520308224666, 2.718729836915523 ], [ 101.965077157531113, 2.718654231492909 ], [ 101.964997932270919, 2.718787664799831 ], [ 101.965011019488401, 2.718795522386567 ], [ 101.964987005517614, 2.718835444312134 ], [ 101.965094286821582, 2.718900700138793 ], [ 101.9651186737496, 2.718860158180698 ], [ 101.965184262399987, 2.718899537713432 ], [ 101.965163939082913, 2.718932733218935 ], [ 101.965396203751851, 2.719076527311249 ], [ 101.965418470859035, 2.719040156854503 ], [ 101.965466586014855, 2.719069045272585 ], [ 101.96544376645879, 2.719107504420768 ], [ 101.96551012469709, 2.719147319259782 ] ] ] ] } },
{ "type": "Feature", "properties": { "fid": 66148, "latitude": null, "longitude": null, "area_in_meters": null, "confidence": null, "full_plus_code": null, "fid_2": null, "id": null, "Status": "Complete" }, "geometry": { "type": "MultiPolygon", "coordinates": [ [ [ [ 101.965428795270853, 2.719342679969425 ], [ 101.96539368323333, 2.719400806320455 ], [ 101.965802903429619, 2.719650773008271 ], [ 101.965832700244377, 2.719601445709701 ], [ 101.965847933454896, 2.719610413409203 ], [ 101.965820591911452, 2.71965850294013 ], [ 101.965864828048225, 2.719683935605704 ], [ 101.965891910218758, 2.71963630226586 ], [ 101.965940495471656, 2.719664904112315 ], [ 101.965936386191032, 2.71967115754153 ], [ 101.965985250227163, 2.719703627302573 ], [ 101.966089774475947, 2.719544564164182 ], [ 101.966040910452705, 2.719512094403351 ], [ 101.966039608518713, 2.719514075663043 ], [ 101.965514683200027, 2.719205055195127 ], [ 101.965433049691256, 2.719345278725537 ], [ 101.965428795270853, 2.719342679969425 ] ] ] ] } },
{ "type": "Feature", "properties": { "fid": 66149, "latitude": null, "longitude": null, "area_in_meters": null, "confidence": null, "full_plus_code": null, "fid_2": null, "id": null, "Status": "Complete" }, "geometry": { "type": "MultiPolygon", "coordinates": [ [ [ [ 101.964991323367954, 2.718884004822136 ], [ 101.964920758535129, 2.71884116060321 ], [ 101.964883362830193, 2.718903442322566 ], [ 101.96492296343078, 2.718927486262702 ], [ 101.964844875105783, 2.719060181299712 ], [ 101.965385688384643, 2.719382007220804 ], [ 101.965496983868505, 2.719192883183629 ], [ 101.964987797256285, 2.718889877484194 ], [ 101.964991323367954, 2.718884004822136 ] ] ] ] } },
{ "type": "Feature", "properties": { "fid": 66150, "latitude": null, "longitude": null, "area_in_meters": null, "confidence": null, "full_plus_code": null, "fid_2": null, "id": null, "Status": "Complete" }, "geometry": { "type": "MultiPolygon", "coordinates": [ [ [ [ 101.963651471802777, 2.717574573118471 ], [ 101.963699667560917, 2.717526905530729 ], [ 101.963667345002548, 2.717493858291248 ], [ 101.96361894603379, 2.717541726858565 ], [ 101.963591191445587, 2.71751292518866 ], [ 101.963498646222789, 2.717603106152199 ], [ 101.963544898622416, 2.717651103485933 ], [ 101.963556483270182, 2.717639814790584 ], [ 101.963602646912364, 2.717681696719765 ], [ 101.96367753890155, 2.717598222476234 ], [ 101.963651471802777, 2.717574573118471 ] ] ] ] } },
{ "type": "Feature", "properties": { "fid": 66151, "latitude": null, "longitude": null, "area_in_meters": null, "confidence": null, "full_plus_code": null, "fid_2": null, "id": null, "Status": "Complete" }, "geometry": { "type": "MultiPolygon", "coordinates": [ [ [ [ 101.963664730443782, 2.717643724919354 ], [ 101.963662522999357, 2.717641224807359 ], [ 101.963624717502526, 2.717674979088868 ], [ 101.963725491925928, 2.717789114391532 ], [ 101.963763297416605, 2.717755360106071 ], [ 101.963739817264852, 2.717728766907056 ], [ 101.963774001674778, 2.717695828711945 ], [ 101.9637789960085, 2.717700975552027 ], [ 101.963839982987167, 2.71764113194661 ], [ 101.963765804981065, 2.717564688845649 ], [ 101.963762785015604, 2.717567652192748 ], [ 101.963753640947957, 2.717558055723136 ], [ 101.963664730443782, 2.717643724919354 ] ] ] ] } },
{ "type": "Feature", "properties": { "fid": 66152, "latitude": null, "longitude": null, "area_in_meters": null, "confidence": null, "full_plus_code": null, "fid_2": null, "id": null, "Status": "Complete" }, "geometry": { "type": "MultiPolygon", "coordinates": [ [ [ [ 101.963947100645001, 2.717914129143363 ], [ 101.964010623810367, 2.717875031382745 ], [ 101.963975615074233, 2.71781751384443 ], [ 101.963981151048586, 2.717807700176664 ], [ 101.963997225284032, 2.717815096132631 ], [ 101.96403567120764, 2.71773060134204 ], [ 101.964026915689004, 2.717726572818092 ], [ 101.964027795142769, 2.717725013803091 ], [ 101.963878632263317, 2.717639926010449 ], [ 101.963724753589702, 2.717912707906494 ], [ 101.963685987719188, 2.717892490734722 ], [ 101.963646418444668, 2.717969214644626 ], [ 101.963690367788956, 2.717992135097442 ], [ 101.963690760381382, 2.717991373869696 ], [ 101.963832068104566, 2.718071980751016 ], [ 101.963860992515023, 2.71802070620812 ], [ 101.96388069368912, 2.718031936162344 ], [ 101.963947100645001, 2.717914129143363 ] ] ] ] } },
{ "type": "Feature", "properties": { "fid": 66153, "latitude": null, "longitude": null, "area_in_meters": null, "confidence": null, "full_plus_code": null, "fid_2": null, "id": null, "Status": "Complete" }, "geometry": { "type": "MultiPolygon", "coordinates": [ [ [ [ 101.964172414032603, 2.717855180153394 ], [ 101.964171244972533, 2.717854476524137 ], [ 101.964165158394394, 2.717864702613736 ], [ 101.964161831765352, 2.717869068555385 ], [ 101.964093351884742, 2.717834848241852 ], [ 101.964040603749055, 2.717941588838357 ], [ 101.964101332962457, 2.717971936032948 ], [ 101.964085357401459, 2.717998776650823 ], [ 101.964048418205493, 2.717975995806223 ], [ 101.964007720222739, 2.71804272777112 ], [ 101.964045375591141, 2.718065950285161 ], [ 101.964036916383705, 2.7180801626408 ], [ 101.964004453292048, 2.718061614756388 ], [ 101.963974778081607, 2.718114135717799 ], [ 101.963959278280171, 2.718103926237156 ], [ 101.963870160036919, 2.718240740826497 ], [ 101.963921293314868, 2.718274421522181 ], [ 101.963910556932746, 2.718292459770097 ], [ 101.963844784551966, 2.718250798206467 ], [ 101.963802982214546, 2.718317532913531 ], [ 101.963836394395528, 2.718338696866099 ], [ 101.963802102945806, 2.718409708645817 ], [ 101.963832062663712, 2.718424338373992 ], [ 101.963817097345981, 2.718449481677244 ], [ 101.963962544584618, 2.718537022794547 ], [ 101.964316692071819, 2.717942017649614 ], [ 101.964277152420237, 2.717918219680339 ], [ 101.964346230002491, 2.717827560709071 ], [ 101.964249970553638, 2.717753393256937 ], [ 101.964240199801523, 2.717766216608484 ], [ 101.964172598810421, 2.717725821179278 ], [ 101.964118708376532, 2.717817017243613 ], [ 101.964175592464272, 2.717851008709257 ], [ 101.964172414032603, 2.717855180153394 ] ] ] ] } },
{ "type": "Feature", "properties": { "fid": 66154, "latitude": null, "longitude": null, "area_in_meters": null, "confidence": null, "full_plus_code": null, "fid_2": null, "id": null, "Status": "Complete" }, "geometry": { "type": "MultiPolygon", "coordinates": [ [ [ [ 101.964565182622579, 2.71794695664641 ], [ 101.96440475742429, 2.717826305666236 ], [ 101.964378968231927, 2.717860981180845 ], [ 101.964399316800822, 2.717876284728458 ], [ 101.964088046448836, 2.71837568679664 ], [ 101.964098346647802, 2.718382178760419 ], [ 101.964022111313426, 2.718509112575164 ], [ 101.964162420786977, 2.718594326179766 ], [ 101.964167297018179, 2.71858620712501 ], [ 101.96422115886412, 2.718617452389257 ], [ 101.964286613188506, 2.71850335428188 ], [ 101.96432031646296, 2.718521702391868 ], [ 101.96438078136741, 2.718409390103126 ], [ 101.964304284143878, 2.71836774489809 ], [ 101.964327919452103, 2.718329824401158 ], [ 101.964389507616687, 2.718364947581504 ], [ 101.964474175836997, 2.718214817708246 ], [ 101.964419157873124, 2.718183441445974 ], [ 101.964556552979374, 2.717963004688585 ], [ 101.96455430226338, 2.71796158611605 ], [ 101.964565182622579, 2.71794695664641 ] ] ] ] } },
{ "type": "Feature", "properties": { "fid": 66155, "latitude": null, "longitude": null, "area_in_meters": null, "confidence": null, "full_plus_code": null, "fid_2": null, "id": null, "Status": "Complete" }, "geometry": { "type": "MultiPolygon", "coordinates": [ ] } },
{ "type": "Feature", "properties": { "fid": 66156, "latitude": null, "longitude": null, "area_in_meters": null, "confidence": null, "full_plus_code": null, "fid_2": null, "id": null, "Status": "Complete" }, "geometry": { "type": "MultiPolygon", "coordinates": [ [ [ [ 101.963537684951632, 2.718213798599938 ], [ 101.963605921059056, 2.718118124977221 ], [ 101.963686723717842, 2.71817640114312 ], [ 101.963618487623521, 2.71827207476695 ], [ 101.963537684951632, 2.718213798599938 ] ] ] ] } },
{ "type": "Feature", "properties": { "fid": 66157, "latitude": null, "longitude": null, "area_in_meters": null, "confidence": null, "full_plus_code": null, "fid_2": null, "id": null, "Status": "Complete" }, "geometry": { "type": "MultiPolygon", "coordinates": [ [ [ [ 101.964916802501676, 2.718577976258356 ], [ 101.964916972927384, 2.718577777529477 ], [ 101.964919011186225, 2.718577970802069 ], [ 101.964919281766527, 2.718575085253571 ], [ 101.964945434011113, 2.718544589816952 ], [ 101.964848780915375, 2.718460772642664 ], [ 101.964840911667835, 2.718469948760616 ], [ 101.964755899860137, 2.718420440365861 ], [ 101.964762878438066, 2.718406225299908 ], [ 101.964593707908975, 2.718322243328182 ], [ 101.964579404364031, 2.718351379026089 ], [ 101.964562832432961, 2.718341198495559 ], [ 101.96451553557641, 2.718419051999704 ], [ 101.964518531963478, 2.718420892751142 ], [ 101.964515259169588, 2.718463693203451 ], [ 101.96443508792828, 2.718421371762875 ], [ 101.96440194831915, 2.71848485347286 ], [ 101.964500362304946, 2.718536805033798 ], [ 101.964501970283791, 2.718533724814189 ], [ 101.964507148191828, 2.718536295301742 ], [ 101.964504787813254, 2.71854012567519 ], [ 101.964792356358942, 2.718719320207738 ], [ 101.964881643074364, 2.718574427468083 ], [ 101.964903181577341, 2.718576469800591 ], [ 101.964905905929569, 2.718577994137309 ], [ 101.964906571512572, 2.718576791242381 ], [ 101.9649165242826, 2.718577734987903 ], [ 101.964916802501676, 2.718577976258356 ] ], [ [ 101.964827848151671, 2.718500835408433 ], [ 101.964827046160536, 2.718500386676229 ], [ 101.964827140934688, 2.718500222112747 ], [ 101.964827848151671, 2.718500835408433 ] ] ] ] } },
{ "type": "Feature", "properties": { "fid": 66158, "latitude": null, "longitude": null, "area_in_meters": null, "confidence": null, "full_plus_code": null, "fid_2": null, "id": null, "Status": "Complete" }, "geometry": { "type": "MultiPolygon", "coordinates": [ [ [ [ 101.964621704139418, 2.718932962383714 ], [ 101.964675802653531, 2.7188347942901 ], [ 101.964712692177045, 2.718856928010492 ], [ 101.964775867184841, 2.718750455610283 ], [ 101.964405367132215, 2.718528155473624 ], [ 101.964342192060954, 2.718634627877699 ], [ 101.964360672471614, 2.718645716127243 ], [ 101.964328751062922, 2.718680854938896 ], [ 101.964325124427916, 2.718681606016828 ], [ 101.96432566609829, 2.718684250841381 ], [ 101.964324030935089, 2.718686050814949 ], [ 101.964326499093886, 2.718688318125241 ], [ 101.964338536585728, 2.718747093822093 ], [ 101.964355587672472, 2.7187435625324 ], [ 101.964391385770384, 2.718761727490451 ], [ 101.964381681917217, 2.718778081929144 ], [ 101.964448040154778, 2.718817896885431 ], [ 101.964461053505346, 2.718795964764498 ], [ 101.964496905509421, 2.718813497817766 ], [ 101.964493482617456, 2.718845635173822 ], [ 101.964486789820285, 2.718857780034229 ], [ 101.964621704139418, 2.718932962383714 ] ] ] ] } },
{ "type": "Feature", "properties": { "fid": 66159, "latitude": null, "longitude": null, "area_in_meters": null, "confidence": null, "full_plus_code": null, "fid_2": null, "id": null, "Status": "Complete" }, "geometry": { "type": "MultiPolygon", "coordinates": [ [ [ [ 101.96279170881779, 2.718897502976329 ], [ 101.962837079137742, 2.718935148838089 ], [ 101.962858403588044, 2.718909160694837 ], [ 101.962813033270152, 2.718871514833529 ], [ 101.96279170881779, 2.718897502976329 ] ] ] ] } },
{ "type": "Feature", "properties": { "fid": 66160, "latitude": null, "longitude": null, "area_in_meters": null, "confidence": null, "full_plus_code": null, "fid_2": null, "id": null, "Status": "Complete" }, "geometry": { "type": "MultiPolygon", "coordinates": [ [ [ [ 101.962936533358558, 2.718508461416519 ], [ 101.963012456573381, 2.718395000371491 ], [ 101.96309577902106, 2.71845138139066 ], [ 101.963019855821997, 2.71856484243618 ], [ 101.962936533358558, 2.718508461416519 ] ] ] ] } },
{ "type": "Feature", "properties": { "fid": 66161, "latitude": null, "longitude": null, "area_in_meters": null, "confidence": null, "full_plus_code": null, "fid_2": null, "id": null, "Status": "Complete" }, "geometry": { "type": "MultiPolygon", "coordinates": [ [ [ [ 101.963608348657075, 2.718660055197509 ], [ 101.964042987619166, 2.71891773406738 ], [ 101.964118204900501, 2.718789438811017 ], [ 101.963683566027782, 2.718531759934939 ], [ 101.963608348657075, 2.718660055197509 ] ] ] ] } },
{ "type": "Feature", "properties": { "fid": 66162, "latitude": null, "longitude": null, "area_in_meters": null, "confidence": null, "full_plus_code": null, "fid_2": null, "id": null, "Status": "Complete" }, "geometry": { "type": "MultiPolygon", "coordinates": [ [ [ [ 101.963393979691844, 2.718387848833476 ], [ 101.96335938679006, 2.718364596202571 ], [ 101.963293130735025, 2.718464270556914 ], [ 101.963569672221567, 2.718650155977347 ], [ 101.963635928230744, 2.718550481621815 ], [ 101.963631230444477, 2.718547323867351 ], [ 101.96365326878545, 2.718513354975322 ], [ 101.963456831670143, 2.718384481273702 ], [ 101.963455255056061, 2.718376138784762 ], [ 101.963393979691844, 2.718387848833476 ] ] ] ] } },
{ "type": "Feature", "properties": { "fid": 66163, "latitude": null, "longitude": null, "area_in_meters": null, "confidence": null, "full_plus_code": null, "fid_2": null, "id": null, "Status": "Complete" }, "geometry": { "type": "MultiPolygon", "coordinates": [ [ [ [ 101.96351683348955, 2.718010910824418 ], [ 101.963525005774059, 2.717996166980766 ], [ 101.963514330929783, 2.717990183720707 ], [ 101.963515044996811, 2.717987307369767 ], [ 101.963504456995324, 2.717984649371341 ], [ 101.963417821317933, 2.717936089994279 ], [ 101.963343608838315, 2.717880009623143 ], [ 101.963268930124087, 2.717979942015029 ], [ 101.963257285985236, 2.717973608010555 ], [ 101.963234609571714, 2.718015762775523 ], [ 101.963257957543306, 2.718028463254817 ], [ 101.963258997978784, 2.718113138308654 ], [ 101.963242810293266, 2.718136340061937 ], [ 101.963206736889404, 2.718113651953014 ], [ 101.963144535942718, 2.718213658654366 ], [ 101.96325182265771, 2.718281135853686 ], [ 101.963314023586889, 2.718181129152789 ], [ 101.963310447207689, 2.718178879814713 ], [ 101.96337207992768, 2.718090541837279 ], [ 101.963460196551068, 2.718138474196051 ], [ 101.963476265222639, 2.718108603004756 ], [ 101.963484424324108, 2.718110651254252 ], [ 101.963492044854078, 2.718079954810157 ], [ 101.963519597926094, 2.718042822386186 ], [ 101.963505397235593, 2.71803216698906 ], [ 101.963519676388941, 2.718013059126883 ], [ 101.96351683348955, 2.718010910824418 ] ] ] ] } },
{ "type": "Feature", "properties": { "fid": 66164, "latitude": null, "longitude": null, "area_in_meters": null, "confidence": null, "full_plus_code": null, "fid_2": null, "id": null, "Status": "Complete" }, "geometry": { "type": "MultiPolygon", "coordinates": [ [ [ [ 101.963125941025723, 2.71828699924104 ], [ 101.963108266958585, 2.718313983608242 ], [ 101.963070816045956, 2.718292943571669 ], [ 101.963019060949122, 2.7183860998628 ], [ 101.963132493982357, 2.718449826874598 ], [ 101.963135396749053, 2.718451749432777 ], [ 101.963207795311249, 2.718341212917351 ], [ 101.963125941025723, 2.71828699924104 ] ] ] ] } },
{ "type": "Feature", "properties": { "fid": 66165, "latitude": null, "longitude": null, "area_in_meters": null, "confidence": null, "full_plus_code": null, "fid_2": null, "id": null, "Status": "Complete" }, "geometry": { "type": "MultiPolygon", "coordinates": [ [ [ [ 101.963138160838071, 2.718496412608073 ], [ 101.963094362387395, 2.718470313911197 ], [ 101.96299868028818, 2.718632686866703 ], [ 101.963042478750268, 2.718658785562829 ], [ 101.96304582464505, 2.718653107563589 ], [ 101.96307275540309, 2.718666930278308 ], [ 101.963102607166377, 2.718608117973137 ], [ 101.963122339724265, 2.718621276311571 ], [ 101.963154670941762, 2.71857224794176 ], [ 101.96311073687005, 2.718542951211282 ], [ 101.963138160838071, 2.718496412608073 ] ] ] ] } },
{ "type": "Feature", "properties": { "fid": 66166, "latitude": null, "longitude": null, "area_in_meters": null, "confidence": null, "full_plus_code": null, "fid_2": null, "id": null, "Status": "Complete" }, "geometry": { "type": "MultiPolygon", "coordinates": [ [ [ [ 101.962899294722845, 2.718635153279734 ], [ 101.962900825612451, 2.718676826501053 ], [ 101.962889851007134, 2.718678257459635 ], [ 101.962861719902506, 2.718624140784049 ], [ 101.962749220455763, 2.718683276378692 ], [ 101.962782805266443, 2.718747884520275 ], [ 101.962784467915156, 2.718747010544993 ], [ 101.962730758379692, 2.718811032434359 ], [ 101.962781663973956, 2.718854217267673 ], [ 101.962800192013233, 2.718832131799545 ], [ 101.962818651266772, 2.718844290627526 ], [ 101.962818142595083, 2.718868564042655 ], [ 101.962895119733616, 2.718870195250821 ], [ 101.962895457563789, 2.718872815261058 ], [ 101.962899838592818, 2.718872244025972 ], [ 101.962956761077351, 2.718903616812748 ], [ 101.962966235940286, 2.718913729959866 ], [ 101.962969499837641, 2.718910637771394 ], [ 101.962975070696615, 2.718913708146349 ], [ 101.962984478720429, 2.718896446905766 ], [ 101.962994871082955, 2.718886601270263 ], [ 101.963013703773782, 2.718905839078981 ], [ 101.963067686496501, 2.718852400562664 ], [ 101.963050019808747, 2.718834353838465 ], [ 101.963076808143583, 2.718808974798828 ], [ 101.963092969820224, 2.718804585537548 ], [ 101.963067336714914, 2.718709143628184 ], [ 101.963063276655603, 2.718710246277084 ], [ 101.962997337116278, 2.718685280930086 ], [ 101.962995364544142, 2.718631584527052 ], [ 101.962899294722845, 2.718635153279734 ] ], [ [ 101.962873292480921, 2.718700916038538 ], [ 101.962868575174952, 2.718708158051191 ], [ 101.962864675065703, 2.718704849464044 ], [ 101.962873220468452, 2.718700357552605 ], [ 101.962873292480921, 2.718700916038538 ] ], [ [ 101.962983315725722, 2.718791735809153 ], [ 101.962982409908108, 2.718792593972905 ], [ 101.962981360589126, 2.718784456082162 ], [ 101.962983315725722, 2.718791735809153 ] ] ] ] } },
{ "type": "Feature", "properties": { "fid": 66167, "latitude": null, "longitude": null, "area_in_meters": null, "confidence": null, "full_plus_code": null, "fid_2": null, "id": null, "Status": "Complete" }, "geometry": { "type": "MultiPolygon", "coordinates": [ [ [ [ 101.963106257202142, 2.718818989561982 ], [ 101.963080432306938, 2.718847342502656 ], [ 101.963079273902409, 2.718846348984344 ], [ 101.96305338967359, 2.718876867425368 ], [ 101.963154096524505, 2.718963239753855 ], [ 101.963169511055597, 2.718945065460114 ], [ 101.963170069308717, 2.718945579639149 ], [ 101.963203659145009, 2.718908701624128 ], [ 101.963106257202142, 2.718818989561982 ] ] ] ] } },
{ "type": "Feature", "properties": { "fid": 66168, "latitude": null, "longitude": null, "area_in_meters": null, "confidence": null, "full_plus_code": null, "fid_2": null, "id": null, "Status": "Complete" }, "geometry": { "type": "MultiPolygon", "coordinates": [ [ [ [ 101.963339056455553, 2.718956751694507 ], [ 101.963379222756188, 2.71889716284886 ], [ 101.963254223060787, 2.718811961060394 ], [ 101.963214056747702, 2.718871549905576 ], [ 101.963240685405736, 2.718889700422405 ], [ 101.963139900041384, 2.719028795812475 ], [ 101.963218114830497, 2.719086103944788 ], [ 101.963320838207324, 2.718944333846763 ], [ 101.963339056455553, 2.718956751694507 ] ] ] ] } },
{ "type": "Feature", "properties": { "fid": 66169, "latitude": null, "longitude": null, "area_in_meters": null, "confidence": null, "full_plus_code": null, "fid_2": null, "id": null, "Status": "Complete" }, "geometry": { "type": "MultiPolygon", "coordinates": [ [ [ [ 101.963482930755646, 2.718855817319136 ], [ 101.96351295463451, 2.718803454219926 ], [ 101.963509912412704, 2.718801690313893 ], [ 101.963575307837417, 2.718696784113617 ], [ 101.963261188816375, 2.718498775705163 ], [ 101.963186426610534, 2.71861870783527 ], [ 101.963192352102467, 2.718622443034066 ], [ 101.963164426814913, 2.718671146047418 ], [ 101.963482930755646, 2.718855817319136 ] ] ] ] } },
{ "type": "Feature", "properties": { "fid": 66170, "latitude": null, "longitude": null, "area_in_meters": null, "confidence": null, "full_plus_code": null, "fid_2": null, "id": null, "Status": "Complete" }, "geometry": { "type": "MultiPolygon", "coordinates": [ [ [ [ 101.963617850559345, 2.718933220887064 ], [ 101.963618543393821, 2.718932265921377 ], [ 101.963778440524706, 2.719026611037114 ], [ 101.96377491149326, 2.71903278023349 ], [ 101.9639087269681, 2.719110186453898 ], [ 101.963916442100384, 2.719096699415394 ], [ 101.963951131222004, 2.71911727222148 ], [ 101.963981827040996, 2.71906493366393 ], [ 101.963980355649653, 2.719064061037291 ], [ 101.964033181441991, 2.718972173993237 ], [ 101.964006277315491, 2.718956533389419 ], [ 101.96401433436364, 2.718942236380789 ], [ 101.963587461042223, 2.718698975152942 ], [ 101.96352263208027, 2.718814012218745 ], [ 101.963525256868365, 2.718815507999829 ], [ 101.963501685619377, 2.71884799732922 ], [ 101.963617850559345, 2.718933220887064 ] ] ] ] } },
{ "type": "Feature", "properties": { "fid": 66171, "latitude": null, "longitude": null, "area_in_meters": null, "confidence": null, "full_plus_code": null, "fid_2": null, "id": null, "Status": "Complete" }, "geometry": { "type": "MultiPolygon", "coordinates": [ [ [ [ 101.961430940634628, 2.720170194387849 ], [ 101.961476015516979, 2.72008679356512 ], [ 101.961522251926638, 2.720112062693699 ], [ 101.961477177050327, 2.720195463515674 ], [ 101.961430940634628, 2.720170194387849 ] ] ] ] } },
{ "type": "Feature", "properties": { "fid": 66172, "latitude": null, "longitude": null, "area_in_meters": null, "confidence": null, "full_plus_code": null, "fid_2": null, "id": null, "Status": "Complete" }, "geometry": { "type": "MultiPolygon", "coordinates": [ [ [ [ 101.962385386948853, 2.719834679696942 ], [ 101.962480482739025, 2.719884418539839 ], [ 101.962530097324404, 2.719788496783249 ], [ 101.962435001548286, 2.719738757938186 ], [ 101.962385386948853, 2.719834679696942 ] ] ] ] } },
{ "type": "Feature", "properties": { "fid": 66173, "latitude": null, "longitude": null, "area_in_meters": null, "confidence": null, "full_plus_code": null, "fid_2": null, "id": null, "Status": "Complete" }, "geometry": { "type": "MultiPolygon", "coordinates": [ [ [ [ 101.961747284461765, 2.719469781387902 ], [ 101.961842434458134, 2.719541730743906 ], [ 101.961873348258493, 2.719500390154087 ], [ 101.961778198268888, 2.719428440798947 ], [ 101.961747284461765, 2.719469781387902 ] ] ] ] } },
{ "type": "Feature", "properties": { "fid": 66174, "latitude": null, "longitude": null, "area_in_meters": null, "confidence": null, "full_plus_code": null, "fid_2": null, "id": null, "Status": "Complete" }, "geometry": { "type": "MultiPolygon", "coordinates": [ [ [ [ 101.961803481414762, 2.719418558428113 ], [ 101.961888681442474, 2.719486090236756 ], [ 101.961906524852154, 2.719463326076206 ], [ 101.961821324827795, 2.719395794268143 ], [ 101.961803481414762, 2.719418558428113 ] ] ] ] } },
{ "type": "Feature", "properties": { "fid": 66175, "latitude": null, "longitude": null, "area_in_meters": null, "confidence": null, "full_plus_code": null, "fid_2": null, "id": null, "Status": "Complete" }, "geometry": { "type": "MultiPolygon", "coordinates": [ [ [ [ 101.962553085454189, 2.719315649894042 ], [ 101.962409219591819, 2.719192736689983 ], [ 101.962343894519918, 2.719270054858585 ], [ 101.962487760401885, 2.719392968067547 ], [ 101.962553085454189, 2.719315649894042 ] ] ] ] } },
{ "type": "Feature", "properties": { "fid": 66176, "latitude": null, "longitude": null, "area_in_meters": null, "confidence": null, "full_plus_code": null, "fid_2": null, "id": null, "Status": "Complete" }, "geometry": { "type": "MultiPolygon", "coordinates": [ [ [ [ 101.962556268336925, 2.719262336783727 ], [ 101.962420173572895, 2.719156062281296 ], [ 101.962484847023347, 2.71907231304264 ], [ 101.962620941767682, 2.719178587541956 ], [ 101.962556268336925, 2.719262336783727 ] ] ] ] } },
{ "type": "Feature", "properties": { "fid": 66177, "latitude": null, "longitude": null, "area_in_meters": null, "confidence": null, "full_plus_code": null, "fid_2": null, "id": null, "Status": "Complete" }, "geometry": { "type": "MultiPolygon", "coordinates": [ [ [ [ 101.962306363643108, 2.719130801146254 ], [ 101.962298188614582, 2.718948695008709 ], [ 101.962360874098593, 2.718945849408943 ], [ 101.962369049135589, 2.719127955535734 ], [ 101.962306363643108, 2.719130801146254 ] ] ] ] } },
{ "type": "Feature", "properties": { "fid": 66178, "latitude": null, "longitude": null, "area_in_meters": null, "confidence": null, "full_plus_code": null, "fid_2": null, "id": null, "Status": "Complete" }, "geometry": { "type": "MultiPolygon", "coordinates": [ [ [ [ 101.961786325261116, 2.719176505925855 ], [ 101.961878965623313, 2.719125193026709 ], [ 101.961846631078174, 2.719066161623942 ], [ 101.961753990713675, 2.719117474517174 ], [ 101.961786325261116, 2.719176505925855 ] ] ] ] } },
{ "type": "Feature", "properties": { "fid": 66179, "latitude": null, "longitude": null, "area_in_meters": null, "confidence": null, "full_plus_code": null, "fid_2": null, "id": null, "Status": "Complete" }, "geometry": { "type": "MultiPolygon", "coordinates": [ [ [ [ 101.960981987134701, 2.719025238192366 ], [ 101.961116923375499, 2.719109305321697 ], [ 101.96106983075552, 2.719185741328385 ], [ 101.960934894497953, 2.719101674199605 ], [ 101.960981987134701, 2.719025238192366 ] ] ] ] } },
{ "type": "Feature", "properties": { "fid": 66180, "latitude": null, "longitude": null, "area_in_meters": null, "confidence": null, "full_plus_code": null, "fid_2": null, "id": null, "Status": "Complete" }, "geometry": { "type": "MultiPolygon", "coordinates": [ [ [ [ 101.960638890231337, 2.719171563902627 ], [ 101.960663962122169, 2.719132230117195 ], [ 101.960696392100317, 2.719151533393939 ], [ 101.960719363953871, 2.719112507363741 ], [ 101.960580013012702, 2.719029561579527 ], [ 101.960557041150423, 2.719068587610304 ], [ 101.960562144448318, 2.719071625243299 ], [ 101.960539341833453, 2.719107398888652 ], [ 101.960638890231337, 2.719171563902627 ] ] ] ] } },
{ "type": "Feature", "properties": { "fid": 66181, "latitude": null, "longitude": null, "area_in_meters": null, "confidence": null, "full_plus_code": null, "fid_2": null, "id": null, "Status": "Complete" }, "geometry": { "type": "MultiPolygon", "coordinates": [ [ [ [ 101.960692228949213, 2.719458615107527 ], [ 101.960670581544903, 2.719486875651854 ], [ 101.96080778078742, 2.719593147755022 ], [ 101.960860260442658, 2.719524635885759 ], [ 101.960834603725331, 2.719504762645056 ], [ 101.96085278529533, 2.719480873383049 ], [ 101.960753906209021, 2.719404774975727 ], [ 101.960758663434603, 2.719398813156996 ], [ 101.960701175365799, 2.719352426276155 ], [ 101.960647857127697, 2.719419245395656 ], [ 101.960640565467628, 2.719414171233173 ], [ 101.960588865256199, 2.719489298352811 ], [ 101.960639751957686, 2.719524709680151 ], [ 101.960687732841492, 2.719454987217455 ], [ 101.960692228949213, 2.719458615107527 ] ] ] ] } },
{ "type": "Feature", "properties": { "fid": 66182, "latitude": null, "longitude": null, "area_in_meters": null, "confidence": null, "full_plus_code": null, "fid_2": null, "id": null, "Status": "Complete" }, "geometry": { "type": "MultiPolygon", "coordinates": [ [ [ [ 101.960835739596547, 2.719403370037637 ], [ 101.960821725358528, 2.71942431311387 ], [ 101.960934555768247, 2.719500661085538 ], [ 101.961002954507578, 2.719398445009227 ], [ 101.960890124117057, 2.719322097038168 ], [ 101.960885698059428, 2.719328711401511 ], [ 101.960768280393651, 2.719245650013069 ], [ 101.960741228859078, 2.719284319514947 ], [ 101.960760740081909, 2.719298121775047 ], [ 101.960735372190243, 2.719336794502333 ], [ 101.960835739596547, 2.719403370037637 ] ] ] ] } },
{ "type": "Feature", "properties": { "fid": 66183, "latitude": null, "longitude": null, "area_in_meters": null, "confidence": null, "full_plus_code": null, "fid_2": null, "id": null, "Status": "Complete" }, "geometry": { "type": "MultiPolygon", "coordinates": [ [ [ [ 101.96124311792488, 2.719226542897256 ], [ 101.961239176779344, 2.719223072520685 ], [ 101.961228543409433, 2.719235283747688 ], [ 101.961146914178684, 2.719180305072926 ], [ 101.961035781681346, 2.719347158458209 ], [ 101.961102427251816, 2.719392045371084 ], [ 101.961101570414286, 2.719393367554566 ], [ 101.961176266817617, 2.719442317117514 ], [ 101.961218074791617, 2.719377803342951 ], [ 101.961189982377945, 2.719359394002537 ], [ 101.961241050484617, 2.719300748031361 ], [ 101.961255470797539, 2.719315521515205 ], [ 101.961302843865511, 2.719268762450063 ], [ 101.961252548134766, 2.719217234913665 ], [ 101.96124311792488, 2.719226542897256 ] ] ] ] } },
{ "type": "Feature", "properties": { "fid": 66184, "latitude": null, "longitude": null, "area_in_meters": null, "confidence": null, "full_plus_code": null, "fid_2": null, "id": null, "Status": "Complete" }, "geometry": { "type": "MultiPolygon", "coordinates": [ [ [ [ 101.961356801867794, 2.719273416205588 ], [ 101.961446579669243, 2.71933837091642 ], [ 101.961484525517051, 2.719285335601877 ], [ 101.961405677324265, 2.719228288515802 ], [ 101.961429696370544, 2.719206157557277 ], [ 101.961396472092133, 2.719169694448863 ], [ 101.961364899280198, 2.719198785384439 ], [ 101.96136061917538, 2.719195688705878 ], [ 101.961322673316417, 2.719248724019439 ], [ 101.961327147450248, 2.719251961078765 ], [ 101.961288563250534, 2.71929989246008 ], [ 101.961316912396072, 2.71932296906997 ], [ 101.961356801867794, 2.719273416205588 ] ] ] ] } },
{ "type": "Feature", "properties": { "fid": 66185, "latitude": null, "longitude": null, "area_in_meters": null, "confidence": null, "full_plus_code": null, "fid_2": null, "id": null, "Status": "Complete" }, "geometry": { "type": "MultiPolygon", "coordinates": [ [ [ [ 101.961362527364614, 2.71928860464147 ], [ 101.961283163790384, 2.719369807166139 ], [ 101.961270207137247, 2.719360122526986 ], [ 101.961239117008432, 2.719402183013003 ], [ 101.961335371355474, 2.719474129722698 ], [ 101.961339066638445, 2.719469130533522 ], [ 101.961395109080712, 2.719516182311669 ], [ 101.961475490552502, 2.719419368041727 ], [ 101.9614130945466, 2.719366981970194 ], [ 101.96142721406062, 2.719352535287435 ], [ 101.961362527364614, 2.71928860464147 ] ], [ [ 101.961356649385039, 2.719424735044498 ], [ 101.961374386252132, 2.719406587189581 ], [ 101.961358296522945, 2.719425966221723 ], [ 101.961356649385039, 2.719424735044498 ] ] ] ] } },
{ "type": "Feature", "properties": { "fid": 66186, "latitude": null, "longitude": null, "area_in_meters": null, "confidence": null, "full_plus_code": null, "fid_2": null, "id": null, "Status": "Complete" }, "geometry": { "type": "MultiPolygon", "coordinates": [ [ [ [ 101.961999316968786, 2.718934773792713 ], [ 101.961971315219017, 2.718948939446193 ], [ 101.961953529839604, 2.71890734574484 ], [ 101.961847856250458, 2.718953038222933 ], [ 101.961835558284747, 2.718926592939197 ], [ 101.961800112531506, 2.718943261258811 ], [ 101.961902249052088, 2.71916289346406 ], [ 101.961937694803794, 2.71914622513596 ], [ 101.961937428568888, 2.719145652630098 ], [ 101.962071007923342, 2.719078076870537 ], [ 101.961999316968786, 2.718934773792713 ] ] ] ] } },
{ "type": "Feature", "properties": { "fid": 66187, "latitude": null, "longitude": null, "area_in_meters": null, "confidence": null, "full_plus_code": null, "fid_2": null, "id": null, "Status": "Complete" }, "geometry": { "type": "MultiPolygon", "coordinates": [ [ [ [ 101.962077693636459, 2.719102491951404 ], [ 101.962020384230783, 2.719150386061727 ], [ 101.962050038747407, 2.719186268110525 ], [ 101.962023874480479, 2.719219580167428 ], [ 101.962079191074608, 2.719263514605449 ], [ 101.962163962718961, 2.719155584265167 ], [ 101.962108646135206, 2.719111649828956 ], [ 101.962097251633281, 2.719126157183489 ], [ 101.962077693636459, 2.719102491951404 ] ] ] ] } },
{ "type": "Feature", "properties": { "fid": 66188, "latitude": null, "longitude": null, "area_in_meters": null, "confidence": null, "full_plus_code": null, "fid_2": null, "id": null, "Status": "Complete" }, "geometry": { "type": "MultiPolygon", "coordinates": [ [ [ [ 101.962212087634114, 2.718964454918182 ], [ 101.962164238372608, 2.718994463310433 ], [ 101.96218114805005, 2.719021728623862 ], [ 101.962114063846144, 2.719072417955561 ], [ 101.962199377686943, 2.719186591579323 ], [ 101.962287878658202, 2.719119719558473 ], [ 101.962246600938983, 2.719064478499388 ], [ 101.962266414722293, 2.719052052395333 ], [ 101.962212087634114, 2.718964454918182 ] ] ] ] } },
{ "type": "Feature", "properties": { "fid": 66189, "latitude": null, "longitude": null, "area_in_meters": null, "confidence": null, "full_plus_code": null, "fid_2": null, "id": null, "Status": "Complete" }, "geometry": { "type": "MultiPolygon", "coordinates": [ [ [ [ 101.962667006564942, 2.719386442270727 ], [ 101.962694043042205, 2.7191520545387 ], [ 101.962645036729995, 2.719146338301221 ], [ 101.96263708413602, 2.719215281814499 ], [ 101.962589596281703, 2.719242619948032 ], [ 101.962573886342611, 2.719241193289197 ], [ 101.962566028097413, 2.719328696213426 ], [ 101.962562567447151, 2.719326370471726 ], [ 101.962513535099902, 2.719400147530876 ], [ 101.962584329808436, 2.719447725348343 ], [ 101.962628076520346, 2.719381901366532 ], [ 101.962667006564942, 2.719386442270727 ] ] ] ] } },
{ "type": "Feature", "properties": { "fid": 66190, "latitude": null, "longitude": null, "area_in_meters": null, "confidence": null, "full_plus_code": null, "fid_2": null, "id": null, "Status": "Complete" }, "geometry": { "type": "MultiPolygon", "coordinates": [ [ [ [ 101.962359360574212, 2.719578212398773 ], [ 101.96236037238944, 2.719576656978578 ], [ 101.96236267089985, 2.71957709369882 ], [ 101.962363719844461, 2.719571511079381 ], [ 101.962437363711729, 2.719458301517244 ], [ 101.96244848717923, 2.719444729187174 ], [ 101.962338934626629, 2.719353936522733 ], [ 101.962303740358919, 2.71939687889536 ], [ 101.962267184697822, 2.719367439982368 ], [ 101.962230852454908, 2.719413061264163 ], [ 101.962257551787587, 2.719434562702263 ], [ 101.962224342969336, 2.719460829970795 ], [ 101.962242266445088, 2.719483744086115 ], [ 101.962223347080126, 2.719505253485807 ], [ 101.9622298505695, 2.719511038001898 ], [ 101.962227786154997, 2.719514126737071 ], [ 101.962309643321234, 2.719569450946465 ], [ 101.962311085967158, 2.719567292488395 ], [ 101.962355624660148, 2.719575754903276 ], [ 101.962359360574212, 2.719578212398773 ] ] ] ] } },
{ "type": "Feature", "properties": { "fid": 66191, "latitude": null, "longitude": null, "area_in_meters": null, "confidence": null, "full_plus_code": null, "fid_2": null, "id": null, "Status": "Complete" }, "geometry": { "type": "MultiPolygon", "coordinates": [ [ [ [ 101.962039913051157, 2.719762970954557 ], [ 101.962140892606683, 2.719657599189254 ], [ 101.962035730281073, 2.719555690387851 ], [ 101.962021188830505, 2.719570864329649 ], [ 101.962020301971762, 2.719569054797356 ], [ 101.961929727024739, 2.719613943641112 ], [ 101.961873158183934, 2.719583902277544 ], [ 101.961867317463799, 2.719595023852215 ], [ 101.96184916355935, 2.719583914149539 ], [ 101.961804067009396, 2.71965843077708 ], [ 101.961826733309593, 2.719672301943143 ], [ 101.961803106358431, 2.719717291070442 ], [ 101.961873876714421, 2.719754874259452 ], [ 101.961879323744427, 2.719744502325645 ], [ 101.961930701369781, 2.71979429041483 ], [ 101.961925442264175, 2.719802462869783 ], [ 101.961863940308078, 2.719756009318193 ], [ 101.961738454219557, 2.71992400868381 ], [ 101.961866862720385, 2.720020997948317 ], [ 101.961987321973638, 2.719859728401222 ], [ 101.961987881983205, 2.71986009281675 ], [ 101.962047291625112, 2.719767772421341 ], [ 101.962039913051157, 2.719762970954557 ] ] ] ] } },
{ "type": "Feature", "properties": { "fid": 66192, "latitude": null, "longitude": null, "area_in_meters": null, "confidence": null, "full_plus_code": null, "fid_2": null, "id": null, "Status": "Complete" }, "geometry": { "type": "MultiPolygon", "coordinates": [ [ [ [ 101.961928743503591, 2.720063465218983 ], [ 101.961841128126721, 2.720007809672849 ], [ 101.961841233336045, 2.720007632358368 ], [ 101.961834302212282, 2.720003473676017 ], [ 101.961832761188859, 2.720002494778214 ], [ 101.961832736424, 2.720002534201221 ], [ 101.961708516504785, 2.719928002104706 ], [ 101.961618460016041, 2.720079778717574 ], [ 101.961751176879702, 2.720159408969278 ], [ 101.961758875672146, 2.720146433812659 ], [ 101.961814070417049, 2.720137043136863 ], [ 101.961812857117579, 2.720129831883265 ], [ 101.961822870744683, 2.720111362240013 ], [ 101.961877039877749, 2.720145771865069 ], [ 101.961928743503591, 2.720063465218983 ] ] ] ] } },
{ "type": "Feature", "properties": { "fid": 66193, "latitude": null, "longitude": null, "area_in_meters": null, "confidence": null, "full_plus_code": null, "fid_2": null, "id": null, "Status": "Complete" }, "geometry": { "type": "MultiPolygon", "coordinates": [ [ [ [ 101.961726016292346, 2.719805213013915 ], [ 101.961749120019064, 2.719765645448233 ], [ 101.961768800508054, 2.719778221074795 ], [ 101.961810823227182, 2.719711719384851 ], [ 101.961651547911089, 2.719609944112944 ], [ 101.961609525174609, 2.719676445803123 ], [ 101.961635392352449, 2.719692974659133 ], [ 101.961609891802254, 2.719736647024165 ], [ 101.961726016292346, 2.719805213013915 ] ] ] ] } },
{ "type": "Feature", "properties": { "fid": 66194, "latitude": null, "longitude": null, "area_in_meters": null, "confidence": null, "full_plus_code": null, "fid_2": null, "id": null, "Status": "Complete" }, "geometry": { "type": "MultiPolygon", "coordinates": [ [ [ [ 101.961735924863902, 2.719510823713761 ], [ 101.961684450581402, 2.719516578625928 ], [ 101.961690097018646, 2.719567648926808 ], [ 101.961721989089853, 2.719564083337612 ], [ 101.961710021341716, 2.719586478699511 ], [ 101.961791851419491, 2.719630697763407 ], [ 101.961828752638809, 2.719561644142422 ], [ 101.96174692256983, 2.719517425077358 ], [ 101.961738414921911, 2.719533345520529 ], [ 101.961735924863902, 2.719510823713761 ] ] ] ] } },
{ "type": "Feature", "properties": { "fid": 66195, "latitude": null, "longitude": null, "area_in_meters": null, "confidence": null, "full_plus_code": null, "fid_2": null, "id": null, "Status": "Complete" }, "geometry": { "type": "MultiPolygon", "coordinates": [ [ [ [ 101.962120550728116, 2.71946774938106 ], [ 101.962023832259263, 2.719379343890417 ], [ 101.962019591337125, 2.719384035618317 ], [ 101.962008781338383, 2.719373630554681 ], [ 101.961897527056124, 2.71949051050674 ], [ 101.961948441413483, 2.719539517641238 ], [ 101.961957447655422, 2.719530055989575 ], [ 101.962015919834528, 2.719583502462188 ], [ 101.962120550728116, 2.71946774938106 ] ] ] ] } },
{ "type": "Feature", "properties": { "fid": 66196, "latitude": null, "longitude": null, "area_in_meters": null, "confidence": null, "full_plus_code": null, "fid_2": null, "id": null, "Status": "Complete" }, "geometry": { "type": "MultiPolygon", "coordinates": [ [ [ [ 101.961682946774033, 2.719805319344235 ], [ 101.961630955722811, 2.71976991083413 ], [ 101.961603117777642, 2.719811244148686 ], [ 101.961537067274762, 2.719762368924489 ], [ 101.961399482086705, 2.719950387664951 ], [ 101.961465171882338, 2.719998995964207 ], [ 101.961462225590296, 2.720003364351938 ], [ 101.961410395111542, 2.719976567603441 ], [ 101.961389575496597, 2.719963738447995 ], [ 101.961322478723844, 2.720073846290165 ], [ 101.961353387266826, 2.72009289229213 ], [ 101.961365919932007, 2.720072325806244 ], [ 101.961426360565397, 2.72010357406373 ], [ 101.961449514372092, 2.720058287688121 ], [ 101.961530193597497, 2.720113312455478 ], [ 101.961594306851254, 2.720018253440257 ], [ 101.961556775510218, 2.719992656347473 ], [ 101.961682946774033, 2.719805319344235 ] ] ] ] } },
{ "type": "Feature", "properties": { "fid": 66197, "latitude": null, "longitude": null, "area_in_meters": null, "confidence": null, "full_plus_code": null, "fid_2": null, "id": null, "Status": "Complete" }, "geometry": { "type": "MultiPolygon", "coordinates": [ [ [ [ 101.961397348489839, 2.72043347227563 ], [ 101.961474370803799, 2.720317787272674 ], [ 101.961406191844731, 2.72027188526542 ], [ 101.96132916951764, 2.720387570268012 ], [ 101.961397348489839, 2.72043347227563 ] ] ] ] } },
{ "type": "Feature", "properties": { "fid": 66198, "latitude": null, "longitude": null, "area_in_meters": null, "confidence": null, "full_plus_code": null, "fid_2": null, "id": null, "Status": "Complete" }, "geometry": { "type": "MultiPolygon", "coordinates": [ [ [ [ 101.96117140462465, 2.720617267165688 ], [ 101.961224453997062, 2.720633794091419 ], [ 101.961236872896947, 2.720593484085246 ], [ 101.961183823527321, 2.720576957158302 ], [ 101.96117140462465, 2.720617267165688 ] ] ] ] } },
{ "type": "Feature", "properties": { "fid": 66199, "latitude": null, "longitude": null, "area_in_meters": null, "confidence": null, "full_plus_code": null, "fid_2": null, "id": null, "Status": "Complete" }, "geometry": { "type": "MultiPolygon", "coordinates": [ [ [ [ 101.962075805507268, 2.720590602188203 ], [ 101.962107891242184, 2.720614954524687 ], [ 101.962126753064851, 2.720589824287805 ], [ 101.962094667331314, 2.720565471951503 ], [ 101.962075805507268, 2.720590602188203 ] ] ] ] } },
{ "type": "Feature", "properties": { "fid": 66200, "latitude": null, "longitude": null, "area_in_meters": null, "confidence": null, "full_plus_code": null, "fid_2": null, "id": null, "Status": "Complete" }, "geometry": { "type": "MultiPolygon", "coordinates": [ [ [ [ 101.962027146431538, 2.720562959202042 ], [ 101.962074457050193, 2.720490658129948 ], [ 101.962019129961078, 2.72045404866453 ], [ 101.961971819335801, 2.720526349736533 ], [ 101.962027146431538, 2.720562959202042 ] ] ] ] } },
{ "type": "Feature", "properties": { "fid": 66201, "latitude": null, "longitude": null, "area_in_meters": null, "confidence": null, "full_plus_code": null, "fid_2": null, "id": null, "Status": "Complete" }, "geometry": { "type": "MultiPolygon", "coordinates": [ [ [ [ 101.962150746490266, 2.720527117086083 ], [ 101.962012445467423, 2.720421958631099 ], [ 101.96207652616458, 2.720336736969582 ], [ 101.962214827167173, 2.72044189542187 ], [ 101.962150746490266, 2.720527117086083 ] ] ] ] } },
{ "type": "Feature", "properties": { "fid": 66202, "latitude": null, "longitude": null, "area_in_meters": null, "confidence": null, "full_plus_code": null, "fid_2": null, "id": null, "Status": "Complete" }, "geometry": { "type": "MultiPolygon", "coordinates": [ [ [ [ 101.961817809207503, 2.720311386613183 ], [ 101.961850825717235, 2.720264662958783 ], [ 101.961884836473729, 2.720288965540839 ], [ 101.961851819966654, 2.720335689195449 ], [ 101.961817809207503, 2.720311386613183 ] ] ] ] } },
{ "type": "Feature", "properties": { "fid": 66203, "latitude": null, "longitude": null, "area_in_meters": null, "confidence": null, "full_plus_code": null, "fid_2": null, "id": null, "Status": "Complete" }, "geometry": { "type": "MultiPolygon", "coordinates": [ [ [ [ 101.961115053904109, 2.720153205801588 ], [ 101.961162592358292, 2.720174188467612 ], [ 101.961152905235949, 2.720196381726408 ], [ 101.961105366780217, 2.720175399060778 ], [ 101.961115053904109, 2.720153205801588 ] ] ] ] } },
{ "type": "Feature", "properties": { "fid": 66204, "latitude": null, "longitude": null, "area_in_meters": null, "confidence": null, "full_plus_code": null, "fid_2": null, "id": null, "Status": "Complete" }, "geometry": { "type": "MultiPolygon", "coordinates": [ [ [ [ 101.961115306038408, 2.720256484237561 ], [ 101.96106401084468, 2.720218954153826 ], [ 101.961023488043438, 2.720274960647759 ], [ 101.961013638683767, 2.720269952129506 ], [ 101.960990658437353, 2.720315649916089 ], [ 101.961053684884959, 2.720347699622305 ], [ 101.961063658804363, 2.720327865800162 ], [ 101.961115306038408, 2.720256484237561 ] ] ] ] } },
{ "type": "Feature", "properties": { "fid": 66205, "latitude": null, "longitude": null, "area_in_meters": null, "confidence": null, "full_plus_code": null, "fid_2": null, "id": null, "Status": "Complete" }, "geometry": { "type": "MultiPolygon", "coordinates": [ [ [ [ 101.961652157149459, 2.720311795656235 ], [ 101.961754782786272, 2.72027933696731 ], [ 101.961751610137057, 2.720269193446421 ], [ 101.961753548275098, 2.720226034726013 ], [ 101.961731581292696, 2.720225037188857 ], [ 101.96173030546656, 2.720204992106657 ], [ 101.961658533758197, 2.720209611430359 ], [ 101.961658612333707, 2.720210845966782 ], [ 101.961651434251735, 2.720207859159928 ], [ 101.961651787093942, 2.72020631931618 ], [ 101.961666150368458, 2.720203370383216 ], [ 101.961661779009006, 2.720181840243378 ], [ 101.96162462084348, 2.720189469209053 ], [ 101.961615406804071, 2.720187334218858 ], [ 101.961614438561469, 2.720191559739595 ], [ 101.96152490775853, 2.720209941363469 ], [ 101.961529279116746, 2.720231471506359 ], [ 101.961529377693921, 2.720231451267416 ], [ 101.961529429157324, 2.720252528342966 ], [ 101.961527227625439, 2.720255467246572 ], [ 101.961604675644892, 2.720314133951681 ], [ 101.961610267591965, 2.72030666906021 ], [ 101.961627858800469, 2.720310745127002 ], [ 101.961637763636077, 2.720267519291018 ], [ 101.96165504309019, 2.720268303963265 ], [ 101.961640038348619, 2.720273049699254 ], [ 101.961652157149459, 2.720311795656235 ] ], [ [ 101.961602625886172, 2.720216412634798 ], [ 101.961609045753207, 2.720215094567844 ], [ 101.961608747192457, 2.720216397520869 ], [ 101.961602625886172, 2.720216412634798 ] ] ] ] } },
{ "type": "Feature", "properties": { "fid": 66206, "latitude": null, "longitude": null, "area_in_meters": null, "confidence": null, "full_plus_code": null, "fid_2": null, "id": null, "Status": "Complete" }, "geometry": { "type": "MultiPolygon", "coordinates": [ [ [ [ 101.961266617920572, 2.720262773845035 ], [ 101.961236884588772, 2.720297273600937 ], [ 101.961261797354751, 2.720318985172392 ], [ 101.961228226046373, 2.720369479258289 ], [ 101.961302809797431, 2.720419622642162 ], [ 101.961393035489976, 2.720283915547183 ], [ 101.961318451755744, 2.720233772163757 ], [ 101.961287227883261, 2.72028073550762 ], [ 101.961266617920572, 2.720262773845035 ] ] ] ] } },
{ "type": "Feature", "properties": { "fid": 66207, "latitude": null, "longitude": null, "area_in_meters": null, "confidence": null, "full_plus_code": null, "fid_2": null, "id": null, "Status": "Complete" }, "geometry": { "type": "MultiPolygon", "coordinates": [ [ [ [ 101.96135441451618, 2.72048910464724 ], [ 101.961364386394791, 2.720497585799022 ], [ 101.961373416206968, 2.720582342018036 ], [ 101.961379789275838, 2.720581655427834 ], [ 101.961343712712363, 2.720629057508071 ], [ 101.961389162870844, 2.720664036288444 ], [ 101.961390800262322, 2.72066188487037 ], [ 101.961443258580985, 2.720692111749131 ], [ 101.961491999007976, 2.720606575160403 ], [ 101.961450912915808, 2.720582901040585 ], [ 101.961456684703094, 2.720575317315052 ], [ 101.96150134218928, 2.720607641224842 ], [ 101.961636715906337, 2.720418517343463 ], [ 101.961541814625889, 2.720349826031996 ], [ 101.961460972779122, 2.720462766124879 ], [ 101.961414892118583, 2.720464185307132 ], [ 101.961391853868392, 2.720444591114776 ], [ 101.96135441451618, 2.72048910464724 ] ] ] ] } },
{ "type": "Feature", "properties": { "fid": 66208, "latitude": null, "longitude": null, "area_in_meters": null, "confidence": null, "full_plus_code": null, "fid_2": null, "id": null, "Status": "Complete" }, "geometry": { "type": "MultiPolygon", "coordinates": [ [ [ [ 101.961401301503471, 2.720695546938479 ], [ 101.961353279368097, 2.7206653071096 ], [ 101.961317028447169, 2.720723520467315 ], [ 101.961308795311396, 2.720718549433003 ], [ 101.961293194738985, 2.720744677090301 ], [ 101.961351811956277, 2.720780069217057 ], [ 101.961367412526215, 2.720753941559896 ], [ 101.961365613956275, 2.720752855612437 ], [ 101.961401301503471, 2.720695546938479 ] ] ] ] } },
{ "type": "Feature", "properties": { "fid": 66209, "latitude": null, "longitude": null, "area_in_meters": null, "confidence": null, "full_plus_code": null, "fid_2": null, "id": null, "Status": "Complete" }, "geometry": { "type": "MultiPolygon", "coordinates": [ [ [ [ 101.961592459957629, 2.720617624228914 ], [ 101.961591798398118, 2.720618450156604 ], [ 101.961574545772478, 2.720638482244505 ], [ 101.961608339126954, 2.720667913025475 ], [ 101.961609598051311, 2.720666451283586 ], [ 101.961642043859754, 2.720692731381034 ], [ 101.961754345570782, 2.720552527655621 ], [ 101.961687784754403, 2.720498615450942 ], [ 101.961684810850215, 2.720502328238322 ], [ 101.961684373549048, 2.720501884812806 ], [ 101.961708047746868, 2.72047183711556 ], [ 101.961760170266601, 2.720506972647425 ], [ 101.961790566642165, 2.720461375006429 ], [ 101.961688798565291, 2.720392773645896 ], [ 101.961658402181996, 2.720438371286671 ], [ 101.961661496246052, 2.720440456979893 ], [ 101.961644752302888, 2.720461708676913 ], [ 101.961643685751653, 2.720460627188783 ], [ 101.961559958742001, 2.720544123466493 ], [ 101.961573948108807, 2.720558308751169 ], [ 101.961552339497089, 2.720589673890777 ], [ 101.961592459957629, 2.720617624228914 ] ] ] ] } },
{ "type": "Feature", "properties": { "fid": 66210, "latitude": null, "longitude": null, "area_in_meters": null, "confidence": null, "full_plus_code": null, "fid_2": null, "id": null, "Status": "Complete" }, "geometry": { "type": "MultiPolygon", "coordinates": [ [ [ [ 101.961948618454954, 2.720514289971507 ], [ 101.961989354532648, 2.720463105142001 ], [ 101.961968672576887, 2.720446460623307 ], [ 101.962055265477147, 2.720319684437314 ], [ 101.961989542034047, 2.720274289573678 ], [ 101.961980307669918, 2.720287809126264 ], [ 101.961923677354989, 2.720250046213704 ], [ 101.961858955061388, 2.720348193691554 ], [ 101.961834436785594, 2.720336887669665 ], [ 101.961829610249069, 2.720347471854242 ], [ 101.961736248660884, 2.720285839198377 ], [ 101.961708519528685, 2.720328314387393 ], [ 101.961799648990336, 2.72038847350069 ], [ 101.961775032559089, 2.720431429142545 ], [ 101.961872353417036, 2.720487825675339 ], [ 101.961880329671544, 2.720473907117584 ], [ 101.96192761687611, 2.720506568151098 ], [ 101.961931662976355, 2.72050064446503 ], [ 101.961948618454954, 2.720514289971507 ] ], [ [ 101.961885207857222, 2.720378134858179 ], [ 101.961887333022716, 2.720379551986531 ], [ 101.961879984318685, 2.720389589636371 ], [ 101.961885207857222, 2.720378134858179 ] ] ] ] } },
{ "type": "Feature", "properties": { "fid": 66211, "latitude": null, "longitude": null, "area_in_meters": null, "confidence": null, "full_plus_code": null, "fid_2": null, "id": null, "Status": "Complete" }, "geometry": { "type": "MultiPolygon", "coordinates": [ [ [ [ 101.960531264919368, 2.720775432022263 ], [ 101.960470354942885, 2.720705619115984 ], [ 101.960519559835348, 2.720662207852838 ], [ 101.960580469807041, 2.720732020755939 ], [ 101.960531264919368, 2.720775432022263 ] ] ] ] } },
{ "type": "Feature", "properties": { "fid": 66212, "latitude": null, "longitude": null, "area_in_meters": null, "confidence": null, "full_plus_code": null, "fid_2": null, "id": null, "Status": "Complete" }, "geometry": { "type": "MultiPolygon", "coordinates": [ [ [ [ 101.960356609733736, 2.720707010429219 ], [ 101.960425087489995, 2.720710172974726 ], [ 101.960427738631978, 2.720652124975361 ], [ 101.960359260879329, 2.720648962426406 ], [ 101.960356609733736, 2.720707010429219 ] ] ] ] } },
{ "type": "Feature", "properties": { "fid": 66213, "latitude": null, "longitude": null, "area_in_meters": null, "confidence": null, "full_plus_code": null, "fid_2": null, "id": null, "Status": "Complete" }, "geometry": { "type": "MultiPolygon", "coordinates": [ [ [ [ 101.960393342856761, 2.719920665763695 ], [ 101.960281470367661, 2.719784346851916 ], [ 101.96018808144342, 2.719861847364247 ], [ 101.960299953948123, 2.71999816628828 ], [ 101.960393342856761, 2.719920665763695 ] ] ] ] } },
{ "type": "Feature", "properties": { "fid": 66214, "latitude": null, "longitude": null, "area_in_meters": null, "confidence": null, "full_plus_code": null, "fid_2": null, "id": null, "Status": "Complete" }, "geometry": { "type": "MultiPolygon", "coordinates": [ [ [ [ 101.960237457850894, 2.719597139047281 ], [ 101.960271176243978, 2.719638893037907 ], [ 101.960344686184996, 2.719578864558221 ], [ 101.960316225482643, 2.719543621243406 ], [ 101.960337155298745, 2.719523235292266 ], [ 101.96024858257897, 2.719431279977809 ], [ 101.960235664954538, 2.719443861932527 ], [ 101.960232808350682, 2.719440324557104 ], [ 101.960159298397613, 2.719500353026898 ], [ 101.960192518062826, 2.719541489435348 ], [ 101.960156169605284, 2.719575876683173 ], [ 101.960204888270141, 2.71962795131464 ], [ 101.960237457850894, 2.719597139047281 ] ] ] ] } },
{ "type": "Feature", "properties": { "fid": 66215, "latitude": null, "longitude": null, "area_in_meters": null, "confidence": null, "full_plus_code": null, "fid_2": null, "id": null, "Status": "Complete" }, "geometry": { "type": "MultiPolygon", "coordinates": [ [ [ [ 101.960283562537271, 2.71973658897017 ], [ 101.960361075564194, 2.719821908376807 ], [ 101.9603955337234, 2.719790252003706 ], [ 101.960422894658819, 2.719811761070341 ], [ 101.960447114429826, 2.719780606512715 ], [ 101.960426651432343, 2.719764520074575 ], [ 101.960460266331197, 2.719739484514812 ], [ 101.960393955870444, 2.719649452120729 ], [ 101.960375898523523, 2.719662900791071 ], [ 101.96037038205084, 2.719656828750971 ], [ 101.960369922724837, 2.71965725072918 ], [ 101.960368746987939, 2.71965539401936 ], [ 101.960371399755218, 2.719653028589701 ], [ 101.960352881727204, 2.719632028260465 ], [ 101.960296681928995, 2.719682140708634 ], [ 101.960304922173705, 2.719691485539794 ], [ 101.960315123049782, 2.71970759464283 ], [ 101.960283562537271, 2.71973658897017 ] ] ] ] } },
{ "type": "Feature", "properties": { "fid": 66216, "latitude": null, "longitude": null, "area_in_meters": null, "confidence": null, "full_plus_code": null, "fid_2": null, "id": null, "Status": "Complete" }, "geometry": { "type": "MultiPolygon", "coordinates": [ [ [ [ 101.96061967997511, 2.719897896623702 ], [ 101.960580879161299, 2.719888771812025 ], [ 101.960585871541994, 2.719867897096766 ], [ 101.960513546041128, 2.71985040584683 ], [ 101.96046544529375, 2.720051530149498 ], [ 101.960470371457077, 2.720052721495354 ], [ 101.960459794893907, 2.720098199727749 ], [ 101.960567221496134, 2.720123463286064 ], [ 101.96061967997511, 2.719897896623702 ] ] ] ] } },
{ "type": "Feature", "properties": { "fid": 66217, "latitude": null, "longitude": null, "area_in_meters": null, "confidence": null, "full_plus_code": null, "fid_2": null, "id": null, "Status": "Complete" }, "geometry": { "type": "MultiPolygon", "coordinates": [ [ [ [ 101.960179676860776, 2.719945935611531 ], [ 101.960114465513968, 2.719879049468759 ], [ 101.960122655606753, 2.719871359956582 ], [ 101.959977603910104, 2.719715133328694 ], [ 101.959973954834624, 2.719718559370391 ], [ 101.959973556922122, 2.719718098999945 ], [ 101.959883932099672, 2.719796433038878 ], [ 101.959981026197681, 2.719908767411898 ], [ 101.959979185164016, 2.71991058247081 ], [ 101.960106044390031, 2.72004069975929 ], [ 101.960097854223292, 2.720048262884569 ], [ 101.960190701079753, 2.720149934688091 ], [ 101.960254609645105, 2.720090918965452 ], [ 101.960235212189289, 2.720069677811032 ], [ 101.96029201655621, 2.720033079176442 ], [ 101.960219957490068, 2.719919983105992 ], [ 101.960179676860776, 2.719945935611531 ] ] ] ] } },
{ "type": "Feature", "properties": { "fid": 66218, "latitude": null, "longitude": null, "area_in_meters": null, "confidence": null, "full_plus_code": null, "fid_2": null, "id": null, "Status": "Complete" }, "geometry": { "type": "MultiPolygon", "coordinates": [ [ [ [ 101.959872918420629, 2.719808676029037 ], [ 101.959824421921866, 2.719847664190922 ], [ 101.959836797867567, 2.7198632309469 ], [ 101.95984986037935, 2.719852729501311 ], [ 101.959869992995024, 2.719876833033962 ], [ 101.959830419994333, 2.719905197744973 ], [ 101.959825653622161, 2.719899856006035 ], [ 101.959763945579539, 2.719955534701695 ], [ 101.959822011251276, 2.720020609696861 ], [ 101.959814921750663, 2.720027593299204 ], [ 101.959943348677626, 2.720159429321831 ], [ 101.95996464426122, 2.720138451830426 ], [ 101.960044607007973, 2.720199193167186 ], [ 101.960043938686681, 2.720203441373364 ], [ 101.960051858042718, 2.720204701201379 ], [ 101.960064962536521, 2.720214655642707 ], [ 101.96007024322688, 2.720207625955608 ], [ 101.960079305517866, 2.720209067604148 ], [ 101.96009888025786, 2.720084640101613 ], [ 101.960069062892558, 2.720079896688232 ], [ 101.960069049298042, 2.720079161072846 ], [ 101.960064923442133, 2.72007923817517 ], [ 101.960063513431464, 2.720079013867508 ], [ 101.960063473882158, 2.720079265263959 ], [ 101.960035618765517, 2.72007978580909 ], [ 101.960037543595817, 2.72007743098125 ], [ 101.960037903670127, 2.720077862075902 ], [ 101.96008110499055, 2.720041373352367 ], [ 101.959889491776295, 2.719811966724047 ], [ 101.959881141653653, 2.719819019405441 ], [ 101.959872918420629, 2.719808676029037 ] ], [ [ 101.960045375069853, 2.72016547582221 ], [ 101.960049924744737, 2.720165390799375 ], [ 101.960049427137562, 2.720168553855751 ], [ 101.960045375069853, 2.72016547582221 ] ], [ [ 101.959999589522155, 2.720031990921766 ], [ 101.960007246813021, 2.720041158521411 ], [ 101.960006626039075, 2.720041917973108 ], [ 101.959999589522155, 2.720031990921766 ] ], [ [ 101.960001538502951, 2.720132176669012 ], [ 101.959996144074267, 2.720128078950594 ], [ 101.960001345184295, 2.720121715938377 ], [ 101.960001538502951, 2.720132176669012 ] ] ] ] } },
{ "type": "Feature", "properties": { "fid": 66219, "latitude": null, "longitude": null, "area_in_meters": null, "confidence": null, "full_plus_code": null, "fid_2": null, "id": null, "Status": "Complete" }, "geometry": { "type": "MultiPolygon", "coordinates": [ [ [ [ 101.960113605369969, 2.720235635642352 ], [ 101.960113973972341, 2.720386666610625 ], [ 101.960217782749822, 2.720386410405612 ], [ 101.960217502255816, 2.720271484949061 ], [ 101.960251317486694, 2.720272507242326 ], [ 101.96025272889301, 2.72022529754048 ], [ 101.960116883182778, 2.720221190682478 ], [ 101.960116451536905, 2.720235628618266 ], [ 101.960113605369969, 2.720235635642352 ] ] ] ] } },
{ "type": "Feature", "properties": { "fid": 66220, "latitude": null, "longitude": null, "area_in_meters": null, "confidence": null, "full_plus_code": null, "fid_2": null, "id": null, "Status": "Complete" }, "geometry": { "type": "MultiPolygon", "coordinates": [ [ [ [ 101.96089569536619, 2.720320326455969 ], [ 101.960844735414966, 2.720254931115444 ], [ 101.960824987937201, 2.720270492046199 ], [ 101.960809996392001, 2.720247128924889 ], [ 101.960816652989536, 2.720241896208312 ], [ 101.96079493945679, 2.720213964505764 ], [ 101.960765178990115, 2.720237359051722 ], [ 101.96077316543898, 2.720247632603884 ], [ 101.960725522763127, 2.720278546471349 ], [ 101.96077081440626, 2.720349129866033 ], [ 101.960754425574962, 2.720356212077749 ], [ 101.960773556009116, 2.72040097779667 ], [ 101.960750143730962, 2.720411749041232 ], [ 101.960772349979123, 2.720460557449055 ], [ 101.960826367893276, 2.720435705521688 ], [ 101.960832735750799, 2.720445629317111 ], [ 101.960863839635124, 2.720425446955152 ], [ 101.960910285043184, 2.720415795823201 ], [ 101.960906570638656, 2.720397720110137 ], [ 101.960906610490412, 2.720397694251552 ], [ 101.960906544046964, 2.720397590704764 ], [ 101.960899108719104, 2.720361407555599 ], [ 101.960885183015037, 2.720364301249068 ], [ 101.960869972112334, 2.720340596276674 ], [ 101.96089569536619, 2.720320326455969 ] ] ] ] } },
{ "type": "Feature", "properties": { "fid": 66221, "latitude": null, "longitude": null, "area_in_meters": null, "confidence": null, "full_plus_code": null, "fid_2": null, "id": null, "Status": "Complete" }, "geometry": { "type": "MultiPolygon", "coordinates": [ [ [ [ 101.960787724989743, 2.720537496381039 ], [ 101.960792380068028, 2.720522697560679 ], [ 101.960755970633159, 2.720511116308162 ], [ 101.960763715522148, 2.720486680662386 ], [ 101.960744790073747, 2.720480614985516 ], [ 101.960675747511132, 2.720698448900571 ], [ 101.960694672964934, 2.720704514575154 ], [ 101.960698592630052, 2.720692147768021 ], [ 101.960735395883162, 2.72070385428125 ], [ 101.960746080053937, 2.720669888552972 ], [ 101.960850237266683, 2.720699128643071 ], [ 101.960851047945354, 2.720696208521314 ], [ 101.960861280749583, 2.720699101377742 ], [ 101.960884271422444, 2.720616865563147 ], [ 101.960840122774755, 2.720604384552835 ], [ 101.96085542551711, 2.720562520918676 ], [ 101.960787724989743, 2.720537496381039 ] ] ] ] } },
{ "type": "Feature", "properties": { "fid": 66222, "latitude": null, "longitude": null, "area_in_meters": null, "confidence": null, "full_plus_code": null, "fid_2": null, "id": null, "Status": "Complete" }, "geometry": { "type": "MultiPolygon", "coordinates": [ [ [ [ 101.960694891080735, 2.720397448571278 ], [ 101.960663246858985, 2.720397351844237 ], [ 101.960665073404314, 2.720365595020885 ], [ 101.960568903214437, 2.720360001611728 ], [ 101.960556190499304, 2.720581028076726 ], [ 101.960594848417742, 2.720583276474146 ], [ 101.96059492673767, 2.720615358822617 ], [ 101.960684378960437, 2.720615137996357 ], [ 101.960684340870912, 2.720599535782827 ], [ 101.960694280139904, 2.720599566162416 ], [ 101.960694364060345, 2.720571802757006 ], [ 101.960705255845298, 2.72057177586893 ], [ 101.96070498202856, 2.720459613225197 ], [ 101.960694703098937, 2.720459638599299 ], [ 101.960694891080735, 2.720397448571278 ] ] ] ] } },
{ "type": "Feature", "properties": { "fid": 66223, "latitude": null, "longitude": null, "area_in_meters": null, "confidence": null, "full_plus_code": null, "fid_2": null, "id": null, "Status": "Complete" }, "geometry": { "type": "MultiPolygon", "coordinates": [ [ [ [ 101.960551529121517, 2.720481092057104 ], [ 101.960507046602586, 2.720482433082074 ], [ 101.96050699738197, 2.720479458532724 ], [ 101.960384772501101, 2.720481503676793 ], [ 101.960387363422413, 2.720638081762888 ], [ 101.960509588318516, 2.720636036601213 ], [ 101.960509050260185, 2.720603520121734 ], [ 101.960555137659725, 2.720602130708989 ], [ 101.960551529121517, 2.720481092057104 ] ] ] ] } },
{ "type": "Feature", "properties": { "fid": 66224, "latitude": null, "longitude": null, "area_in_meters": null, "confidence": null, "full_plus_code": null, "fid_2": null, "id": null, "Status": "Complete" }, "geometry": { "type": "MultiPolygon", "coordinates": [ [ [ [ 101.960327723169158, 2.720636007924408 ], [ 101.960328414880991, 2.720619440697394 ], [ 101.960343758526008, 2.72061992404734 ], [ 101.960348879078211, 2.720455553222989 ], [ 101.960265432374015, 2.720452924502697 ], [ 101.960260311809719, 2.720617295339121 ], [ 101.960278691552404, 2.720617874331114 ], [ 101.960278022052208, 2.720633909549351 ], [ 101.960327723169158, 2.720636007924408 ] ] ] ] } },
{ "type": "Feature", "properties": { "fid": 66225, "latitude": null, "longitude": null, "area_in_meters": null, "confidence": null, "full_plus_code": null, "fid_2": null, "id": null, "Status": "Complete" }, "geometry": { "type": "MultiPolygon", "coordinates": [ [ [ [ 101.959914063641207, 2.720376181500472 ], [ 101.960003805992102, 2.720460993872259 ], [ 101.960003806339088, 2.720461021549857 ], [ 101.959914937446456, 2.720380787876508 ], [ 101.959846138865686, 2.720457845243139 ], [ 101.959826981477931, 2.720444011843929 ], [ 101.95972740188877, 2.720583462088477 ], [ 101.959723220984159, 2.720580660150273 ], [ 101.959659686823827, 2.72067652523893 ], [ 101.959770303361807, 2.720750657677919 ], [ 101.959817989612731, 2.720678705078964 ], [ 101.95980112485887, 2.720709492042189 ], [ 101.959876456151065, 2.720751220273504 ], [ 101.959876331743615, 2.720754838105238 ], [ 101.95996579216694, 2.720757948887122 ], [ 101.959968087564661, 2.72069119740686 ], [ 101.959904120916875, 2.720688973108913 ], [ 101.959843721550129, 2.720655516109068 ], [ 101.959874842382789, 2.720611934799166 ], [ 101.959901441754155, 2.720635949556672 ], [ 101.960004551536343, 2.720520462135217 ], [ 101.960005997678635, 2.720635813534015 ], [ 101.960111338687966, 2.720634478069526 ], [ 101.960105922528243, 2.720707629223627 ], [ 101.96020643726267, 2.720715154819014 ], [ 101.960207844662492, 2.72069614632384 ], [ 101.960226269459952, 2.720696226882741 ], [ 101.96022677027409, 2.72058040211443 ], [ 101.960237031030957, 2.7205807053669 ], [ 101.960237078531961, 2.720579080122067 ], [ 101.96023973840127, 2.720579033633766 ], [ 101.960238750473408, 2.720521874709624 ], [ 101.960242127208986, 2.720406339831944 ], [ 101.96023675083633, 2.720406180934599 ], [ 101.960236581071158, 2.720396358765007 ], [ 101.960088603764902, 2.720398945038067 ], [ 101.960088897855016, 2.720415960441522 ], [ 101.960080730401586, 2.720416063983091 ], [ 101.959972438448773, 2.720313721021297 ], [ 101.959914063641207, 2.720376181500472 ] ] ] ] } },
{ "type": "Feature", "properties": { "fid": 66226, "latitude": null, "longitude": null, "area_in_meters": null, "confidence": null, "full_plus_code": null, "fid_2": null, "id": null, "Status": "Complete" }, "geometry": { "type": "MultiPolygon", "coordinates": [ [ [ [ 101.960530998370871, 2.721118585859091 ], [ 101.960531972569143, 2.721065278105758 ], [ 101.960567436200989, 2.721065933468265 ], [ 101.960566462004351, 2.721119241219912 ], [ 101.960530998370871, 2.721118585859091 ] ] ] ] } },
{ "type": "Feature", "properties": { "fid": 66227, "latitude": null, "longitude": null, "area_in_meters": null, "confidence": null, "full_plus_code": null, "fid_2": null, "id": null, "Status": "Complete" }, "geometry": { "type": "MultiPolygon", "coordinates": [ [ [ [ 101.960197590660769, 2.721162719609715 ], [ 101.960271587488748, 2.721164757982513 ], [ 101.960273791385404, 2.721083855507405 ], [ 101.960199794562655, 2.721081817129319 ], [ 101.960197590660769, 2.721162719609715 ] ] ] ] } },
{ "type": "Feature", "properties": { "fid": 66228, "latitude": null, "longitude": null, "area_in_meters": null, "confidence": null, "full_plus_code": null, "fid_2": null, "id": null, "Status": "Complete" }, "geometry": { "type": "MultiPolygon", "coordinates": [ [ [ [ 101.959906398551524, 2.720856932537679 ], [ 101.959884544683305, 2.720952491949782 ], [ 101.959902658381253, 2.720956680880357 ], [ 101.959868342688111, 2.721101342794127 ], [ 101.95989777929104, 2.721108403811024 ], [ 101.959893818635265, 2.721132374712151 ], [ 101.95998551760654, 2.721147695751046 ], [ 101.959990745368259, 2.721116055983659 ], [ 101.960034035787984, 2.721117591707037 ], [ 101.960035534355157, 2.721074875148275 ], [ 101.960061541505169, 2.721075323721002 ], [ 101.960063473684912, 2.720962045038604 ], [ 101.959987580604178, 2.720960736022852 ], [ 101.95998751915505, 2.720964338612163 ], [ 101.959938479826192, 2.720952575442838 ], [ 101.959957642625682, 2.720868783124654 ], [ 101.959906398551524, 2.720856932537679 ] ] ] ] } },
{ "type": "Feature", "properties": { "fid": 66229, "latitude": null, "longitude": null, "area_in_meters": null, "confidence": null, "full_plus_code": null, "fid_2": null, "id": null, "Status": "Complete" }, "geometry": { "type": "MultiPolygon", "coordinates": [ [ [ [ 101.960230441886665, 2.721048254083129 ], [ 101.960233443158671, 2.720920535909595 ], [ 101.960203216686708, 2.72091981764752 ], [ 101.960201346548246, 2.720891741403566 ], [ 101.960151687312674, 2.720895086246832 ], [ 101.960152020767055, 2.720900092374396 ], [ 101.960130689889539, 2.720900800047785 ], [ 101.960132818877312, 2.720965691831467 ], [ 101.960080041635578, 2.720963114669329 ], [ 101.960074785565126, 2.721071959441232 ], [ 101.960135543285645, 2.721074926291609 ], [ 101.960136929556214, 2.721046218824505 ], [ 101.9601398794928, 2.721046120956992 ], [ 101.96013998555614, 2.721089566942958 ], [ 101.960185263879055, 2.721089455165231 ], [ 101.960185160667749, 2.721047178085121 ], [ 101.960230441886665, 2.721048254083129 ] ] ] ] } },
{ "type": "Feature", "properties": { "fid": 66230, "latitude": null, "longitude": null, "area_in_meters": null, "confidence": null, "full_plus_code": null, "fid_2": null, "id": null, "Status": "Complete" }, "geometry": { "type": "MultiPolygon", "coordinates": [ [ [ [ 101.960421277565814, 2.721005228749154 ], [ 101.960401683246658, 2.72098515460431 ], [ 101.960385797236214, 2.720901280820647 ], [ 101.960346541467032, 2.720908799354572 ], [ 101.960351290392168, 2.720933872381817 ], [ 101.960309675778191, 2.720933674060022 ], [ 101.960308948284293, 2.7210880392909 ], [ 101.960385233169575, 2.721088402829321 ], [ 101.960385306862761, 2.72107276583488 ], [ 101.960417122984012, 2.721066672188351 ], [ 101.960412136924973, 2.721040347162419 ], [ 101.960424791066657, 2.721041111108391 ], [ 101.960426001490021, 2.721020836682647 ], [ 101.960431354800519, 2.721015552755186 ], [ 101.960426607325346, 2.721010689023844 ], [ 101.960426913002848, 2.721005568967546 ], [ 101.960421277565814, 2.721005228749154 ] ] ] ] } },
{ "type": "Feature", "properties": { "fid": 66231, "latitude": null, "longitude": null, "area_in_meters": null, "confidence": null, "full_plus_code": null, "fid_2": null, "id": null, "Status": "Complete" }, "geometry": { "type": "MultiPolygon", "coordinates": [ [ [ [ 101.960494383781153, 2.721194616900712 ], [ 101.960483693033026, 2.721193108040546 ], [ 101.960482243422661, 2.721203494116335 ], [ 101.960478203825829, 2.721206447931257 ], [ 101.960481244290008, 2.721210652638162 ], [ 101.960474704680792, 2.721257507212574 ], [ 101.960463457355246, 2.721256317277998 ], [ 101.960458561447794, 2.721303112378629 ], [ 101.96053036312766, 2.721310708786004 ], [ 101.960531703386451, 2.721297898579643 ], [ 101.960626053368259, 2.721293540043696 ], [ 101.960625780066351, 2.721316905613309 ], [ 101.960641918659121, 2.721317096497045 ], [ 101.960644659540876, 2.721082768327534 ], [ 101.960628520951303, 2.721082577440406 ], [ 101.96062815000397, 2.721114291070592 ], [ 101.960510018451217, 2.721119748186746 ], [ 101.960512822753344, 2.721181134042511 ], [ 101.960494383781153, 2.721194616900712 ] ] ] ] } },
{ "type": "Feature", "properties": { "fid": 66232, "latitude": null, "longitude": null, "area_in_meters": null, "confidence": null, "full_plus_code": null, "fid_2": null, "id": null, "Status": "Complete" }, "geometry": { "type": "MultiPolygon", "coordinates": [ [ [ [ 101.960472009654055, 2.720931052245166 ], [ 101.960462422985785, 2.721075444572786 ], [ 101.960534069893299, 2.72108025475641 ], [ 101.960535355434473, 2.721060892194364 ], [ 101.960603736267785, 2.72105732722529 ], [ 101.960594462228954, 2.720877444583369 ], [ 101.960529203909445, 2.72088084675252 ], [ 101.960533653090792, 2.720838488887171 ], [ 101.960494965103308, 2.720834379625858 ], [ 101.960491348090258, 2.720868814927024 ], [ 101.960405596893651, 2.720869026622936 ], [ 101.960405691784061, 2.720907894876151 ], [ 101.960487264365796, 2.720907693493205 ], [ 101.960486330943027, 2.720916580023026 ], [ 101.960523912117438, 2.720920571720876 ], [ 101.960524634604127, 2.720934585351868 ], [ 101.960472009654055, 2.720931052245166 ] ] ] ] } },
{ "type": "Feature", "properties": { "fid": 66233, "latitude": null, "longitude": null, "area_in_meters": null, "confidence": null, "full_plus_code": null, "fid_2": null, "id": null, "Status": "Complete" }, "geometry": { "type": "MultiPolygon", "coordinates": [ [ [ [ 101.960797067806681, 2.721085723593499 ], [ 101.960697662861151, 2.721080416401226 ], [ 101.96069624356646, 2.721107298098276 ], [ 101.960718062927782, 2.721108463025153 ], [ 101.96065466104703, 2.72110828577609 ], [ 101.960654074634206, 2.721320398064265 ], [ 101.960826026910482, 2.721320878748475 ], [ 101.960826372057312, 2.721327746292317 ], [ 101.960941210775502, 2.721321910059901 ], [ 101.960936743229297, 2.721233017416063 ], [ 101.96083659362607, 2.721238107123101 ], [ 101.960836951106117, 2.721108795394129 ], [ 101.960795855733991, 2.721108680506115 ], [ 101.960797067806681, 2.721085723593499 ] ] ] ] } },
{ "type": "Feature", "properties": { "fid": 66234, "latitude": null, "longitude": null, "area_in_meters": null, "confidence": null, "full_plus_code": null, "fid_2": null, "id": null, "Status": "Complete" }, "geometry": { "type": "MultiPolygon", "coordinates": [ [ [ [ 101.960654013005879, 2.720842871193077 ], [ 101.96065478474631, 2.720866190374593 ], [ 101.960647443852309, 2.720866208498824 ], [ 101.960647956318013, 2.721076097019727 ], [ 101.960783791216969, 2.721075761625602 ], [ 101.960783634764951, 2.721011687138031 ], [ 101.960823393583809, 2.721012518711723 ], [ 101.960823515228967, 2.721062337205423 ], [ 101.960878732660163, 2.721062200860453 ], [ 101.960878732660163, 2.721062200860809 ], [ 101.960881987068163, 2.721062192824695 ], [ 101.960880624749748, 2.721152066509396 ], [ 101.960842994284789, 2.721150744944869 ], [ 101.96084047367053, 2.721223321858484 ], [ 101.960958649831738, 2.721227472142825 ], [ 101.960961170438367, 2.721154895236733 ], [ 101.960939649337789, 2.721154139425633 ], [ 101.960940893776694, 2.721072042115715 ], [ 101.960992504966498, 2.721071914671241 ], [ 101.960992404628314, 2.721030825396245 ], [ 101.961058665533088, 2.721030661775736 ], [ 101.961058486550499, 2.720957367399008 ], [ 101.961047266744643, 2.720957395103745 ], [ 101.961046385315854, 2.720925358962981 ], [ 101.961049573121784, 2.720925184109583 ], [ 101.961043791054948, 2.720818587740107 ], [ 101.960970949955836, 2.720822583118602 ], [ 101.960971474156395, 2.720832247125628 ], [ 101.960654013005879, 2.720842871193077 ] ] ] ] } },
{ "type": "Feature", "properties": { "fid": 66235, "latitude": null, "longitude": null, "area_in_meters": null, "confidence": null, "full_plus_code": null, "fid_2": null, "id": null, "Status": "Complete" }, "geometry": { "type": "MultiPolygon", "coordinates": [ [ [ [ 101.960006260779153, 2.721501903170759 ], [ 101.960064821146858, 2.721513974402305 ], [ 101.960058560967454, 2.721544684412958 ], [ 101.96000000059766, 2.721532613182674 ], [ 101.960006260779153, 2.721501903170759 ] ] ] ] } },
{ "type": "Feature", "properties": { "fid": 66236, "latitude": null, "longitude": null, "area_in_meters": null, "confidence": null, "full_plus_code": null, "fid_2": null, "id": null, "Status": "Complete" }, "geometry": { "type": "MultiPolygon", "coordinates": [ [ [ [ 101.959908076881391, 2.721470520004746 ], [ 101.959818426392545, 2.721463498396888 ], [ 101.959809543471422, 2.721578185045151 ], [ 101.959785575146753, 2.7215779639666 ], [ 101.959784703970286, 2.721673471596506 ], [ 101.959791596338604, 2.721673535169598 ], [ 101.959788087517083, 2.721702336992281 ], [ 101.959911812702018, 2.721717578919836 ], [ 101.959917425867673, 2.721671503747524 ], [ 101.959884417951116, 2.721667437441652 ], [ 101.959885088927379, 2.721593877217618 ], [ 101.959898441401208, 2.721594923008896 ], [ 101.959908076881391, 2.721470520004746 ] ] ] ] } },
{ "type": "Feature", "properties": { "fid": 66237, "latitude": null, "longitude": null, "area_in_meters": null, "confidence": null, "full_plus_code": null, "fid_2": null, "id": null, "Status": "Complete" }, "geometry": { "type": "MultiPolygon", "coordinates": [ [ [ [ 101.959994921070404, 2.721656623205977 ], [ 101.960040864389754, 2.721652849622202 ], [ 101.960034765648487, 2.721577765244784 ], [ 101.960065636559435, 2.721580050598645 ], [ 101.96006714101766, 2.721559500344914 ], [ 101.960033077251808, 2.7215569786254 ], [ 101.960031755726447, 2.721540708725739 ], [ 101.9599986316735, 2.721543429387523 ], [ 101.959998579135302, 2.721521911651174 ], [ 101.959944465988983, 2.721522045251785 ], [ 101.959944764245847, 2.721644202668792 ], [ 101.959993902356103, 2.721644081345667 ], [ 101.959994921070404, 2.721656623205977 ] ] ] ] } },
{ "type": "Feature", "properties": { "fid": 66238, "latitude": null, "longitude": null, "area_in_meters": null, "confidence": null, "full_plus_code": null, "fid_2": null, "id": null, "Status": "Complete" }, "geometry": { "type": "MultiPolygon", "coordinates": [ [ [ [ 101.960171109886772, 2.72162476481649 ], [ 101.960128785985646, 2.72160998586785 ], [ 101.960126892507148, 2.721607105540255 ], [ 101.96010594373665, 2.721621031264386 ], [ 101.96010586647445, 2.72158938899977 ], [ 101.960060588129608, 2.721589500795019 ], [ 101.960060718284737, 2.721642805844065 ], [ 101.960073234250203, 2.721642774940708 ], [ 101.96004640512075, 2.721660609641581 ], [ 101.960077576961538, 2.721708027720404 ], [ 101.9600615827909, 2.721723438778433 ], [ 101.960084164529874, 2.721747137634199 ], [ 101.960178916263004, 2.721655840337249 ], [ 101.960165309927689, 2.721641560896418 ], [ 101.960171109886772, 2.72162476481649 ] ] ] ] } },
{ "type": "Feature", "properties": { "fid": 66239, "latitude": null, "longitude": null, "area_in_meters": null, "confidence": null, "full_plus_code": null, "fid_2": null, "id": null, "Status": "Complete" }, "geometry": { "type": "MultiPolygon", "coordinates": [ [ [ [ 101.960334255353771, 2.721502203860812 ], [ 101.960322978435499, 2.721526933147506 ], [ 101.960274628611785, 2.721505682674543 ], [ 101.960238388448616, 2.721589061784365 ], [ 101.960240804554289, 2.721590123698853 ], [ 101.960227431726054, 2.721624625746859 ], [ 101.96037666266399, 2.721683115250025 ], [ 101.960393326104835, 2.721640123363959 ], [ 101.960352675502108, 2.721624190784225 ], [ 101.960383404532038, 2.721553491323562 ], [ 101.960351960054282, 2.721539671003796 ], [ 101.960363000982326, 2.721515459220809 ], [ 101.960334255353771, 2.721502203860812 ] ] ] ] } },
{ "type": "Feature", "properties": { "fid": 66240, "latitude": null, "longitude": null, "area_in_meters": null, "confidence": null, "full_plus_code": null, "fid_2": null, "id": null, "Status": "Complete" }, "geometry": { "type": "MultiPolygon", "coordinates": [ [ [ [ 101.960521123635772, 2.72159724784718 ], [ 101.960433855619442, 2.721587468593523 ], [ 101.960426560878972, 2.721653294986826 ], [ 101.960407687447429, 2.72164914497484 ], [ 101.96039330655546, 2.721715279467773 ], [ 101.960518165864343, 2.721742734330984 ], [ 101.960532546746549, 2.721676599843706 ], [ 101.960512810932329, 2.721672260205448 ], [ 101.960521123635772, 2.72159724784718 ] ] ] ] } },
{ "type": "Feature", "properties": { "fid": 66241, "latitude": null, "longitude": null, "area_in_meters": null, "confidence": null, "full_plus_code": null, "fid_2": null, "id": null, "Status": "Complete" }, "geometry": { "type": "MultiPolygon", "coordinates": [ [ [ [ 101.960807181938534, 2.721750004312801 ], [ 101.960799796669406, 2.721750923013743 ], [ 101.960807992984599, 2.721817550202393 ], [ 101.960805500147927, 2.721825314289784 ], [ 101.960900550140749, 2.721856174299297 ], [ 101.960917642659652, 2.7218029386192 ], [ 101.960897158850017, 2.721796288112001 ], [ 101.960911527965024, 2.721728329644538 ], [ 101.960951057250767, 2.721736112559582 ], [ 101.960951594799141, 2.721733351758783 ], [ 101.96104492963596, 2.721736991225763 ], [ 101.961049083916066, 2.721629259791711 ], [ 101.960972444154351, 2.721626271319326 ], [ 101.960974226078093, 2.721617119517023 ], [ 101.960977271396018, 2.721617221356085 ], [ 101.960979440866808, 2.721551619889515 ], [ 101.960959909628187, 2.721550966740448 ], [ 101.960970040464616, 2.72136959155197 ], [ 101.960630956522564, 2.721350439405091 ], [ 101.960619199779842, 2.721560922526286 ], [ 101.960637879128328, 2.721561977570091 ], [ 101.960599486338836, 2.721578175356501 ], [ 101.960620101504489, 2.721627586129778 ], [ 101.960578976322068, 2.72164481014378 ], [ 101.960636431615583, 2.721783531794634 ], [ 101.96081405741127, 2.721709138682067 ], [ 101.960832537456753, 2.721712777215404 ], [ 101.960807181938534, 2.721750004312801 ] ] ] ] } },
{ "type": "Feature", "properties": { "fid": 66242, "latitude": null, "longitude": null, "area_in_meters": null, "confidence": null, "full_plus_code": null, "fid_2": null, "id": null, "Status": "Complete" }, "geometry": { "type": "MultiPolygon", "coordinates": [ [ [ [ 101.959714574107878, 2.721445986313397 ], [ 101.959723091719198, 2.721316033406139 ], [ 101.959634144053638, 2.721310138077675 ], [ 101.959625626431418, 2.721440090994745 ], [ 101.959714574107878, 2.721445986313397 ] ] ] ] } },
{ "type": "Feature", "properties": { "fid": 66243, "latitude": null, "longitude": null, "area_in_meters": null, "confidence": null, "full_plus_code": null, "fid_2": null, "id": null, "Status": "Complete" }, "geometry": { "type": "MultiPolygon", "coordinates": [ [ [ [ 101.959230800886075, 2.721419417237755 ], [ 101.959234868628485, 2.721276148907321 ], [ 101.9593569581954, 2.721279654189531 ], [ 101.959352890468324, 2.721422922504534 ], [ 101.959230800886075, 2.721419417237755 ] ] ] ] } },
{ "type": "Feature", "properties": { "fid": 66245, "latitude": null, "longitude": null, "area_in_meters": null, "confidence": null, "full_plus_code": null, "fid_2": null, "id": null, "Status": "Complete" }, "geometry": { "type": "MultiPolygon", "coordinates": [ [ [ [ 101.959302429091352, 2.721560204393601 ], [ 101.959302900827637, 2.72154917120809 ], [ 101.959300116406709, 2.721549050822504 ], [ 101.959299574221774, 2.721543626772829 ], [ 101.959274979533063, 2.721546112799643 ], [ 101.959275165383119, 2.721547972054722 ], [ 101.959261197452449, 2.721547368145486 ], [ 101.959248968920605, 2.721534900619853 ], [ 101.959237434497226, 2.721546340744329 ], [ 101.959230005552072, 2.721546019550825 ], [ 101.959229533815048, 2.721557052737035 ], [ 101.95924483832593, 2.721557714433713 ], [ 101.959279691185671, 2.721593248455468 ], [ 101.959280639537567, 2.721602735824785 ], [ 101.959288242876724, 2.721601967280205 ], [ 101.959294209696424, 2.721608050715039 ], [ 101.959301716403047, 2.721600605377834 ], [ 101.959305234227173, 2.721600249796607 ], [ 101.959304949258367, 2.721597398952019 ], [ 101.959307645888629, 2.721594724367458 ], [ 101.959304345562103, 2.721591359539531 ], [ 101.959301226112345, 2.72156015238232 ], [ 101.959302429091352, 2.721560204393601 ] ], [ [ 101.95927627508857, 2.72155907361478 ], [ 101.959276683217766, 2.721563156563783 ], [ 101.959272519264275, 2.721558911230208 ], [ 101.95927627508857, 2.72155907361478 ] ] ] ] } },
{ "type": "Feature", "properties": { "fid": 66246, "latitude": null, "longitude": null, "area_in_meters": null, "confidence": null, "full_plus_code": null, "fid_2": null, "id": null, "Status": "Complete" }, "geometry": { "type": "MultiPolygon", "coordinates": [ [ [ [ 101.959475060229664, 2.721499882959093 ], [ 101.959455072241454, 2.721630305243763 ], [ 101.959472545436284, 2.72163301312752 ], [ 101.959645539562516, 2.721667151996693 ], [ 101.959661178421626, 2.72158701589115 ], [ 101.959649799087387, 2.721584770278773 ], [ 101.959658452869689, 2.721528303997327 ], [ 101.959475060229664, 2.721499882959093 ] ] ] ] } },
{ "type": "Feature", "properties": { "fid": 66247, "latitude": null, "longitude": null, "area_in_meters": null, "confidence": null, "full_plus_code": null, "fid_2": null, "id": null, "Status": "Complete" }, "geometry": { "type": "MultiPolygon", "coordinates": [ [ [ [ 101.959331884516615, 2.72141836941494 ], [ 101.959336551308041, 2.721520526589667 ], [ 101.959345408538184, 2.72152011743349 ], [ 101.959344947476197, 2.721582383298413 ], [ 101.959456489592981, 2.721583218486993 ], [ 101.95945698285621, 2.721516603045418 ], [ 101.959419867292596, 2.721516325134744 ], [ 101.959416489229397, 2.721442378633655 ], [ 101.959466437777948, 2.72143991888855 ], [ 101.95946198677207, 2.721348521840982 ], [ 101.959484630708076, 2.72134882737269 ], [ 101.959485564281877, 2.721278861732998 ], [ 101.959448269729023, 2.721278358520041 ], [ 101.959448017767855, 2.721297241422068 ], [ 101.959364139966198, 2.721301372021919 ], [ 101.959369752501843, 2.72141662012213 ], [ 101.959331884516615, 2.72141836941494 ] ] ] ] } },
{ "type": "Feature", "properties": { "fid": 66248, "latitude": null, "longitude": null, "area_in_meters": null, "confidence": null, "full_plus_code": null, "fid_2": null, "id": null, "Status": "Complete" }, "geometry": { "type": "MultiPolygon", "coordinates": [ [ [ [ 101.959629167749128, 2.721294054675759 ], [ 101.959570497670825, 2.721287294357921 ], [ 101.959569880072337, 2.721292714329739 ], [ 101.959516475243888, 2.72127434331909 ], [ 101.959450685905139, 2.721467737780543 ], [ 101.959535945559068, 2.721497066685602 ], [ 101.959551957976515, 2.721449996539941 ], [ 101.959544548997783, 2.721515016868076 ], [ 101.959603219089729, 2.721521777175214 ], [ 101.959629167749128, 2.721294054675759 ] ] ] ] } },
{ "type": "Feature", "properties": { "fid": 66249, "latitude": null, "longitude": null, "area_in_meters": null, "confidence": null, "full_plus_code": null, "fid_2": null, "id": null, "Status": "Complete" }, "geometry": { "type": "MultiPolygon", "coordinates": [ [ [ [ 101.959092378305044, 2.721466208293847 ], [ 101.959090721535404, 2.721466426045039 ], [ 101.95909403759012, 2.721491939208209 ], [ 101.959148877464116, 2.721484731537469 ], [ 101.959193317686115, 2.721479691597437 ], [ 101.959193229169045, 2.721478902339432 ], [ 101.959223205963539, 2.721474962453198 ], [ 101.959219889906905, 2.721449449293315 ], [ 101.959190361205202, 2.721453330285479 ], [ 101.95917640904662, 2.721328926572152 ], [ 101.959196486532036, 2.721332967515928 ], [ 101.959201811297064, 2.721306214789081 ], [ 101.959122950657203, 2.721290342709237 ], [ 101.959112209833194, 2.72124535680588 ], [ 101.959023913281712, 2.721266674775913 ], [ 101.959029905202669, 2.721291770805455 ], [ 101.959020746585679, 2.721326651189302 ], [ 101.959070474890623, 2.72133985481632 ], [ 101.959070856921727, 2.721338399859279 ], [ 101.959078244113272, 2.721340181411041 ], [ 101.959092378305044, 2.721466208293847 ] ], [ [ 101.959167010677433, 2.721329764388198 ], [ 101.95916765826513, 2.721327165324901 ], [ 101.959175684346349, 2.721328780713594 ], [ 101.959167010677433, 2.721329764388198 ] ], [ [ 101.95908669602872, 2.721338872815216 ], [ 101.959086987377191, 2.721337651199298 ], [ 101.959090240499265, 2.72133847083934 ], [ 101.95908669602872, 2.721338872815216 ] ] ] ] } },
{ "type": "Feature", "properties": { "fid": 66250, "latitude": null, "longitude": null, "area_in_meters": null, "confidence": null, "full_plus_code": null, "fid_2": null, "id": null, "Status": "Complete" }, "geometry": { "type": "MultiPolygon", "coordinates": [ [ [ [ 101.95902714407319, 2.721344807246021 ], [ 101.959029600363607, 2.721334403045794 ], [ 101.958946725273478, 2.721314618040863 ], [ 101.958937303421408, 2.721354526513577 ], [ 101.958917016212041, 2.721359112546648 ], [ 101.958948279540337, 2.721498962130374 ], [ 101.958975626534922, 2.721492780191128 ], [ 101.958972268640764, 2.7214777593955 ], [ 101.959063048005049, 2.721464252455963 ], [ 101.959045080245801, 2.721342138549048 ], [ 101.95902714407319, 2.721344807246021 ] ] ] ] } },
{ "type": "Feature", "properties": { "fid": 66251, "latitude": null, "longitude": null, "area_in_meters": null, "confidence": null, "full_plus_code": null, "fid_2": null, "id": null, "Status": "Complete" }, "geometry": { "type": "MultiPolygon", "coordinates": [ [ [ [ 101.958931389034461, 2.721365740254233 ], [ 101.958854079053495, 2.721363709985658 ], [ 101.958852752775741, 2.72141477899882 ], [ 101.958816380344373, 2.721418164619888 ], [ 101.958826212157859, 2.721524973764749 ], [ 101.958791214582945, 2.721527466927097 ], [ 101.958796117611286, 2.721597064286155 ], [ 101.958925305006844, 2.721587861207444 ], [ 101.95892141786959, 2.721532684265749 ], [ 101.958925169483322, 2.721532335057368 ], [ 101.958915771961017, 2.721430243969732 ], [ 101.958929704355569, 2.721430609853142 ], [ 101.958931389034461, 2.721365740254233 ] ] ] ] } },
{ "type": "Feature", "properties": { "fid": 66252, "latitude": null, "longitude": null, "area_in_meters": null, "confidence": null, "full_plus_code": null, "fid_2": null, "id": null, "Status": "Complete" }, "geometry": { "type": "MultiPolygon", "coordinates": [ [ [ [ 101.959375190097731, 2.72105022650629 ], [ 101.959351498801183, 2.721099286896065 ], [ 101.959421578906628, 2.721133507973773 ], [ 101.959401376159718, 2.721173569254769 ], [ 101.959425207887108, 2.721185722219135 ], [ 101.959428504801807, 2.721179184561886 ], [ 101.959454474416447, 2.721210085663118 ], [ 101.959496920646288, 2.721174013529714 ], [ 101.959459280621587, 2.721129225870797 ], [ 101.95950623792028, 2.721152210385546 ], [ 101.959585352665258, 2.720988767344655 ], [ 101.959457832813086, 2.720926349296457 ], [ 101.959421661843933, 2.721001074824113 ], [ 101.959403263855634, 2.72099209083178 ], [ 101.959403188901931, 2.720992246047356 ], [ 101.959390968106234, 2.720981473386263 ], [ 101.95935022098773, 2.721028216176371 ], [ 101.959375190097731, 2.72105022650629 ] ] ] ] } },
{ "type": "Feature", "properties": { "fid": 66253, "latitude": null, "longitude": null, "area_in_meters": null, "confidence": null, "full_plus_code": null, "fid_2": null, "id": null, "Status": "Complete" }, "geometry": { "type": "MultiPolygon", "coordinates": [ [ [ [ 101.959574322667464, 2.72088731762909 ], [ 101.959533361488113, 2.720953358732507 ], [ 101.959598618415697, 2.720994287248399 ], [ 101.959639579588028, 2.720928246145172 ], [ 101.959631588379906, 2.720923234135908 ], [ 101.959644806841894, 2.720897252492099 ], [ 101.959591688745945, 2.720869925100252 ], [ 101.959580779712866, 2.720891367426174 ], [ 101.959574322667464, 2.72088731762909 ] ] ] ] } },
{ "type": "Feature", "properties": { "fid": 66254, "latitude": null, "longitude": null, "area_in_meters": null, "confidence": null, "full_plus_code": null, "fid_2": null, "id": null, "Status": "Complete" }, "geometry": { "type": "MultiPolygon", "coordinates": [ [ [ [ 101.959852828498555, 2.717910831883748 ], [ 101.959807398654576, 2.717848754276435 ], [ 101.959783113224987, 2.717866726241562 ], [ 101.959828543070415, 2.717928803850406 ], [ 101.959852828498555, 2.717910831883748 ] ] ] ] } },
{ "type": "Feature", "properties": { "fid": 66255, "latitude": null, "longitude": null, "area_in_meters": null, "confidence": null, "full_plus_code": null, "fid_2": null, "id": null, "Status": "Complete" }, "geometry": { "type": "MultiPolygon", "coordinates": [ [ [ [ 101.960286130441631, 2.71807301115 ], [ 101.960329042875102, 2.718008494681719 ], [ 101.960374169977172, 2.718038847107751 ], [ 101.960331257548532, 2.718103363576161 ], [ 101.960286130441631, 2.71807301115 ] ] ] ] } },
{ "type": "Feature", "properties": { "fid": 66256, "latitude": null, "longitude": null, "area_in_meters": null, "confidence": null, "full_plus_code": null, "fid_2": null, "id": null, "Status": "Complete" }, "geometry": { "type": "MultiPolygon", "coordinates": [ [ [ [ 101.958757128757625, 2.717964460267793 ], [ 101.958610261768413, 2.717841710394448 ], [ 101.958538858905769, 2.717928100139982 ], [ 101.958535399443974, 2.71792597107324 ], [ 101.958497972816531, 2.717987466571648 ], [ 101.958512526769354, 2.717996423552661 ], [ 101.958503532448859, 2.718003000292279 ], [ 101.958541207496964, 2.718055102357209 ], [ 101.958571674171893, 2.718032824808589 ], [ 101.958670510966115, 2.718093652220903 ], [ 101.95869831271925, 2.71804797128335 ], [ 101.958724564472291, 2.718069087333943 ], [ 101.958769704693097, 2.718012339049154 ], [ 101.958738380872035, 2.717987143191213 ], [ 101.958757128757625, 2.717964460267793 ] ] ] ] } },
{ "type": "Feature", "properties": { "fid": 66257, "latitude": null, "longitude": null, "area_in_meters": null, "confidence": null, "full_plus_code": null, "fid_2": null, "id": null, "Status": "Complete" }, "geometry": { "type": "MultiPolygon", "coordinates": [ [ [ [ 101.958749772041344, 2.717703992339185 ], [ 101.958745752828108, 2.717700339176002 ], [ 101.958625703694111, 2.717833898628233 ], [ 101.958660973591279, 2.717865956312751 ], [ 101.958673021168764, 2.717852552900824 ], [ 101.958771737449879, 2.717940149595855 ], [ 101.958869668475515, 2.717828549395014 ], [ 101.958772276276079, 2.71774212762315 ], [ 101.95877368301754, 2.71774056256699 ], [ 101.958797680051717, 2.717762173862095 ], [ 101.958834152063247, 2.717721221385612 ], [ 101.95877881288969, 2.717671383924086 ], [ 101.958749772041344, 2.717703992339185 ] ] ] ] } },
{ "type": "Feature", "properties": { "fid": 66258, "latitude": null, "longitude": null, "area_in_meters": null, "confidence": null, "full_plus_code": null, "fid_2": null, "id": null, "Status": "Complete" }, "geometry": { "type": "MultiPolygon", "coordinates": [ [ [ [ 101.959427787193817, 2.717945800416009 ], [ 101.959465140449396, 2.717886245512821 ], [ 101.959283745969856, 2.717771197617378 ], [ 101.959273024367505, 2.717788291808563 ], [ 101.959208680133969, 2.717783598472301 ], [ 101.959208633642476, 2.717784243005072 ], [ 101.959207575786678, 2.7177836011944 ], [ 101.9589480027946, 2.71821623704587 ], [ 101.959128322022565, 2.718325638268553 ], [ 101.959128279524947, 2.718325735061544 ], [ 101.959129032785285, 2.718326069494391 ], [ 101.959134374874793, 2.718329310585931 ], [ 101.959134786732122, 2.718328624134187 ], [ 101.95919792924839, 2.718356658175732 ], [ 101.959208043546099, 2.718333621747828 ], [ 101.959249804157778, 2.718358324554595 ], [ 101.959243942820649, 2.718370853694612 ], [ 101.959267565433763, 2.71838202866838 ], [ 101.959375231037825, 2.718151883653894 ], [ 101.95935990793997, 2.718144634866414 ], [ 101.959366339401413, 2.718128584459822 ], [ 101.959276618614822, 2.718092229790466 ], [ 101.959324899863958, 2.718011758361993 ], [ 101.959368910462118, 2.718039671699818 ], [ 101.959370974526777, 2.718036380817432 ], [ 101.959410345436041, 2.718059623155708 ], [ 101.959464233738004, 2.717967316379576 ], [ 101.959427787193817, 2.717945800416009 ] ] ] ] } },
{ "type": "Feature", "properties": { "fid": 66259, "latitude": null, "longitude": null, "area_in_meters": null, "confidence": null, "full_plus_code": null, "fid_2": null, "id": null, "Status": "Complete" }, "geometry": { "type": "MultiPolygon", "coordinates": [ [ [ [ 101.959594684357256, 2.717813066268858 ], [ 101.959595266593354, 2.717809298212893 ], [ 101.959532294451279, 2.717799458690523 ], [ 101.959521398715836, 2.717869972567735 ], [ 101.959511474295752, 2.717866141764923 ], [ 101.959447828266278, 2.7180328780471 ], [ 101.95947180929484, 2.718042134663737 ], [ 101.959470479079243, 2.718046374668035 ], [ 101.959465524897084, 2.718043939711082 ], [ 101.959432559633612, 2.718111763264312 ], [ 101.959479389459588, 2.718134779897617 ], [ 101.959468515204023, 2.718156477995789 ], [ 101.959430453824382, 2.718153968566671 ], [ 101.959430441128902, 2.718154163282635 ], [ 101.959418815890757, 2.718149598185085 ], [ 101.959398544172942, 2.718201799995015 ], [ 101.959453125361634, 2.718223233398306 ], [ 101.959424147236035, 2.718285026564776 ], [ 101.959439018306554, 2.718292078612123 ], [ 101.959435923574489, 2.718341388536293 ], [ 101.959401604106304, 2.718330781191181 ], [ 101.959394906831704, 2.718352692834808 ], [ 101.959358514582448, 2.718341355081087 ], [ 101.959347070347633, 2.718378501059657 ], [ 101.959383545319369, 2.718389864583674 ], [ 101.959380254932356, 2.718400629826554 ], [ 101.959633342790042, 2.718478853348131 ], [ 101.959644693906796, 2.718441715576081 ], [ 101.95966038746495, 2.71845413650647 ], [ 101.959678504589789, 2.718430989237809 ], [ 101.959653919742493, 2.71841153114658 ], [ 101.959654691940969, 2.718409004722837 ], [ 101.959648187677175, 2.718406994406987 ], [ 101.959612028265951, 2.718378375432299 ], [ 101.959627041656617, 2.718322671602003 ], [ 101.959683806979001, 2.718341023316028 ], [ 101.959761622605242, 2.718097625607803 ], [ 101.959740718512009, 2.718090867499027 ], [ 101.959793218140575, 2.717920973614241 ], [ 101.959719170041936, 2.717897835070229 ], [ 101.959715757772869, 2.717908877500558 ], [ 101.959649234024042, 2.717890746813682 ], [ 101.959656089602419, 2.71784357466725 ], [ 101.959640029840685, 2.717841214507867 ], [ 101.959594684357256, 2.717813066268858 ] ], [ [ 101.959536863038409, 2.71807696208672 ], [ 101.959536449205174, 2.718078798670954 ], [ 101.959525155637166, 2.718073247936025 ], [ 101.959536863038409, 2.71807696208672 ] ], [ [ 101.959521833274195, 2.718356008761825 ], [ 101.959518864523389, 2.718367023644162 ], [ 101.959473250746257, 2.718352925492252 ], [ 101.959521833274195, 2.718356008761825 ] ], [ [ 101.959547618186974, 2.718260339640989 ], [ 101.95954688844067, 2.718263047200554 ], [ 101.959510161596171, 2.718245630869785 ], [ 101.959547618186974, 2.718260339640989 ] ] ] ] } },
{ "type": "Feature", "properties": { "fid": 66260, "latitude": null, "longitude": null, "area_in_meters": null, "confidence": null, "full_plus_code": null, "fid_2": null, "id": null, "Status": "Complete" }, "geometry": { "type": "MultiPolygon", "coordinates": [ [ [ [ 101.959864202312318, 2.718046288354206 ], [ 101.959819224660336, 2.718169667955069 ], [ 101.959898866177596, 2.718199026600213 ], [ 101.95988591614524, 2.718232273458701 ], [ 101.959848051416813, 2.718216239085072 ], [ 101.959792633293517, 2.718348575041046 ], [ 101.959774371579627, 2.718344131585503 ], [ 101.959725828550134, 2.718545870993084 ], [ 101.959719641672507, 2.718544161749681 ], [ 101.959678047494862, 2.718696406790132 ], [ 101.959688135786223, 2.718699193872302 ], [ 101.959667139434288, 2.718751960139802 ], [ 101.959697399572704, 2.718764136044277 ], [ 101.959689334723876, 2.718796326561079 ], [ 101.959810888806359, 2.718827121584335 ], [ 101.959824314456483, 2.718773533618998 ], [ 101.95991133568107, 2.718806884326619 ], [ 101.960009851660743, 2.718546946373682 ], [ 101.960017831699403, 2.718550089545245 ], [ 101.960175869111808, 2.718144356878334 ], [ 101.960135993547084, 2.718128650705011 ], [ 101.96015138664481, 2.718079413015702 ], [ 101.960204460254928, 2.718094312591052 ], [ 101.960221687211742, 2.718032260432341 ], [ 101.960178207977151, 2.718020054323346 ], [ 101.960196394023654, 2.717956626953079 ], [ 101.959926741204796, 2.717878444312897 ], [ 101.959894666588823, 2.717990310651077 ], [ 101.959959231399097, 2.718009030445923 ], [ 101.959938967172405, 2.718073849302335 ], [ 101.95993202427411, 2.718071289906658 ], [ 101.95993930331278, 2.718048324234324 ], [ 101.959877411149449, 2.718028487324858 ], [ 101.959870977451288, 2.718048785907919 ], [ 101.959864202312318, 2.718046288354206 ] ], [ [ 101.959751986321209, 2.718716833795776 ], [ 101.959732348032546, 2.718711858547328 ], [ 101.959732509430808, 2.718711452934734 ], [ 101.959751986321209, 2.718716833795776 ] ], [ [ 101.959830587236112, 2.718604351260576 ], [ 101.959838090989891, 2.718576885641528 ], [ 101.959813190197849, 2.718570006320958 ], [ 101.959841036018815, 2.718576781784058 ], [ 101.959830587236112, 2.718604351260576 ] ], [ [ 101.959862164741537, 2.718520143959032 ], [ 101.95986246751643, 2.718520234032333 ], [ 101.959861578883277, 2.71852257872181 ], [ 101.959862164741537, 2.718520143959032 ] ] ] ] } },
{ "type": "Feature", "properties": { "fid": 66261, "latitude": null, "longitude": null, "area_in_meters": null, "confidence": null, "full_plus_code": null, "fid_2": null, "id": null, "Status": "Complete" }, "geometry": { "type": "MultiPolygon", "coordinates": [ [ [ [ 101.959436260327365, 2.718723655741174 ], [ 101.959438306665803, 2.718711411840621 ], [ 101.959439543581965, 2.718711431823534 ], [ 101.959439674670392, 2.718703226629513 ], [ 101.959440744545674, 2.718696825221806 ], [ 101.959439779546599, 2.718696662131639 ], [ 101.959440089843113, 2.718677239797398 ], [ 101.959509129412766, 2.718699294148589 ], [ 101.95955147922858, 2.718565234293217 ], [ 101.959634726072068, 2.71859323442614 ], [ 101.959650782843397, 2.71854496090339 ], [ 101.959555730418302, 2.718512989950482 ], [ 101.959545721250052, 2.718543081781553 ], [ 101.959487852266875, 2.718524595810697 ], [ 101.959489807393282, 2.718491423101115 ], [ 101.959400341690667, 2.718486091053287 ], [ 101.959399731391116, 2.718496446016939 ], [ 101.95939119906339, 2.718493720405515 ], [ 101.959400295657574, 2.718467212169441 ], [ 101.959146079049304, 2.718378996596543 ], [ 101.959140781677462, 2.718394433567627 ], [ 101.958968915045276, 2.718335345131276 ], [ 101.958969350557169, 2.718334340903978 ], [ 101.958885252581084, 2.718297460401433 ], [ 101.958845718038887, 2.718388621301746 ], [ 101.958929816026128, 2.718425501801392 ], [ 101.958950690359956, 2.718377368613649 ], [ 101.958953480326258, 2.718378327815118 ], [ 101.958912313028179, 2.718508644087914 ], [ 101.959034543123735, 2.718547689891173 ], [ 101.959025077291784, 2.718574748121179 ], [ 101.959077812476494, 2.718593403445132 ], [ 101.959071554682509, 2.718613502067736 ], [ 101.95913455126626, 2.718633336277455 ], [ 101.959140121606225, 2.718615445597953 ], [ 101.959146661187262, 2.718617759006042 ], [ 101.959149774168651, 2.718608860495986 ], [ 101.95918667904823, 2.718620568486129 ], [ 101.959180988042945, 2.718655432371467 ], [ 101.959252565141128, 2.718667247273012 ], [ 101.959248442635854, 2.718691913519881 ], [ 101.959436260327365, 2.718723655741174 ] ], [ [ 101.959254257475806, 2.718665307878225 ], [ 101.95926161620423, 2.718620227270663 ], [ 101.959273430491663, 2.718624001286713 ], [ 101.959258311363101, 2.718663015421748 ], [ 101.959271671581106, 2.718668250958087 ], [ 101.959254257475806, 2.718665307878225 ] ] ] ] } },
{ "type": "Feature", "properties": { "fid": 66262, "latitude": null, "longitude": null, "area_in_meters": null, "confidence": null, "full_plus_code": null, "fid_2": null, "id": null, "Status": "Complete" }, "geometry": { "type": "MultiPolygon", "coordinates": [ [ [ [ 101.957362660978774, 2.719332896335516 ], [ 101.957413279745353, 2.719258365978589 ], [ 101.957355412045132, 2.719218623297956 ], [ 101.957304793271348, 2.719293153654564 ], [ 101.957362660978774, 2.719332896335516 ] ] ] ] } },
{ "type": "Feature", "properties": { "fid": 66263, "latitude": null, "longitude": null, "area_in_meters": null, "confidence": null, "full_plus_code": null, "fid_2": null, "id": null, "Status": "Complete" }, "geometry": { "type": "MultiPolygon", "coordinates": [ [ [ [ 101.957351920392128, 2.719363919696189 ], [ 101.957291944646855, 2.719317523192755 ], [ 101.957217161689059, 2.719415277401367 ], [ 101.957210444649192, 2.719408787639758 ], [ 101.957148757994716, 2.719473350504175 ], [ 101.957173372794387, 2.719497132434038 ], [ 101.957228058471316, 2.719439896972005 ], [ 101.957236196367077, 2.719446192347747 ], [ 101.957183087610346, 2.71951213449277 ], [ 101.95732583310361, 2.719628388438994 ], [ 101.957398153680359, 2.719538592029425 ], [ 101.957379979104701, 2.719523790396518 ], [ 101.957403960473727, 2.71951270060374 ], [ 101.957355550849272, 2.719406842357012 ], [ 101.957365111356765, 2.719413673943459 ], [ 101.957398128184693, 2.719366950249519 ], [ 101.957366001098706, 2.719343993415801 ], [ 101.957351920392128, 2.719363919696189 ] ] ] ] } },
{ "type": "Feature", "properties": { "fid": 66264, "latitude": null, "longitude": null, "area_in_meters": null, "confidence": null, "full_plus_code": null, "fid_2": null, "id": null, "Status": "Complete" }, "geometry": { "type": "MultiPolygon", "coordinates": [ [ [ [ 101.957983963361343, 2.718695030742948 ], [ 101.95794187628438, 2.718645160591794 ], [ 101.957984063815687, 2.718609157886555 ], [ 101.958026150889921, 2.718659028035719 ], [ 101.957983963361343, 2.718695030742948 ] ] ] ] } },
{ "type": "Feature", "properties": { "fid": 66265, "latitude": null, "longitude": null, "area_in_meters": null, "confidence": null, "full_plus_code": null, "fid_2": null, "id": null, "Status": "Complete" }, "geometry": { "type": "MultiPolygon", "coordinates": [ [ [ [ 101.958432182919623, 2.718633957302024 ], [ 101.95855823570075, 2.7186980573191 ], [ 101.958601009369431, 2.71861299958261 ], [ 101.958474956604675, 2.718548899562727 ], [ 101.958432182919623, 2.718633957302024 ] ] ] ] } },
{ "type": "Feature", "properties": { "fid": 66266, "latitude": null, "longitude": null, "area_in_meters": null, "confidence": null, "full_plus_code": null, "fid_2": null, "id": null, "Status": "Complete" }, "geometry": { "type": "MultiPolygon", "coordinates": [ [ [ [ 101.958438324620133, 2.718888253582507 ], [ 101.958303396400368, 2.718807517491063 ], [ 101.958240637877807, 2.718913577226037 ], [ 101.958375566120552, 2.718994313316053 ], [ 101.958438324620133, 2.718888253582507 ] ] ] ] } },
{ "type": "Feature", "properties": { "fid": 66267, "latitude": null, "longitude": null, "area_in_meters": null, "confidence": null, "full_plus_code": null, "fid_2": null, "id": null, "Status": "Complete" }, "geometry": { "type": "MultiPolygon", "coordinates": [ [ [ [ 101.957965175976724, 2.719142620916339 ], [ 101.958163203827056, 2.71928539117742 ], [ 101.958235685257279, 2.719183729341027 ], [ 101.958037657441011, 2.719040959082858 ], [ 101.957965175976724, 2.719142620916339 ] ] ] ] } },
{ "type": "Feature", "properties": { "fid": 66268, "latitude": null, "longitude": null, "area_in_meters": null, "confidence": null, "full_plus_code": null, "fid_2": null, "id": null, "Status": "Complete" }, "geometry": { "type": "MultiPolygon", "coordinates": [ [ [ [ 101.957917870215539, 2.718764046546591 ], [ 101.957944298813118, 2.718732886547651 ], [ 101.9579596099112, 2.718746018397908 ], [ 101.957933181314473, 2.718777178397062 ], [ 101.957917870215539, 2.718764046546591 ] ] ] ] } },
{ "type": "Feature", "properties": { "fid": 66269, "latitude": null, "longitude": null, "area_in_meters": null, "confidence": null, "full_plus_code": null, "fid_2": null, "id": null, "Status": "Complete" }, "geometry": { "type": "MultiPolygon", "coordinates": [ [ [ [ 101.95807855065479, 2.719442184687133 ], [ 101.957970102346181, 2.719351388540491 ], [ 101.958041769183126, 2.719264828792837 ], [ 101.958150217475264, 2.719355624935711 ], [ 101.95807855065479, 2.719442184687133 ] ] ] ] } },
{ "type": "Feature", "properties": { "fid": 66270, "latitude": null, "longitude": null, "area_in_meters": null, "confidence": null, "full_plus_code": null, "fid_2": null, "id": null, "Status": "Complete" }, "geometry": { "type": "MultiPolygon", "coordinates": [ [ [ [ 101.957967184587147, 2.719513533213104 ], [ 101.957933807703483, 2.719412557205702 ], [ 101.957893383731189, 2.719426068870884 ], [ 101.957926760614299, 2.719527044882681 ], [ 101.957967184587147, 2.719513533213104 ] ] ] ] } },
{ "type": "Feature", "properties": { "fid": 66271, "latitude": null, "longitude": null, "area_in_meters": null, "confidence": null, "full_plus_code": null, "fid_2": null, "id": null, "Status": "Complete" }, "geometry": { "type": "MultiPolygon", "coordinates": [ [ [ [ 101.958291744969685, 2.7186578813035 ], [ 101.958283828129112, 2.718656728668294 ], [ 101.958278817829836, 2.718691527654067 ], [ 101.958325217235213, 2.718698283073207 ], [ 101.95832528305472, 2.718725284294332 ], [ 101.958359517875166, 2.718725199904558 ], [ 101.958360687194528, 2.718751849749406 ], [ 101.958387188863526, 2.718750673890581 ], [ 101.95838714498791, 2.718749673926114 ], [ 101.958388572845479, 2.718749690917733 ], [ 101.958388298626872, 2.718752892215458 ], [ 101.958412194803017, 2.718754962080099 ], [ 101.958412279353865, 2.718756318083984 ], [ 101.958421290301388, 2.718755749923743 ], [ 101.9584742282142, 2.718760335356712 ], [ 101.958474456795855, 2.718760453536324 ], [ 101.958474504962425, 2.718760359328387 ], [ 101.958475561144766, 2.718760450813922 ], [ 101.958475783120818, 2.718757859406611 ], [ 101.958507430241511, 2.718695961502252 ], [ 101.958452757301885, 2.718667694895512 ], [ 101.958452693233511, 2.718666667384656 ], [ 101.958450978965487, 2.718666775472925 ], [ 101.958447658589648, 2.718665058796288 ], [ 101.958446641045512, 2.718667048988066 ], [ 101.958426753380152, 2.718668302947941 ], [ 101.958427819666397, 2.718656178662102 ], [ 101.95838835592231, 2.718652669049695 ], [ 101.958390776604929, 2.71863683569418 ], [ 101.958321568105873, 2.718626136096597 ], [ 101.958323876944959, 2.718613615427767 ], [ 101.9583007044928, 2.718609294458116 ], [ 101.958291744969685, 2.7186578813035 ] ], [ [ 101.958458063451673, 2.718752793454575 ], [ 101.958458010909936, 2.718751950804761 ], [ 101.958459958194226, 2.71875295757543 ], [ 101.958458063451673, 2.718752793454575 ] ] ] ] } },
{ "type": "Feature", "properties": { "fid": 66272, "latitude": null, "longitude": null, "area_in_meters": null, "confidence": null, "full_plus_code": null, "fid_2": null, "id": null, "Status": "Complete" }, "geometry": { "type": "MultiPolygon", "coordinates": [ [ [ [ 101.958304268651602, 2.71874110819344 ], [ 101.958296594343167, 2.718735349785157 ], [ 101.958291352726022, 2.718742413691893 ], [ 101.958260044203413, 2.718745578252389 ], [ 101.958244698056745, 2.718738809299298 ], [ 101.958207358628115, 2.718824412183283 ], [ 101.958250060267872, 2.718843247226747 ], [ 101.958258085900908, 2.718824847978413 ], [ 101.958273635823431, 2.718830911990473 ], [ 101.958288542623407, 2.71879225790068 ], [ 101.958333192169007, 2.718798559799613 ], [ 101.958333822400689, 2.718794044477285 ], [ 101.958339464222092, 2.7187982778112 ], [ 101.958354126072223, 2.718778518650218 ], [ 101.958306756642628, 2.718742975054579 ], [ 101.9583065470202, 2.718740877903581 ], [ 101.958304268651602, 2.71874110819344 ] ], [ [ 101.95830259185044, 2.71877061067139 ], [ 101.958300662007588, 2.718770338290646 ], [ 101.958301416190295, 2.71876972851621 ], [ 101.95830259185044, 2.71877061067139 ] ] ] ] } },
{ "type": "Feature", "properties": { "fid": 66273, "latitude": null, "longitude": null, "area_in_meters": null, "confidence": null, "full_plus_code": null, "fid_2": null, "id": null, "Status": "Complete" }, "geometry": { "type": "MultiPolygon", "coordinates": [ [ [ [ 101.958539605257911, 2.718756961342502 ], [ 101.958496611821218, 2.718734893958306 ], [ 101.958461070119228, 2.71880491562004 ], [ 101.958450973425045, 2.718798351425798 ], [ 101.958438154058669, 2.718818290599329 ], [ 101.958504520584384, 2.718861437667464 ], [ 101.958517339948585, 2.718841498493933 ], [ 101.958501817954371, 2.71883140713301 ], [ 101.958539605257911, 2.718756961342502 ] ] ] ] } },
{ "type": "Feature", "properties": { "fid": 66274, "latitude": null, "longitude": null, "area_in_meters": null, "confidence": null, "full_plus_code": null, "fid_2": null, "id": null, "Status": "Complete" }, "geometry": { "type": "MultiPolygon", "coordinates": [ [ [ [ 101.957949627057843, 2.718813384745089 ], [ 101.957912356588409, 2.718767391728274 ], [ 101.957871576858864, 2.718800808161055 ], [ 101.957908374549717, 2.718846217752224 ], [ 101.957813538077886, 2.718929106528344 ], [ 101.957804361151602, 2.718920356643452 ], [ 101.957768152352628, 2.718958758453026 ], [ 101.957885486830506, 2.719070632854306 ], [ 101.957921695621408, 2.719032231041661 ], [ 101.957909640752661, 2.719020737137195 ], [ 101.958017747166608, 2.718926250170876 ], [ 101.957997797475983, 2.718903168961387 ], [ 101.958005455732049, 2.718895929253356 ], [ 101.958018366979402, 2.718906067457675 ], [ 101.958073756724616, 2.718834736279766 ], [ 101.957986345294557, 2.718766098835208 ], [ 101.957949627057843, 2.718813384745089 ] ] ] ] } },
{ "type": "Feature", "properties": { "fid": 66275, "latitude": null, "longitude": null, "area_in_meters": null, "confidence": null, "full_plus_code": null, "fid_2": null, "id": null, "Status": "Complete" }, "geometry": { "type": "MultiPolygon", "coordinates": [ [ [ [ 101.957832434705352, 2.719123308167201 ], [ 101.957840831786442, 2.719130980063678 ], [ 101.957871746073451, 2.719096764197938 ], [ 101.95780810384116, 2.719038618202747 ], [ 101.957792691358975, 2.719055676701786 ], [ 101.957782703794635, 2.71903868081004 ], [ 101.957675736143031, 2.719102244729124 ], [ 101.957693584227542, 2.719132616910711 ], [ 101.957691237872311, 2.719134441113157 ], [ 101.957687948958863, 2.719128867370016 ], [ 101.957610418408336, 2.719175128987326 ], [ 101.957605778685334, 2.719167682950838 ], [ 101.957552289839469, 2.719201386262177 ], [ 101.957647637525483, 2.719354404524647 ], [ 101.95767495665018, 2.719337190743419 ], [ 101.957703332095704, 2.719338941847481 ], [ 101.95771299564899, 2.719355318734717 ], [ 101.957793298050376, 2.71930740316492 ], [ 101.957737282661171, 2.719212473518204 ], [ 101.957742791092357, 2.719208190920593 ], [ 101.957846203951888, 2.719146739367794 ], [ 101.957832434705352, 2.719123308167201 ] ] ] ] } },
{ "type": "Feature", "properties": { "fid": 66276, "latitude": null, "longitude": null, "area_in_meters": null, "confidence": null, "full_plus_code": null, "fid_2": null, "id": null, "Status": "Complete" }, "geometry": { "type": "MultiPolygon", "coordinates": [ [ [ [ 101.957685441098121, 2.719480871559843 ], [ 101.957663450363768, 2.719498734573979 ], [ 101.957758714186426, 2.719617326535247 ], [ 101.957780704917738, 2.719599463518572 ], [ 101.95777980966119, 2.719598349032219 ], [ 101.957796658425593, 2.719582133483401 ], [ 101.957798392283436, 2.719585023319899 ], [ 101.957848779372128, 2.719554452862647 ], [ 101.957850855520618, 2.719559796464935 ], [ 101.95790319455169, 2.719539233180978 ], [ 101.957832069421897, 2.719356170945369 ], [ 101.957783381018757, 2.719375299938228 ], [ 101.9577831661923, 2.719374941885044 ], [ 101.957781096959565, 2.719376197313151 ], [ 101.957779730390783, 2.719376734218917 ], [ 101.957779822265067, 2.719376970685456 ], [ 101.957701921240755, 2.719424234163194 ], [ 101.957783827228695, 2.719560747611836 ], [ 101.957730809193052, 2.719505041557273 ], [ 101.957716172373352, 2.719519128288771 ], [ 101.957685441098121, 2.719480871559843 ] ] ] ] } },
{ "type": "Feature", "properties": { "fid": 66277, "latitude": null, "longitude": null, "area_in_meters": null, "confidence": null, "full_plus_code": null, "fid_2": null, "id": null, "Status": "Complete" }, "geometry": { "type": "MultiPolygon", "coordinates": [ [ [ [ 101.958317201228525, 2.719078669691707 ], [ 101.958330523459949, 2.719062872595253 ], [ 101.958240429399055, 2.718986041219638 ], [ 101.958229731410825, 2.718998726565528 ], [ 101.958089317775162, 2.718875787554245 ], [ 101.958043276235642, 2.718928963108601 ], [ 101.958041957979219, 2.718928099231582 ], [ 101.958000149705214, 2.718992613064378 ], [ 101.958180953004401, 2.719111096688138 ], [ 101.95818404826224, 2.719106320431687 ], [ 101.958247935508751, 2.719160802873563 ], [ 101.958304546756466, 2.719093674979429 ], [ 101.958353912442988, 2.719143883645491 ], [ 101.958367771981571, 2.719130104002971 ], [ 101.958317201228525, 2.719078669691707 ] ] ] ] } },
{ "type": "Feature", "properties": { "fid": 66278, "latitude": null, "longitude": null, "area_in_meters": null, "confidence": null, "full_plus_code": null, "fid_2": null, "id": null, "Status": "Complete" }, "geometry": { "type": "MultiPolygon", "coordinates": [ [ [ [ 101.958326150329356, 2.719986844602752 ], [ 101.958418612402383, 2.719862237189019 ], [ 101.958556688785038, 2.719965842284747 ], [ 101.958464226741441, 2.720090449702045 ], [ 101.958326150329356, 2.719986844602752 ] ] ] ] } },
{ "type": "Feature", "properties": { "fid": 66279, "latitude": null, "longitude": null, "area_in_meters": null, "confidence": null, "full_plus_code": null, "fid_2": null, "id": null, "Status": "Complete" }, "geometry": { "type": "MultiPolygon", "coordinates": [ [ [ [ 101.958579248943906, 2.719616413886243 ], [ 101.95873852986378, 2.719720410895745 ], [ 101.95880436092321, 2.719618454125296 ], [ 101.958645080030095, 2.719514457115887 ], [ 101.958579248943906, 2.719616413886243 ] ] ] ] } },
{ "type": "Feature", "properties": { "fid": 66280, "latitude": null, "longitude": null, "area_in_meters": null, "confidence": null, "full_plus_code": null, "fid_2": null, "id": null, "Status": "Complete" }, "geometry": { "type": "MultiPolygon", "coordinates": [ [ [ [ 101.959335727578036, 2.720519629530602 ], [ 101.959416247544553, 2.720479451795278 ], [ 101.959392829743749, 2.72043199418134 ], [ 101.95931230977618, 2.720472171912506 ], [ 101.959335727578036, 2.720519629530602 ] ] ] ] } },
{ "type": "Feature", "properties": { "fid": 66281, "latitude": null, "longitude": null, "area_in_meters": null, "confidence": null, "full_plus_code": null, "fid_2": null, "id": null, "Status": "Complete" }, "geometry": { "type": "MultiPolygon", "coordinates": [ [ [ [ 101.959071442869757, 2.719926148301424 ], [ 101.959178683954207, 2.719974747059369 ], [ 101.95915292432845, 2.720032227181007 ], [ 101.959045683234933, 2.719983628425247 ], [ 101.959071442869757, 2.719926148301424 ] ] ] ] } },
{ "type": "Feature", "properties": { "fid": 66282, "latitude": null, "longitude": null, "area_in_meters": null, "confidence": null, "full_plus_code": null, "fid_2": null, "id": null, "Status": "Complete" }, "geometry": { "type": "MultiPolygon", "coordinates": [ [ [ [ 101.959398212135582, 2.720329574851315 ], [ 101.959286510266594, 2.720263218693552 ], [ 101.95925316996474, 2.720319971905874 ], [ 101.959364871843903, 2.720386328062953 ], [ 101.959398212135582, 2.720329574851315 ] ] ] ] } },
{ "type": "Feature", "properties": { "fid": 66283, "latitude": null, "longitude": null, "area_in_meters": null, "confidence": null, "full_plus_code": null, "fid_2": null, "id": null, "Status": "Complete" }, "geometry": { "type": "MultiPolygon", "coordinates": [ [ [ [ 101.959221654401645, 2.720386647468833 ], [ 101.95932671393642, 2.720446356837529 ], [ 101.959359731798244, 2.720387610109272 ], [ 101.959254672273232, 2.720327900739616 ], [ 101.959221654401645, 2.720386647468833 ] ] ] ] } },
{ "type": "Feature", "properties": { "fid": 66284, "latitude": null, "longitude": null, "area_in_meters": null, "confidence": null, "full_plus_code": null, "fid_2": null, "id": null, "Status": "Complete" }, "geometry": { "type": "MultiPolygon", "coordinates": [ [ [ [ 101.958836125231215, 2.720342066885615 ], [ 101.958892178871437, 2.720231986161346 ], [ 101.958969447849668, 2.720271773004459 ], [ 101.958913394222478, 2.720381853726595 ], [ 101.958836125231215, 2.720342066885615 ] ] ] ] } },
{ "type": "Feature", "properties": { "fid": 66285, "latitude": null, "longitude": null, "area_in_meters": null, "confidence": null, "full_plus_code": null, "fid_2": null, "id": null, "Status": "Complete" }, "geometry": { "type": "MultiPolygon", "coordinates": [ [ [ [ 101.958583908114093, 2.72016833583463 ], [ 101.958700533102146, 2.719989252850218 ], [ 101.958830835963738, 2.720075061908383 ], [ 101.958714211014211, 2.720254144893191 ], [ 101.958583908114093, 2.72016833583463 ] ] ] ] } },
{ "type": "Feature", "properties": { "fid": 66286, "latitude": null, "longitude": null, "area_in_meters": null, "confidence": null, "full_plus_code": null, "fid_2": null, "id": null, "Status": "Complete" }, "geometry": { "type": "MultiPolygon", "coordinates": [ [ [ [ 101.959656785816222, 2.719940251688874 ], [ 101.959343550696474, 2.719652286850926 ], [ 101.959259081540523, 2.719745198698568 ], [ 101.959572316712155, 2.720033163553896 ], [ 101.959656785816222, 2.719940251688874 ] ] ] ] } },
{ "type": "Feature", "properties": { "fid": 66287, "latitude": null, "longitude": null, "area_in_meters": null, "confidence": null, "full_plus_code": null, "fid_2": null, "id": null, "Status": "Complete" }, "geometry": { "type": "MultiPolygon", "coordinates": [ [ [ [ 101.958989100704031, 2.719672040123402 ], [ 101.959206917534374, 2.719778113701707 ], [ 101.959266122472656, 2.719655176178186 ], [ 101.959048305682614, 2.719549102591887 ], [ 101.958989100704031, 2.719672040123402 ] ] ] ] } },
{ "type": "Feature", "properties": { "fid": 66288, "latitude": null, "longitude": null, "area_in_meters": null, "confidence": null, "full_plus_code": null, "fid_2": null, "id": null, "Status": "Complete" }, "geometry": { "type": "MultiPolygon", "coordinates": [ [ [ [ 101.959780116890443, 2.71934137234299 ], [ 101.959829915501302, 2.719383449594597 ], [ 101.959862326280316, 2.719344661198701 ], [ 101.959812527672838, 2.719302583947903 ], [ 101.959780116890443, 2.71934137234299 ] ] ] ] } },
{ "type": "Feature", "properties": { "fid": 66290, "latitude": null, "longitude": null, "area_in_meters": null, "confidence": null, "full_plus_code": null, "fid_2": null, "id": null, "Status": "Complete" }, "geometry": { "type": "MultiPolygon", "coordinates": [ [ [ [ 101.959893536944136, 2.719206718576576 ], [ 101.959788418014782, 2.71912257768132 ], [ 101.959719245381038, 2.719209965449617 ], [ 101.959824364326366, 2.719294106347789 ], [ 101.959893536944136, 2.719206718576576 ] ] ] ] } },
{ "type": "Feature", "properties": { "fid": 66291, "latitude": null, "longitude": null, "area_in_meters": null, "confidence": null, "full_plus_code": null, "fid_2": null, "id": null, "Status": "Complete" }, "geometry": { "type": "MultiPolygon", "coordinates": [ [ [ [ 101.959035339132299, 2.719159971929165 ], [ 101.95909478438783, 2.719082088267255 ], [ 101.959152495819026, 2.719126630838979 ], [ 101.959093050571227, 2.719204514502029 ], [ 101.959035339132299, 2.719159971929165 ] ] ] ] } },
{ "type": "Feature", "properties": { "fid": 66292, "latitude": null, "longitude": null, "area_in_meters": null, "confidence": null, "full_plus_code": null, "fid_2": null, "id": null, "Status": "Complete" }, "geometry": { "type": "MultiPolygon", "coordinates": [ [ [ [ 101.958864086535982, 2.719128188861128 ], [ 101.958995671947079, 2.719196717226104 ], [ 101.95906199118447, 2.719067945781887 ], [ 101.958930405799407, 2.718999417412834 ], [ 101.958864086535982, 2.719128188861128 ] ] ] ] } },
{ "type": "Feature", "properties": { "fid": 66293, "latitude": null, "longitude": null, "area_in_meters": null, "confidence": null, "full_plus_code": null, "fid_2": null, "id": null, "Status": "Complete" }, "geometry": { "type": "MultiPolygon", "coordinates": [ [ [ [ 101.958792844477273, 2.718777520907329 ], [ 101.958781563223539, 2.718799675504481 ], [ 101.958809195595791, 2.718813903853762 ], [ 101.958743208857626, 2.718921928355046 ], [ 101.958842224418859, 2.718983090195078 ], [ 101.958928802759459, 2.718841355890253 ], [ 101.958944962784784, 2.718851247554517 ], [ 101.958982530288139, 2.718789185245015 ], [ 101.958854233622901, 2.718710653952524 ], [ 101.958816666106657, 2.718772716262614 ], [ 101.958829541024045, 2.718780597089384 ], [ 101.958822189906627, 2.718792631337705 ], [ 101.958792844477273, 2.718777520907329 ] ] ] ] } },
{ "type": "Feature", "properties": { "fid": 66294, "latitude": null, "longitude": null, "area_in_meters": null, "confidence": null, "full_plus_code": null, "fid_2": null, "id": null, "Status": "Complete" }, "geometry": { "type": "MultiPolygon", "coordinates": [ [ [ [ 101.958953525590971, 2.718853006530628 ], [ 101.958944830997908, 2.718847453134203 ], [ 101.958894518170723, 2.718927107935849 ], [ 101.95911794591801, 2.719069815326466 ], [ 101.959117978068917, 2.719069764425414 ], [ 101.959117951334349, 2.719072036372172 ], [ 101.959192984702312, 2.719072929205536 ], [ 101.959199683957152, 2.719076276935859 ], [ 101.959232651916437, 2.719009563869585 ], [ 101.959076353047607, 2.718931458685203 ], [ 101.959037226613816, 2.718906467912652 ], [ 101.959049048439823, 2.718894521547356 ], [ 101.95903108104298, 2.718876542081315 ], [ 101.959032040531326, 2.718875029900079 ], [ 101.959242390646864, 2.718927360677439 ], [ 101.959242506430897, 2.718926890050042 ], [ 101.959243494995164, 2.718927357954164 ], [ 101.959263270355265, 2.718885109072067 ], [ 101.959257574976789, 2.718882413353251 ], [ 101.959257740489747, 2.718881791120169 ], [ 101.959254311949493, 2.718880868907325 ], [ 101.959246635861319, 2.718877235685162 ], [ 101.959245983793195, 2.718878628789919 ], [ 101.959103687100466, 2.718840353655935 ], [ 101.959105229396599, 2.718836635480522 ], [ 101.959066665560854, 2.718820459857712 ], [ 101.959067236662349, 2.718819559785334 ], [ 101.958999063021267, 2.718775818125691 ], [ 101.958961658686007, 2.718834768423532 ], [ 101.958967723086388, 2.718838659471555 ], [ 101.958953525590971, 2.718853006530628 ] ] ] ] } },
{ "type": "Feature", "properties": { "fid": 66295, "latitude": null, "longitude": null, "area_in_meters": null, "confidence": null, "full_plus_code": null, "fid_2": null, "id": null, "Status": "Complete" }, "geometry": { "type": "MultiPolygon", "coordinates": [ [ [ [ 101.95963820230844, 2.719112953431308 ], [ 101.959638322791946, 2.719111838099684 ], [ 101.959640413713259, 2.719114058505982 ], [ 101.959697707084459, 2.719059501274424 ], [ 101.959679560560403, 2.719040230985278 ], [ 101.959699810142524, 2.719016185458372 ], [ 101.959656172371922, 2.718979024486078 ], [ 101.959656645772498, 2.718977423404328 ], [ 101.959653018797965, 2.71897633897138 ], [ 101.959647797446294, 2.718971892582344 ], [ 101.959645856409693, 2.718974197481344 ], [ 101.959490871693717, 2.718927858437334 ], [ 101.959464644303679, 2.719016561686049 ], [ 101.959474292917378, 2.719019446534426 ], [ 101.959433849144204, 2.719093467916004 ], [ 101.959559915481393, 2.719163120328605 ], [ 101.959590191156906, 2.719107708879315 ], [ 101.95963820230844, 2.719112953431308 ] ], [ [ 101.959490904915967, 2.71902441337201 ], [ 101.959490310375472, 2.719025726295472 ], [ 101.959484430309857, 2.719022477523244 ], [ 101.959490904915967, 2.71902441337201 ] ] ] ] } },
{ "type": "Feature", "properties": { "fid": 66296, "latitude": null, "longitude": null, "area_in_meters": null, "confidence": null, "full_plus_code": null, "fid_2": null, "id": null, "Status": "Complete" }, "geometry": { "type": "MultiPolygon", "coordinates": [ [ [ [ 101.959755991034399, 2.718958299389064 ], [ 101.959704246494738, 2.719023948219062 ], [ 101.959719738903672, 2.719036296291869 ], [ 101.959715338729993, 2.719043910381564 ], [ 101.959800495412466, 2.719093674141299 ], [ 101.959820099343773, 2.719059751361038 ], [ 101.959840342890416, 2.719068416632351 ], [ 101.959868740146717, 2.719001331920182 ], [ 101.959768138860227, 2.718958269427438 ], [ 101.959765064779376, 2.718965531529261 ], [ 101.959755991034399, 2.718958299389064 ] ] ] ] } },
{ "type": "Feature", "properties": { "fid": 66297, "latitude": null, "longitude": null, "area_in_meters": null, "confidence": null, "full_plus_code": null, "fid_2": null, "id": null, "Status": "Complete" }, "geometry": { "type": "MultiPolygon", "coordinates": [ [ [ [ 101.960071667340827, 2.719313123472988 ], [ 101.960087509500966, 2.719323288107684 ], [ 101.960124489220462, 2.719265006863571 ], [ 101.960007973012878, 2.719190247816153 ], [ 101.960000590957591, 2.719178691279897 ], [ 101.959921202531149, 2.719229971435259 ], [ 101.959938940455686, 2.719257739984772 ], [ 101.95993453597832, 2.719263254405537 ], [ 101.959950911467061, 2.719276480487456 ], [ 101.959951142917262, 2.719276842820507 ], [ 101.959951263579413, 2.719276764879994 ], [ 101.96002637836871, 2.719337433258941 ], [ 101.960045336465015, 2.719313697651859 ], [ 101.960071667340827, 2.719313123472988 ] ] ] ] } },
{ "type": "Feature", "properties": { "fid": 66298, "latitude": null, "longitude": null, "area_in_meters": null, "confidence": null, "full_plus_code": null, "fid_2": null, "id": null, "Status": "Complete" }, "geometry": { "type": "MultiPolygon", "coordinates": [ [ [ [ 101.959531228923211, 2.719200687770733 ], [ 101.959337683575811, 2.719084559546622 ], [ 101.959269558537741, 2.719199373380177 ], [ 101.959463103920868, 2.719315501602135 ], [ 101.959483928644985, 2.719280404849381 ], [ 101.959468625662993, 2.719315487982789 ], [ 101.959553752588221, 2.719353036003548 ], [ 101.95959174008469, 2.719265947046395 ], [ 101.959513091031184, 2.71923125629633 ], [ 101.959531228923211, 2.719200687770733 ] ] ] ] } },
{ "type": "Feature", "properties": { "fid": 66299, "latitude": null, "longitude": null, "area_in_meters": null, "confidence": null, "full_plus_code": null, "fid_2": null, "id": null, "Status": "Complete" }, "geometry": { "type": "MultiPolygon", "coordinates": [ [ [ [ 101.959471992883095, 2.719337690260992 ], [ 101.959218726004309, 2.719186172390453 ], [ 101.959184158018545, 2.71924460173324 ], [ 101.959198774409643, 2.71925334604373 ], [ 101.959164924388062, 2.71931401596364 ], [ 101.959319747180785, 2.719401365939864 ], [ 101.959351391300871, 2.719344649668119 ], [ 101.959354640211828, 2.71934659334122 ], [ 101.959309859507798, 2.719422490384622 ], [ 101.959441469320979, 2.719501013340222 ], [ 101.959506709398838, 2.719390440475567 ], [ 101.959457983957066, 2.719361369190067 ], [ 101.959471992883095, 2.719337690260992 ] ] ] ] } },
{ "type": "Feature", "properties": { "fid": 66300, "latitude": null, "longitude": null, "area_in_meters": null, "confidence": null, "full_plus_code": null, "fid_2": null, "id": null, "Status": "Complete" }, "geometry": { "type": "MultiPolygon", "coordinates": [ [ [ [ 101.959831575005325, 2.719472608288089 ], [ 101.959715804553667, 2.719392433189565 ], [ 101.959669969225274, 2.719459360119109 ], [ 101.959798256088646, 2.719548203262544 ], [ 101.959889058253154, 2.719634283193979 ], [ 101.959925962131308, 2.719594918339135 ], [ 101.959902971131513, 2.719573123002197 ], [ 101.959926386631366, 2.719544238273504 ], [ 101.959834541500115, 2.719468948901025 ], [ 101.959831575005325, 2.719472608288089 ] ] ] ] } },
{ "type": "Feature", "properties": { "fid": 66301, "latitude": null, "longitude": null, "area_in_meters": null, "confidence": null, "full_plus_code": null, "fid_2": null, "id": null, "Status": "Complete" }, "geometry": { "type": "MultiPolygon", "coordinates": [ [ [ [ 101.959622613404576, 2.719465699044365 ], [ 101.95959041008858, 2.719440677378675 ], [ 101.959589249996412, 2.719442187177838 ], [ 101.959552794518956, 2.719413006937605 ], [ 101.959495544476894, 2.719485332546912 ], [ 101.959555593195859, 2.719533397638839 ], [ 101.959567229242467, 2.719518697487398 ], [ 101.959570687870936, 2.719521384808106 ], [ 101.959545394573453, 2.71954850974047 ], [ 101.959602953443323, 2.71960278367734 ], [ 101.959607845618208, 2.71959753723082 ], [ 101.959707245635272, 2.719695178527406 ], [ 101.959699623081789, 2.719704983614486 ], [ 101.959807715797396, 2.719789957910327 ], [ 101.959868265296976, 2.719712071506728 ], [ 101.959774628490422, 2.719638461342482 ], [ 101.959788530042175, 2.719621204860349 ], [ 101.95968352419537, 2.719535665329199 ], [ 101.959694416598822, 2.719521489433218 ], [ 101.959638561232921, 2.719478090353057 ], [ 101.959623926512265, 2.719464290846909 ], [ 101.959622613404576, 2.719465699044365 ] ] ] ] } },
{ "type": "Feature", "properties": { "fid": 66302, "latitude": null, "longitude": null, "area_in_meters": null, "confidence": null, "full_plus_code": null, "fid_2": null, "id": null, "Status": "Complete" }, "geometry": { "type": "MultiPolygon", "coordinates": [ [ [ [ 101.959399544705562, 2.719517774691141 ], [ 101.959337507974993, 2.71948451120236 ], [ 101.959341925411024, 2.719478210155666 ], [ 101.959290027278996, 2.719441418298887 ], [ 101.959190979891204, 2.719582699831777 ], [ 101.95924287803561, 2.719619491689432 ], [ 101.959257463516934, 2.719598686906221 ], [ 101.959334686107312, 2.719640092894783 ], [ 101.959399544705562, 2.719517774691141 ] ] ] ] } },
{ "type": "Feature", "properties": { "fid": 66303, "latitude": null, "longitude": null, "area_in_meters": null, "confidence": null, "full_plus_code": null, "fid_2": null, "id": null, "Status": "Complete" }, "geometry": { "type": "MultiPolygon", "coordinates": [ [ [ [ 101.959054787435008, 2.719436445837922 ], [ 101.959086671212447, 2.719460749997809 ], [ 101.959069271271176, 2.71948860500694 ], [ 101.959132316671301, 2.719528428577557 ], [ 101.959158929753812, 2.719485824538532 ], [ 101.959205168486776, 2.71951381201032 ], [ 101.959255762673081, 2.719429286987462 ], [ 101.959171707561765, 2.719378409935793 ], [ 101.959125238252341, 2.719342987606128 ], [ 101.959054787435008, 2.719436445837922 ] ] ] ] } },
{ "type": "Feature", "properties": { "fid": 66304, "latitude": null, "longitude": null, "area_in_meters": null, "confidence": null, "full_plus_code": null, "fid_2": null, "id": null, "Status": "Complete" }, "geometry": { "type": "MultiPolygon", "coordinates": [ [ [ [ 101.959372392525012, 2.719619470117864 ], [ 101.959352361106696, 2.719642270354689 ], [ 101.959470783791062, 2.719747478507196 ], [ 101.959490815204603, 2.719724678268961 ], [ 101.959372392525012, 2.719619470117864 ] ] ], [ [ [ 101.95945501149437, 2.719542104371072 ], [ 101.959453084114728, 2.719540314592986 ], [ 101.959379915648015, 2.719619991800505 ], [ 101.959656631375168, 2.71987695191811 ], [ 101.959729799802517, 2.719797274696921 ], [ 101.959706094191446, 2.719775261502318 ], [ 101.959731410079939, 2.719746835542728 ], [ 101.959476849110104, 2.719517584007906 ], [ 101.95945501149437, 2.719542104371072 ] ] ] ] } },
{ "type": "Feature", "properties": { "fid": 66305, "latitude": null, "longitude": null, "area_in_meters": null, "confidence": null, "full_plus_code": null, "fid_2": null, "id": null, "Status": "Complete" }, "geometry": { "type": "MultiPolygon", "coordinates": [ [ [ [ 101.959484867745218, 2.720088376213037 ], [ 101.959525593185305, 2.720032749278736 ], [ 101.959489684090457, 2.720006164860119 ], [ 101.959443692338155, 2.719961369745913 ], [ 101.959461318770309, 2.719941844462122 ], [ 101.959398229994036, 2.719884252583676 ], [ 101.959354568118655, 2.719932618036385 ], [ 101.959336074112301, 2.719912780500288 ], [ 101.959267040023263, 2.719977860682987 ], [ 101.959420948259705, 2.720142949845515 ], [ 101.959481490005246, 2.720085875586208 ], [ 101.959484867745218, 2.720088376213037 ] ] ] ] } },
{ "type": "Feature", "properties": { "fid": 66306, "latitude": null, "longitude": null, "area_in_meters": null, "confidence": null, "full_plus_code": null, "fid_2": null, "id": null, "Status": "Complete" }, "geometry": { "type": "MultiPolygon", "coordinates": [ [ [ [ 101.959490915509349, 2.720155160024026 ], [ 101.959574594048718, 2.7200516743607 ], [ 101.959543246512382, 2.720026042549894 ], [ 101.959459567967357, 2.720129528212063 ], [ 101.959466024420635, 2.720134807432888 ], [ 101.959463118210849, 2.720138003455856 ], [ 101.959482824329299, 2.720156123532762 ], [ 101.959486777306068, 2.720151776356863 ], [ 101.959490915509349, 2.720155160024026 ] ] ] ] } },
{ "type": "Feature", "properties": { "fid": 66307, "latitude": null, "longitude": null, "area_in_meters": null, "confidence": null, "full_plus_code": null, "fid_2": null, "id": null, "Status": "Complete" }, "geometry": { "type": "MultiPolygon", "coordinates": [ [ [ [ 101.959133983575157, 2.719871207255677 ], [ 101.959162990084678, 2.719879280238893 ], [ 101.959183788508582, 2.719803712931248 ], [ 101.959129504633992, 2.7197886048424 ], [ 101.959125073794141, 2.719804703493323 ], [ 101.958962563568875, 2.719726158401041 ], [ 101.958919876116809, 2.719815469192249 ], [ 101.959089042026264, 2.719897231120878 ], [ 101.959091745402802, 2.719891575107198 ], [ 101.959126598029883, 2.719900470069212 ], [ 101.959133983575157, 2.719871207255677 ] ], [ [ 101.959109144827949, 2.719862578495498 ], [ 101.959105989650837, 2.719861773242459 ], [ 101.959113950781287, 2.719845116937919 ], [ 101.959109144827949, 2.719862578495498 ] ] ] ] } },
{ "type": "Feature", "properties": { "fid": 66308, "latitude": null, "longitude": null, "area_in_meters": null, "confidence": null, "full_plus_code": null, "fid_2": null, "id": null, "Status": "Complete" }, "geometry": { "type": "MultiPolygon", "coordinates": [ [ [ [ 101.959047610430218, 2.720116107648812 ], [ 101.959056707224534, 2.720095645559002 ], [ 101.959082952325147, 2.720117130994014 ], [ 101.959127887768815, 2.720061625610669 ], [ 101.959042682188411, 2.719991872435758 ], [ 101.958997746736486, 2.720047377817406 ], [ 101.959017804625432, 2.720063798119075 ], [ 101.959003387682785, 2.720096227206346 ], [ 101.959047610430218, 2.720116107648812 ] ] ] ] } },
{ "type": "Feature", "properties": { "fid": 66309, "latitude": null, "longitude": null, "area_in_meters": null, "confidence": null, "full_plus_code": null, "fid_2": null, "id": null, "Status": "Complete" }, "geometry": { "type": "MultiPolygon", "coordinates": [ [ [ [ 101.959242533686592, 2.72006967635329 ], [ 101.959239830090453, 2.720068067093998 ], [ 101.959193460424245, 2.720146842671457 ], [ 101.959332811657234, 2.7202297885788 ], [ 101.959358061661391, 2.720186892337662 ], [ 101.959376174925325, 2.720206006234322 ], [ 101.959418793751652, 2.720165165745416 ], [ 101.959297001042827, 2.720036644825913 ], [ 101.959294135815924, 2.720039390495826 ], [ 101.959287048353133, 2.72003111673247 ], [ 101.959242533686592, 2.72006967635329 ] ] ] ] } },
{ "type": "Feature", "properties": { "fid": 66310, "latitude": null, "longitude": null, "area_in_meters": null, "confidence": null, "full_plus_code": null, "fid_2": null, "id": null, "Status": "Complete" }, "geometry": { "type": "MultiPolygon", "coordinates": [ [ [ [ 101.958597333810047, 2.719708300071054 ], [ 101.95860351598435, 2.719697806393641 ], [ 101.958517478485945, 2.719646550525643 ], [ 101.958425094962834, 2.719803363100785 ], [ 101.958511132482883, 2.719854618967371 ], [ 101.958528563297833, 2.719825031747662 ], [ 101.958658277988548, 2.719870530362224 ], [ 101.958666193035555, 2.71984771188423 ], [ 101.958689172695188, 2.719859348866022 ], [ 101.958730934841356, 2.719775956122507 ], [ 101.958597333810047, 2.719708300071054 ] ] ] ] } },
{ "type": "Feature", "properties": { "fid": 66311, "latitude": null, "longitude": null, "area_in_meters": null, "confidence": null, "full_plus_code": null, "fid_2": null, "id": null, "Status": "Complete" }, "geometry": { "type": "MultiPolygon", "coordinates": [ [ [ [ 101.958318348910268, 2.719504893681153 ], [ 101.958455442627709, 2.71956785586115 ], [ 101.958486712629721, 2.719499005200739 ], [ 101.958521634671357, 2.719519724081014 ], [ 101.958553480599292, 2.71946544533891 ], [ 101.958322335772081, 2.719328309528968 ], [ 101.958321185714453, 2.719330269705583 ], [ 101.958306872668871, 2.719322150992504 ], [ 101.958258478446922, 2.719408425158874 ], [ 101.958340923023215, 2.719455189751949 ], [ 101.958318348910268, 2.719504893681153 ] ] ] ] } },
{ "type": "Feature", "properties": { "fid": 66312, "latitude": null, "longitude": null, "area_in_meters": null, "confidence": null, "full_plus_code": null, "fid_2": null, "id": null, "Status": "Complete" }, "geometry": { "type": "MultiPolygon", "coordinates": [ [ [ [ 101.958594327988777, 2.719459791963676 ], [ 101.95862837690521, 2.719401933494308 ], [ 101.958593534174483, 2.719381199111612 ], [ 101.958616119801633, 2.719338690453757 ], [ 101.958365102145976, 2.719203824693651 ], [ 101.958336165819745, 2.719258286035129 ], [ 101.95843747648982, 2.719312717820182 ], [ 101.958414056355025, 2.719352515048821 ], [ 101.958594327988777, 2.719459791963676 ] ] ] ] } },
{ "type": "Feature", "properties": { "fid": 66313, "latitude": null, "longitude": null, "area_in_meters": null, "confidence": null, "full_plus_code": null, "fid_2": null, "id": null, "Status": "Complete" }, "geometry": { "type": "MultiPolygon", "coordinates": [ [ [ [ 101.958599727985941, 2.719098024176284 ], [ 101.95857795183629, 2.719084473181556 ], [ 101.958516351975561, 2.719184572769262 ], [ 101.958538128128765, 2.719198123763872 ], [ 101.958540009946091, 2.719195065816226 ], [ 101.958664545982771, 2.719270828714229 ], [ 101.958721315234129, 2.719176467340509 ], [ 101.95859772464307, 2.719101279602581 ], [ 101.958599727985941, 2.719098024176284 ] ] ] ] } },
{ "type": "Feature", "properties": { "fid": 66314, "latitude": null, "longitude": null, "area_in_meters": null, "confidence": null, "full_plus_code": null, "fid_2": null, "id": null, "Status": "Complete" }, "geometry": { "type": "MultiPolygon", "coordinates": [ [ [ [ 101.959368860776877, 2.720520658304076 ], [ 101.959385237899781, 2.72055564322753 ], [ 101.959355733234602, 2.720571775042797 ], [ 101.959377920494944, 2.720612809876911 ], [ 101.959433282943479, 2.720582540193308 ], [ 101.959432901333898, 2.720581834415073 ], [ 101.959434153908788, 2.720581241486982 ], [ 101.959441953805324, 2.720604878162685 ], [ 101.959529126960518, 2.720575789290972 ], [ 101.9595044152816, 2.720500903443211 ], [ 101.959451435062817, 2.720518582445735 ], [ 101.959437251864415, 2.720488284200351 ], [ 101.959368860776877, 2.720520658304076 ] ] ] ] } },
{ "type": "Feature", "properties": { "fid": 66315, "latitude": null, "longitude": null, "area_in_meters": null, "confidence": null, "full_plus_code": null, "fid_2": null, "id": null, "Status": "Complete" }, "geometry": { "type": "MultiPolygon", "coordinates": [ [ [ [ 101.957691595187612, 2.719718550321564 ], [ 101.957753641888061, 2.719801687168304 ], [ 101.957713526602646, 2.719831961685709 ], [ 101.9576514798989, 2.719748824835607 ], [ 101.957691595187612, 2.719718550321564 ] ] ] ] } },
{ "type": "Feature", "properties": { "fid": 66316, "latitude": null, "longitude": null, "area_in_meters": null, "confidence": null, "full_plus_code": null, "fid_2": null, "id": null, "Status": "Complete" }, "geometry": { "type": "MultiPolygon", "coordinates": [ [ [ [ 101.958422454418169, 2.720531877433428 ], [ 101.958510485507816, 2.720401728257585 ], [ 101.958583306395596, 2.7204515354728 ], [ 101.958495275321766, 2.720581684649291 ], [ 101.958422454418169, 2.720531877433428 ] ] ] ] } },
{ "type": "Feature", "properties": { "fid": 66317, "latitude": null, "longitude": null, "area_in_meters": null, "confidence": null, "full_plus_code": null, "fid_2": null, "id": null, "Status": "Complete" }, "geometry": { "type": "MultiPolygon", "coordinates": [ [ [ [ 101.957959561597335, 2.720916152254281 ], [ 101.95805421344609, 2.720783765635946 ], [ 101.957995261610861, 2.720741144619488 ], [ 101.957900609748876, 2.720873531236658 ], [ 101.957959561597335, 2.720916152254281 ] ] ] ] } },
{ "type": "Feature", "properties": { "fid": 66318, "latitude": null, "longitude": null, "area_in_meters": null, "confidence": null, "full_plus_code": null, "fid_2": null, "id": null, "Status": "Complete" }, "geometry": { "type": "MultiPolygon", "coordinates": [ [ [ [ 101.957641482130597, 2.721358928145761 ], [ 101.957682245629996, 2.721318848475029 ], [ 101.957723747666918, 2.721361531747534 ], [ 101.957682984170503, 2.721401611419725 ], [ 101.957641482130597, 2.721358928145761 ] ] ] ] } },
{ "type": "Feature", "properties": { "fid": 66319, "latitude": null, "longitude": null, "area_in_meters": null, "confidence": null, "full_plus_code": null, "fid_2": null, "id": null, "Status": "Complete" }, "geometry": { "type": "MultiPolygon", "coordinates": [ [ [ [ 101.958479101026995, 2.721570083387086 ], [ 101.958377297442155, 2.721487044836228 ], [ 101.95834521963576, 2.721526812381815 ], [ 101.958447023227649, 2.721609850934101 ], [ 101.958479101026995, 2.721570083387086 ] ] ] ] } },
{ "type": "Feature", "properties": { "fid": 66320, "latitude": null, "longitude": null, "area_in_meters": null, "confidence": null, "full_plus_code": null, "fid_2": null, "id": null, "Status": "Complete" }, "geometry": { "type": "MultiPolygon", "coordinates": [ [ [ [ 101.958825811738706, 2.721093921004097 ], [ 101.95897955767235, 2.721192378753879 ], [ 101.959019667836216, 2.721129042931984 ], [ 101.95886592191853, 2.721030585182018 ], [ 101.958825811738706, 2.721093921004097 ] ] ] ] } },
{ "type": "Feature", "properties": { "fid": 66321, "latitude": null, "longitude": null, "area_in_meters": null, "confidence": null, "full_plus_code": null, "fid_2": null, "id": null, "Status": "Complete" }, "geometry": { "type": "MultiPolygon", "coordinates": [ [ [ [ 101.95876745729413, 2.721166249436834 ], [ 101.958914560881283, 2.721258060402928 ], [ 101.95895715398683, 2.721189050852162 ], [ 101.95881005041619, 2.721097239885557 ], [ 101.95876745729413, 2.721166249436834 ] ] ] ] } },
{ "type": "Feature", "properties": { "fid": 66322, "latitude": null, "longitude": null, "area_in_meters": null, "confidence": null, "full_plus_code": null, "fid_2": null, "id": null, "Status": "Complete" }, "geometry": { "type": "MultiPolygon", "coordinates": [ [ [ [ 101.958769129450417, 2.720946360399413 ], [ 101.958864936974322, 2.72083507102526 ], [ 101.958964565252998, 2.720921801121109 ], [ 101.958868757748689, 2.721033090500579 ], [ 101.958769129450417, 2.720946360399413 ] ] ] ] } },
{ "type": "Feature", "properties": { "fid": 66323, "latitude": null, "longitude": null, "area_in_meters": null, "confidence": null, "full_plus_code": null, "fid_2": null, "id": null, "Status": "Complete" }, "geometry": { "type": "MultiPolygon", "coordinates": [ [ [ [ 101.958732683170098, 2.720945339796051 ], [ 101.958804273570351, 2.720866315537604 ], [ 101.958739368424219, 2.720806856907334 ], [ 101.958667778014799, 2.720885881162757 ], [ 101.958732683170098, 2.720945339796051 ] ] ] ] } },
{ "type": "Feature", "properties": { "fid": 66324, "latitude": null, "longitude": null, "area_in_meters": null, "confidence": null, "full_plus_code": null, "fid_2": null, "id": null, "Status": "Complete" }, "geometry": { "type": "MultiPolygon", "coordinates": [ [ [ [ 101.958525371409237, 2.721071341191325 ], [ 101.958627786111549, 2.720952261789817 ], [ 101.958703451247203, 2.72101806736611 ], [ 101.958601036560808, 2.721137146771921 ], [ 101.958525371409237, 2.721071341191325 ] ] ] ] } },
{ "type": "Feature", "properties": { "fid": 66325, "latitude": null, "longitude": null, "area_in_meters": null, "confidence": null, "full_plus_code": null, "fid_2": null, "id": null, "Status": "Complete" }, "geometry": { "type": "MultiPolygon", "coordinates": [ [ [ [ 101.958419112568563, 2.7209727661703 ], [ 101.958457651056079, 2.720926028823569 ], [ 101.958484100819518, 2.720948083144629 ], [ 101.958445562334177, 2.720994820491847 ], [ 101.958419112568563, 2.7209727661703 ] ] ] ] } },
{ "type": "Feature", "properties": { "fid": 66326, "latitude": null, "longitude": null, "area_in_meters": null, "confidence": null, "full_plus_code": null, "fid_2": null, "id": null, "Status": "Complete" }, "geometry": { "type": "MultiPolygon", "coordinates": [ [ [ [ 101.958029260394525, 2.719724130293456 ], [ 101.957996355286227, 2.71970114097452 ], [ 101.957947934462879, 2.719771223794612 ], [ 101.957966755886474, 2.719784373475186 ], [ 101.957941424796516, 2.719818992665296 ], [ 101.95799883868365, 2.71986147378588 ], [ 101.957981335760991, 2.719882194504823 ], [ 101.958026708907425, 2.719920951195897 ], [ 101.958046906891809, 2.719897039943278 ], [ 101.958047634696754, 2.719897578453578 ], [ 101.958093744578946, 2.719834561536195 ], [ 101.958000586087778, 2.719765632612269 ], [ 101.958029260394525, 2.719724130293456 ] ] ] ] } },
{ "type": "Feature", "properties": { "fid": 66327, "latitude": null, "longitude": null, "area_in_meters": null, "confidence": null, "full_plus_code": null, "fid_2": null, "id": null, "Status": "Complete" }, "geometry": { "type": "MultiPolygon", "coordinates": [ [ [ [ 101.957613354157317, 2.719787596136693 ], [ 101.957557722535611, 2.719747014339426 ], [ 101.957550367579529, 2.719757209936276 ], [ 101.957495710839282, 2.719718667377206 ], [ 101.957448388901582, 2.719786526438053 ], [ 101.957508541009474, 2.719828944187836 ], [ 101.957525321987958, 2.71980488047304 ], [ 101.957574831841413, 2.719840996599383 ], [ 101.957613354157317, 2.719787596136693 ] ] ] ] } },
{ "type": "Feature", "properties": { "fid": 66328, "latitude": null, "longitude": null, "area_in_meters": null, "confidence": null, "full_plus_code": null, "fid_2": null, "id": null, "Status": "Complete" }, "geometry": { "type": "MultiPolygon", "coordinates": [ [ [ [ 101.957636798985945, 2.719592342601134 ], [ 101.957607236781215, 2.719543294389535 ], [ 101.957526738309028, 2.719592356196891 ], [ 101.957532390085845, 2.719601733357713 ], [ 101.957511905821292, 2.719624374477344 ], [ 101.957549382197172, 2.719658660906927 ], [ 101.957532476644346, 2.719681184540379 ], [ 101.957564562376064, 2.719705537125672 ], [ 101.957565597299194, 2.71970415827511 ], [ 101.95756566401937, 2.719704423878754 ], [ 101.957596566886295, 2.719696573977423 ], [ 101.957594747021702, 2.719689329353135 ], [ 101.957614184376155, 2.719667845371924 ], [ 101.957615273162133, 2.719668764585317 ], [ 101.957645003991331, 2.719633154298401 ], [ 101.957613490279371, 2.719606548676984 ], [ 101.957636798985945, 2.719592342601134 ] ] ] ] } },
{ "type": "Feature", "properties": { "fid": 66329, "latitude": null, "longitude": null, "area_in_meters": null, "confidence": null, "full_plus_code": null, "fid_2": null, "id": null, "Status": "Complete" }, "geometry": { "type": "MultiPolygon", "coordinates": [ [ [ [ 101.957919874400829, 2.720129880041827 ], [ 101.957936590868684, 2.720101079383334 ], [ 101.957879763035095, 2.720067725595299 ], [ 101.957878902783079, 2.720069207715861 ], [ 101.95736818452832, 2.71980858907591 ], [ 101.957365630858533, 2.719813649447119 ], [ 101.957338395160946, 2.719798268763849 ], [ 101.957271322132115, 2.719918371495777 ], [ 101.957274101097028, 2.719919940846788 ], [ 101.957282857007385, 2.71997767473167 ], [ 101.957281412904791, 2.71998053637622 ], [ 101.95728344854561, 2.719981575159838 ], [ 101.957283627022022, 2.719982751980539 ], [ 101.957285263021362, 2.719982501083347 ], [ 101.957805530595166, 2.720247992631412 ], [ 101.957812161029608, 2.720234853693703 ], [ 101.957863005590028, 2.72026784045347 ], [ 101.957942218239396, 2.720144376203832 ], [ 101.957919874400829, 2.720129880041827 ] ] ] ] } },
{ "type": "Feature", "properties": { "fid": 66330, "latitude": null, "longitude": null, "area_in_meters": null, "confidence": null, "full_plus_code": null, "fid_2": null, "id": null, "Status": "Complete" }, "geometry": { "type": "MultiPolygon", "coordinates": [ [ [ [ 101.958118647574693, 2.72019669389445 ], [ 101.958124563383393, 2.720196121466208 ], [ 101.958121163664273, 2.720160592873944 ], [ 101.958105174979991, 2.720162139977956 ], [ 101.958104598406024, 2.720160633726002 ], [ 101.958099217918672, 2.720162716397709 ], [ 101.958097529796802, 2.720162879744491 ], [ 101.958097575018286, 2.720163352329353 ], [ 101.958012918738987, 2.720196120966515 ], [ 101.958010455893643, 2.72019421129501 ], [ 101.958007333939875, 2.720198282722944 ], [ 101.95796889056551, 2.720213163331876 ], [ 101.957978067848714, 2.720237138231352 ], [ 101.957982911038144, 2.720235263536062 ], [ 101.957976710393822, 2.72024979155954 ], [ 101.958066257596272, 2.720288439294226 ], [ 101.958069636659232, 2.720280522194534 ], [ 101.958121255748438, 2.720198350684428 ], [ 101.958118647574693, 2.72019669389445 ] ], [ [ 101.957993905401921, 2.720231007852437 ], [ 101.957997664423289, 2.720233922568812 ], [ 101.957992326794042, 2.720231618897863 ], [ 101.957993905401921, 2.720231007852437 ] ] ] ] } },
{ "type": "Feature", "properties": { "fid": 66331, "latitude": null, "longitude": null, "area_in_meters": null, "confidence": null, "full_plus_code": null, "fid_2": null, "id": null, "Status": "Complete" }, "geometry": { "type": "MultiPolygon", "coordinates": [ [ [ [ 101.957703345313803, 2.720452592878851 ], [ 101.957705535662598, 2.720453687432253 ], [ 101.957706964277833, 2.720450796528639 ], [ 101.957739187646297, 2.720434801770377 ], [ 101.957747065821323, 2.720438834608291 ], [ 101.957752436435655, 2.720428225450356 ], [ 101.957759578455878, 2.720424680355837 ], [ 101.957756945929518, 2.720419317357238 ], [ 101.957816704096842, 2.720301270557479 ], [ 101.957270469566382, 2.720021653015281 ], [ 101.9572660563787, 2.720030370851164 ], [ 101.957193970885058, 2.719987740850437 ], [ 101.95719086761892, 2.719993047170997 ], [ 101.957174290831205, 2.71998080045644 ], [ 101.957126943321839, 2.72004560715372 ], [ 101.957125856394015, 2.720045330683238 ], [ 101.957125179619524, 2.720048021213589 ], [ 101.957121457939465, 2.720053115246955 ], [ 101.957123515841062, 2.72005463559765 ], [ 101.957100699971321, 2.720145340537404 ], [ 101.957102645885783, 2.720145835499166 ], [ 101.957204657925558, 2.72020616347756 ], [ 101.957224905999524, 2.720171540987824 ], [ 101.957268617666912, 2.720193916991 ], [ 101.957252196483523, 2.720227146370906 ], [ 101.957699675422816, 2.720450758973827 ], [ 101.957701118257674, 2.720453698325801 ], [ 101.957703345313803, 2.720452592878851 ] ] ] ] } },
{ "type": "Feature", "properties": { "fid": 66334, "latitude": null, "longitude": null, "area_in_meters": null, "confidence": null, "full_plus_code": null, "fid_2": null, "id": null, "Status": "Complete" }, "geometry": { "type": "MultiPolygon", "coordinates": [ [ [ [ 101.957321162674617, 2.721175211500462 ], [ 101.957322753154372, 2.721210744653988 ], [ 101.95724815727317, 2.7212076675389 ], [ 101.957246930401311, 2.72123774291644 ], [ 101.95730436284866, 2.721240112030265 ], [ 101.957304389746554, 2.721251139698304 ], [ 101.957249179735456, 2.721254395339396 ], [ 101.957254942570515, 2.721353218417993 ], [ 101.957312538997144, 2.72134982204884 ], [ 101.957311563225787, 2.72133308919865 ], [ 101.957323363666148, 2.721333060092525 ], [ 101.957323466599291, 2.721375260028253 ], [ 101.957386414686979, 2.721375104760929 ], [ 101.957386157348637, 2.721269604927949 ], [ 101.957373680517748, 2.721269635702023 ], [ 101.957369356406574, 2.721173030148349 ], [ 101.957321162674617, 2.721175211500462 ] ] ] ] } },
{ "type": "Feature", "properties": { "fid": 66335, "latitude": null, "longitude": null, "area_in_meters": null, "confidence": null, "full_plus_code": null, "fid_2": null, "id": null, "Status": "Complete" }, "geometry": { "type": "MultiPolygon", "coordinates": [ [ [ [ 101.957665697475733, 2.720961205781467 ], [ 101.957650344947737, 2.720977721129811 ], [ 101.957702845451237, 2.721027072227268 ], [ 101.9576920157035, 2.721036265715256 ], [ 101.95759854156114, 2.720959242901342 ], [ 101.957556032202731, 2.72101141013411 ], [ 101.957545055654521, 2.721003004228539 ], [ 101.957493898997484, 2.721070554102914 ], [ 101.957673139910838, 2.721207817841915 ], [ 101.957709377981374, 2.721159967212967 ], [ 101.957714516409212, 2.721164201283772 ], [ 101.957767848691418, 2.721098752195155 ], [ 101.95776183526867, 2.721093797127048 ], [ 101.957769689254633, 2.721087129793778 ], [ 101.957762234005941, 2.721078249213503 ], [ 101.957821756045021, 2.721014218880065 ], [ 101.957712173314221, 2.720911209802793 ], [ 101.957706277980662, 2.720917551656546 ], [ 101.957635853869519, 2.720862534676405 ], [ 101.957599548223087, 2.720909528425161 ], [ 101.957665697475733, 2.720961205781467 ] ] ] ] } },
{ "type": "Feature", "properties": { "fid": 66336, "latitude": null, "longitude": null, "area_in_meters": null, "confidence": null, "full_plus_code": null, "fid_2": null, "id": null, "Status": "Complete" }, "geometry": { "type": "MultiPolygon", "coordinates": [ [ [ [ 101.957831979652781, 2.721130799395391 ], [ 101.957808214459305, 2.721159963916724 ], [ 101.95779447232907, 2.721147549879259 ], [ 101.957722884509707, 2.721227684691745 ], [ 101.957791580540828, 2.721289741666204 ], [ 101.9578631683504, 2.721209606850644 ], [ 101.957844436921803, 2.721192685699956 ], [ 101.957869603464999, 2.721161801446657 ], [ 101.957831979652781, 2.721130799395391 ] ] ] ] } },
{ "type": "Feature", "properties": { "fid": 66337, "latitude": null, "longitude": null, "area_in_meters": null, "confidence": null, "full_plus_code": null, "fid_2": null, "id": null, "Status": "Complete" }, "geometry": { "type": "MultiPolygon", "coordinates": [ [ [ [ 101.95804985726447, 2.72148785282529 ], [ 101.958095763645886, 2.7215188343562 ], [ 101.958157382441684, 2.721426508291525 ], [ 101.958128840765681, 2.721407245938017 ], [ 101.958122458319878, 2.72138026602399 ], [ 101.958124132669965, 2.721377726986668 ], [ 101.958121431586534, 2.721375925810505 ], [ 101.958120808776826, 2.721373293065495 ], [ 101.958118361410925, 2.721373878510868 ], [ 101.958094266403776, 2.721357811123986 ], [ 101.958093617053891, 2.721358795818579 ], [ 101.958093159342624, 2.721356703324791 ], [ 101.958053077003754, 2.721365569195388 ], [ 101.958033516223097, 2.721353518882647 ], [ 101.957948819817688, 2.721492544171753 ], [ 101.958000954796489, 2.721524661634721 ], [ 101.958031028439549, 2.721475297113691 ], [ 101.95804985726447, 2.72148785282529 ] ] ] ] } },
{ "type": "Feature", "properties": { "fid": 66338, "latitude": null, "longitude": null, "area_in_meters": null, "confidence": null, "full_plus_code": null, "fid_2": null, "id": null, "Status": "Complete" }, "geometry": { "type": "MultiPolygon", "coordinates": [ [ [ [ 101.957983980251456, 2.721419162401499 ], [ 101.95811155399835, 2.721201183669821 ], [ 101.958032054870188, 2.721154134633005 ], [ 101.958003737174934, 2.7212025196194 ], [ 101.957960195520641, 2.721176014866654 ], [ 101.957867803849041, 2.721329496030305 ], [ 101.957892939937182, 2.721344796910197 ], [ 101.957872395871505, 2.721382893565433 ], [ 101.957863802684557, 2.721377897929815 ], [ 101.957843711304747, 2.721412845274356 ], [ 101.957938821041566, 2.721468137165632 ], [ 101.957952147962388, 2.721444956049384 ], [ 101.95795329148558, 2.721445579619679 ], [ 101.957971515374652, 2.721411785462495 ], [ 101.957983980251456, 2.721419162401499 ] ] ] ] } },
{ "type": "Feature", "properties": { "fid": 66339, "latitude": null, "longitude": null, "area_in_meters": null, "confidence": null, "full_plus_code": null, "fid_2": null, "id": null, "Status": "Complete" }, "geometry": { "type": "MultiPolygon", "coordinates": [ [ [ [ 101.958307842529635, 2.721536079551299 ], [ 101.958311155485049, 2.721531571813995 ], [ 101.958357559546513, 2.721483701838487 ], [ 101.958363290267002, 2.721480328443608 ], [ 101.958363382881529, 2.721480424684005 ], [ 101.958410300621139, 2.721434768478982 ], [ 101.958295155419762, 2.72131511532233 ], [ 101.95825983267558, 2.721349488290203 ], [ 101.958227846882778, 2.721338602530727 ], [ 101.958196051007064, 2.721433076066111 ], [ 101.958202349509961, 2.721435219641835 ], [ 101.958191674245754, 2.721449744821535 ], [ 101.958307842529635, 2.721536079551299 ] ] ] ] } },
{ "type": "Feature", "properties": { "fid": 66340, "latitude": null, "longitude": null, "area_in_meters": null, "confidence": null, "full_plus_code": null, "fid_2": null, "id": null, "Status": "Complete" }, "geometry": { "type": "MultiPolygon", "coordinates": [ [ [ [ 101.957847703377979, 2.720819137046652 ], [ 101.957854974793037, 2.720823252299782 ], [ 101.957857203465323, 2.72081927021888 ], [ 101.957888647437684, 2.720819711000494 ], [ 101.95788869364705, 2.720816377612893 ], [ 101.957905816142429, 2.720799861154219 ], [ 101.95791178464043, 2.720797443317127 ], [ 101.957910819717654, 2.72079503467644 ], [ 101.957911776514109, 2.720794111745015 ], [ 101.957909489533677, 2.720791714270565 ], [ 101.957896293328645, 2.720758773897236 ], [ 101.957899523008336, 2.720750831270102 ], [ 101.957897232388774, 2.720749889402629 ], [ 101.957901321108395, 2.720743861712458 ], [ 101.957901598042952, 2.720744047399204 ], [ 101.957919117618289, 2.720717625663629 ], [ 101.957937306797334, 2.720690810732376 ], [ 101.957774311482893, 2.720579007812696 ], [ 101.957721492210666, 2.720656875239554 ], [ 101.95779702660289, 2.720708686327415 ], [ 101.957770135693522, 2.720697629199806 ], [ 101.95776465400408, 2.720694526840512 ], [ 101.957741476785898, 2.72073593872862 ], [ 101.957723863423638, 2.720723501246083 ], [ 101.957697451078516, 2.72076132443867 ], [ 101.957717518559875, 2.720775494869671 ], [ 101.957717364617054, 2.720775712227143 ], [ 101.957814718193831, 2.720845435556202 ], [ 101.957833485195621, 2.720818937736168 ], [ 101.957847703377979, 2.720819137046652 ] ] ] ] } },
{ "type": "Feature", "properties": { "fid": 66341, "latitude": null, "longitude": null, "area_in_meters": null, "confidence": null, "full_plus_code": null, "fid_2": null, "id": null, "Status": "Complete" }, "geometry": { "type": "MultiPolygon", "coordinates": [ [ [ [ 101.958123638964125, 2.72107924370181 ], [ 101.958122283732081, 2.721081350306306 ], [ 101.95817650482158, 2.721116623115889 ], [ 101.958235854032807, 2.721024369296128 ], [ 101.958239941129946, 2.721026758521787 ], [ 101.958272228459549, 2.720970907481119 ], [ 101.958128456911069, 2.720886861838114 ], [ 101.958096169568663, 2.720942712879788 ], [ 101.958124389893285, 2.720959209850951 ], [ 101.958075857127241, 2.721054681703338 ], [ 101.958123638964125, 2.72107924370181 ] ] ] ] } },
{ "type": "Feature", "properties": { "fid": 66342, "latitude": null, "longitude": null, "area_in_meters": null, "confidence": null, "full_plus_code": null, "fid_2": null, "id": null, "Status": "Complete" }, "geometry": { "type": "MultiPolygon", "coordinates": [ [ [ [ 101.958207699285609, 2.720775613318418 ], [ 101.958176906630996, 2.720821761006323 ], [ 101.958173962856918, 2.720819858307416 ], [ 101.958146069639497, 2.720863497250803 ], [ 101.958380563240979, 2.721015061424779 ], [ 101.958408456441575, 2.720971422481463 ], [ 101.958366325633548, 2.720944191369237 ], [ 101.958394643447434, 2.720901752603408 ], [ 101.958207699285609, 2.720775613318418 ] ] ] ] } },
{ "type": "Feature", "properties": { "fid": 66343, "latitude": null, "longitude": null, "area_in_meters": null, "confidence": null, "full_plus_code": null, "fid_2": null, "id": null, "Status": "Complete" }, "geometry": { "type": "MultiPolygon", "coordinates": [ [ [ [ 101.957949521419494, 2.720421990866364 ], [ 101.957862570200462, 2.72054214262822 ], [ 101.957864782865215, 2.720543761836413 ], [ 101.957864846879644, 2.720570008626753 ], [ 101.957852744796952, 2.720588809153038 ], [ 101.957992115152209, 2.720679528928577 ], [ 101.958005575622963, 2.720658618145624 ], [ 101.957974149067269, 2.72063816178551 ], [ 101.958046950779874, 2.720522808862817 ], [ 101.958004658359286, 2.720495817972907 ], [ 101.958020497709583, 2.72047393068707 ], [ 101.957949521419494, 2.720421990866364 ] ], [ [ 101.957889947889143, 2.720583164744593 ], [ 101.957889901196836, 2.720583322661772 ], [ 101.957889659684909, 2.720583165455398 ], [ 101.957889947889143, 2.720583164744593 ] ] ] ] } },
{ "type": "Feature", "properties": { "fid": 66344, "latitude": null, "longitude": null, "area_in_meters": null, "confidence": null, "full_plus_code": null, "fid_2": null, "id": null, "Status": "Complete" }, "geometry": { "type": "MultiPolygon", "coordinates": [ [ [ [ 101.958125671317759, 2.720505328245526 ], [ 101.958081080021643, 2.720479413994371 ], [ 101.95800980434116, 2.720603434760819 ], [ 101.958005196716798, 2.720609533233356 ], [ 101.958126902869793, 2.720702517608123 ], [ 101.958153181482757, 2.720667736246583 ], [ 101.958091599376289, 2.720620687072755 ], [ 101.958092169484829, 2.720619949128245 ], [ 101.958169896709677, 2.720671316704534 ], [ 101.958251315280165, 2.72054673646901 ], [ 101.958144670077019, 2.720476257859684 ], [ 101.958125671317759, 2.720505328245526 ] ] ] ] } },
{ "type": "Feature", "properties": { "fid": 66345, "latitude": null, "longitude": null, "area_in_meters": null, "confidence": null, "full_plus_code": null, "fid_2": null, "id": null, "Status": "Complete" }, "geometry": { "type": "MultiPolygon", "coordinates": [ [ [ [ 101.958119575201366, 2.720414908279745 ], [ 101.958148487729858, 2.720368563613396 ], [ 101.958102111940079, 2.720339307312705 ], [ 101.958137190551525, 2.720357125075161 ], [ 101.958142556558741, 2.720346442345191 ], [ 101.958158083922186, 2.720355955187306 ], [ 101.958232879114334, 2.720232501839604 ], [ 101.958194799221303, 2.72020917218103 ], [ 101.95819157881408, 2.720214487629816 ], [ 101.958142216742047, 2.72018941474691 ], [ 101.958074077429799, 2.720325067517452 ], [ 101.958075107977677, 2.720325590971961 ], [ 101.958047681350038, 2.720369553839901 ], [ 101.958119575201366, 2.720414908279745 ] ] ] ] } },
{ "type": "Feature", "properties": { "fid": 66346, "latitude": null, "longitude": null, "area_in_meters": null, "confidence": null, "full_plus_code": null, "fid_2": null, "id": null, "Status": "Complete" }, "geometry": { "type": "MultiPolygon", "coordinates": [ [ [ [ 101.95831784965813, 2.720426365815714 ], [ 101.958264073166688, 2.720395212348882 ], [ 101.958298397364899, 2.720350173947089 ], [ 101.958240788332475, 2.720305777339242 ], [ 101.95817804078375, 2.720388111349938 ], [ 101.958196893290335, 2.720402640100213 ], [ 101.958188053073258, 2.720418070977765 ], [ 101.958212272088545, 2.720432101387706 ], [ 101.958196982682836, 2.720456917518837 ], [ 101.958264451009512, 2.720498951262587 ], [ 101.958281079134977, 2.720471962259724 ], [ 101.958327398997952, 2.720498795995876 ], [ 101.958333632761509, 2.720487914761103 ], [ 101.958353908830844, 2.720500951666629 ], [ 101.958413316215129, 2.720407520590183 ], [ 101.958354058441756, 2.720369419610155 ], [ 101.95831784965813, 2.720426365815714 ] ] ] ] } },
{ "type": "Feature", "properties": { "fid": 66347, "latitude": null, "longitude": null, "area_in_meters": null, "confidence": null, "full_plus_code": null, "fid_2": null, "id": null, "Status": "Complete" }, "geometry": { "type": "MultiPolygon", "coordinates": [ [ [ [ 101.95870434887614, 2.720570587496784 ], [ 101.958702677056763, 2.72056907501939 ], [ 101.958672161225778, 2.720603183876242 ], [ 101.958646519348136, 2.72059213579591 ], [ 101.958623538317298, 2.720569139418599 ], [ 101.958573964461053, 2.720619235565096 ], [ 101.958606622723536, 2.720651915634754 ], [ 101.958612545931743, 2.720645930021491 ], [ 101.958636576518785, 2.720656283858433 ], [ 101.958704518947627, 2.720717750652739 ], [ 101.958777208285696, 2.72063650263757 ], [ 101.958765856155139, 2.720626232484562 ], [ 101.958813293939613, 2.720551523436031 ], [ 101.958826985337396, 2.720561143412873 ], [ 101.958854233734215, 2.720521928037655 ], [ 101.958761308473029, 2.720456636025259 ], [ 101.958734060070086, 2.720495851400089 ], [ 101.95874632976296, 2.720504472445441 ], [ 101.95870434887614, 2.720570587496784 ] ] ] ] } },
{ "type": "Feature", "properties": { "fid": 66348, "latitude": null, "longitude": null, "area_in_meters": null, "confidence": null, "full_plus_code": null, "fid_2": null, "id": null, "Status": "Complete" }, "geometry": { "type": "MultiPolygon", "coordinates": [ [ [ [ 101.958952824358292, 2.720646064126975 ], [ 101.958945826574265, 2.72064236857503 ], [ 101.958935124950585, 2.720633891969416 ], [ 101.95893355960834, 2.720635890351402 ], [ 101.95883561150724, 2.720584163648439 ], [ 101.958813939639427, 2.720625660872082 ], [ 101.958798412184677, 2.720618674530917 ], [ 101.958750920632454, 2.720725409882158 ], [ 101.958895750397446, 2.720790573807618 ], [ 101.958943241926988, 2.720683838461935 ], [ 101.95894013053524, 2.720682438538728 ], [ 101.958961680836239, 2.720654926512963 ], [ 101.95895214191502, 2.720647370867615 ], [ 101.958952824358292, 2.720646064126975 ] ] ] ] } },
{ "type": "Feature", "properties": { "fid": 66349, "latitude": null, "longitude": null, "area_in_meters": null, "confidence": null, "full_plus_code": null, "fid_2": null, "id": null, "Status": "Complete" }, "geometry": { "type": "MultiPolygon", "coordinates": [ [ [ [ 101.959005627235385, 2.72056153359553 ], [ 101.958979431896495, 2.720610915487792 ], [ 101.958984429088133, 2.720613596036684 ], [ 101.95891994313692, 2.720748313986495 ], [ 101.9590510991857, 2.720811798719397 ], [ 101.959112968938854, 2.720682546235054 ], [ 101.959115445791696, 2.720683874846328 ], [ 101.959141641120155, 2.720634492955497 ], [ 101.959005627235385, 2.72056153359553 ] ] ] ] } },
{ "type": "Feature", "properties": { "fid": 66350, "latitude": null, "longitude": null, "area_in_meters": null, "confidence": null, "full_plus_code": null, "fid_2": null, "id": null, "Status": "Complete" }, "geometry": { "type": "MultiPolygon", "coordinates": [ [ [ [ 101.959074761471541, 2.720776192755124 ], [ 101.959068015487588, 2.720784596108836 ], [ 101.959126662570412, 2.720832204164739 ], [ 101.959136670576655, 2.720819737365317 ], [ 101.959137678972468, 2.720821071685928 ], [ 101.959169227752483, 2.720796961818273 ], [ 101.959174473476651, 2.720801146466447 ], [ 101.959263252392176, 2.720688608822524 ], [ 101.959181370619888, 2.720623289631156 ], [ 101.959092591688361, 2.720735827272207 ], [ 101.95909346890474, 2.720736527050124 ], [ 101.959074761471541, 2.720776192755124 ] ] ] ] } },
{ "type": "Feature", "properties": { "fid": 66351, "latitude": null, "longitude": null, "area_in_meters": null, "confidence": null, "full_plus_code": null, "fid_2": null, "id": null, "Status": "Complete" }, "geometry": { "type": "MultiPolygon", "coordinates": [ [ [ [ 101.959176664559905, 2.720957570607247 ], [ 101.959177454965186, 2.720956754508582 ], [ 101.959183309631896, 2.720965327915013 ], [ 101.959339864460773, 2.720857220226065 ], [ 101.959316191375009, 2.720822554035811 ], [ 101.959308020531381, 2.720828196346281 ], [ 101.959260504682376, 2.720801804340105 ], [ 101.959262228613071, 2.72079996268105 ], [ 101.959230319719566, 2.720769758731557 ], [ 101.959114663765888, 2.720893312895791 ], [ 101.959126587299167, 2.720904599333796 ], [ 101.959124635437675, 2.720906614643373 ], [ 101.959176664559905, 2.720957570607247 ] ] ] ] } },
{ "type": "Feature", "properties": { "fid": 66352, "latitude": null, "longitude": null, "area_in_meters": null, "confidence": null, "full_plus_code": null, "fid_2": null, "id": null, "Status": "Complete" }, "geometry": { "type": "MultiPolygon", "coordinates": [ [ [ [ 101.959202143208429, 2.720989713085564 ], [ 101.959196821272968, 2.72098794377221 ], [ 101.959193333410184, 2.720984565283498 ], [ 101.959191721291333, 2.7209862482489 ], [ 101.959121231434651, 2.720962813420396 ], [ 101.959100448132716, 2.72095109550984 ], [ 101.959017982291471, 2.721098999442845 ], [ 101.95906066465038, 2.721123064335294 ], [ 101.959060045786956, 2.721123710395435 ], [ 101.95910539401018, 2.721167636560868 ], [ 101.959238681622082, 2.721028491444381 ], [ 101.959201298942617, 2.720992281028933 ], [ 101.959202143208429, 2.720989713085564 ] ], [ [ 101.959096083126923, 2.721084278450609 ], [ 101.95909739880247, 2.72108471585567 ], [ 101.959093667214063, 2.721088611433315 ], [ 101.959096083126923, 2.721084278450609 ] ] ] ] } },
{ "type": "Feature", "properties": { "fid": 66353, "latitude": null, "longitude": null, "area_in_meters": null, "confidence": null, "full_plus_code": null, "fid_2": null, "id": null, "Status": "Complete" }, "geometry": { "type": "MultiPolygon", "coordinates": [ [ [ [ 101.962124007046938, 2.721900071491525 ], [ 101.962216351655115, 2.721727711710419 ], [ 101.96227591023279, 2.721759978861221 ], [ 101.962183565640615, 2.721932338640234 ], [ 101.962124007046938, 2.721900071491525 ] ] ] ] } },
{ "type": "Feature", "properties": { "fid": 66354, "latitude": null, "longitude": null, "area_in_meters": null, "confidence": null, "full_plus_code": null, "fid_2": null, "id": null, "Status": "Complete" }, "geometry": { "type": "MultiPolygon", "coordinates": [ [ [ [ 101.962194058621691, 2.722095351034952 ], [ 101.962225897454374, 2.722018646032162 ], [ 101.962277598688956, 2.722040346787329 ], [ 101.962245759861972, 2.722117051788501 ], [ 101.962194058621691, 2.722095351034952 ] ] ] ] } },
{ "type": "Feature", "properties": { "fid": 66355, "latitude": null, "longitude": null, "area_in_meters": null, "confidence": null, "full_plus_code": null, "fid_2": null, "id": null, "Status": "Complete" }, "geometry": { "type": "MultiPolygon", "coordinates": [ [ [ [ 101.962250402091684, 2.72210409600341 ], [ 101.96233067481937, 2.721962860783778 ], [ 101.962394426616029, 2.721999500993595 ], [ 101.962314153902639, 2.72214073621193 ], [ 101.962250402091684, 2.72210409600341 ] ] ] ] } },
{ "type": "Feature", "properties": { "fid": 66356, "latitude": null, "longitude": null, "area_in_meters": null, "confidence": null, "full_plus_code": null, "fid_2": null, "id": null, "Status": "Complete" }, "geometry": { "type": "MultiPolygon", "coordinates": [ [ [ [ 101.962669454451003, 2.721857634078793 ], [ 101.962776578869722, 2.72185847984498 ], [ 101.962777333773019, 2.721761792367893 ], [ 101.962670209363012, 2.721760946592374 ], [ 101.962669454451003, 2.721857634078793 ] ] ] ] } },
{ "type": "Feature", "properties": { "fid": 66357, "latitude": null, "longitude": null, "area_in_meters": null, "confidence": null, "full_plus_code": null, "fid_2": null, "id": null, "Status": "Complete" }, "geometry": { "type": "MultiPolygon", "coordinates": [ [ [ [ 101.961685564595058, 2.72144250720936 ], [ 101.96173815552649, 2.721271356156562 ], [ 101.961818846710756, 2.721296428701601 ], [ 101.961766255797343, 2.721467579746552 ], [ 101.961685564595058, 2.72144250720936 ] ] ] ] } },
{ "type": "Feature", "properties": { "fid": 66358, "latitude": null, "longitude": null, "area_in_meters": null, "confidence": null, "full_plus_code": null, "fid_2": null, "id": null, "Status": "Complete" }, "geometry": { "type": "MultiPolygon", "coordinates": [ [ [ [ 101.961614699130763, 2.721366055901862 ], [ 101.961640905088544, 2.721243833202747 ], [ 101.961708983189226, 2.721258593553403 ], [ 101.961682777241222, 2.721380816246785 ], [ 101.961614699130763, 2.721366055901862 ] ] ] ] } },
{ "type": "Feature", "properties": { "fid": 66359, "latitude": null, "longitude": null, "area_in_meters": null, "confidence": null, "full_plus_code": null, "fid_2": null, "id": null, "Status": "Complete" }, "geometry": { "type": "MultiPolygon", "coordinates": [ [ [ [ 101.961879389840732, 2.721673017951007 ], [ 101.961961168581425, 2.721696136961562 ], [ 101.961975455575256, 2.721645033202825 ], [ 101.961893676839864, 2.721621914189739 ], [ 101.961879389840732, 2.721673017951007 ] ] ] ] } },
{ "type": "Feature", "properties": { "fid": 66360, "latitude": null, "longitude": null, "area_in_meters": null, "confidence": null, "full_plus_code": null, "fid_2": null, "id": null, "Status": "Complete" }, "geometry": { "type": "MultiPolygon", "coordinates": [ [ [ [ 101.961778039424999, 2.721775436815174 ], [ 101.961817530063385, 2.721666507622146 ], [ 101.961782468928732, 2.721653654262406 ], [ 101.961742978285102, 2.721762583457302 ], [ 101.961778039424999, 2.721775436815174 ] ] ] ] } },
{ "type": "Feature", "properties": { "fid": 66361, "latitude": null, "longitude": null, "area_in_meters": null, "confidence": null, "full_plus_code": null, "fid_2": null, "id": null, "Status": "Complete" }, "geometry": { "type": "MultiPolygon", "coordinates": [ [ [ [ 101.961755195417851, 2.721917640690624 ], [ 101.961793524721514, 2.721785393297569 ], [ 101.961905950485374, 2.721818342908062 ], [ 101.961867621200753, 2.721950590292315 ], [ 101.961755195417851, 2.721917640690624 ] ] ] ] } },
{ "type": "Feature", "properties": { "fid": 66362, "latitude": null, "longitude": null, "area_in_meters": null, "confidence": null, "full_plus_code": null, "fid_2": null, "id": null, "Status": "Complete" }, "geometry": { "type": "MultiPolygon", "coordinates": [ [ [ [ 101.961598926071019, 2.721690368749193 ], [ 101.961692822816204, 2.721701242049786 ], [ 101.961695671803739, 2.721676363756853 ], [ 101.961601775060942, 2.721665490454387 ], [ 101.961598926071019, 2.721690368749193 ] ] ] ] } },
{ "type": "Feature", "properties": { "fid": 66363, "latitude": null, "longitude": null, "area_in_meters": null, "confidence": null, "full_plus_code": null, "fid_2": null, "id": null, "Status": "Complete" }, "geometry": { "type": "MultiPolygon", "coordinates": [ [ [ [ 101.961290229334253, 2.721904352565457 ], [ 101.961295433667544, 2.721774408013995 ], [ 101.961233771770495, 2.721771910744109 ], [ 101.961228567429998, 2.721901855302562 ], [ 101.961290229334253, 2.721904352565457 ] ] ] ] } },
{ "type": "Feature", "properties": { "fid": 66364, "latitude": null, "longitude": null, "area_in_meters": null, "confidence": null, "full_plus_code": null, "fid_2": null, "id": null, "Status": "Complete" }, "geometry": { "type": "MultiPolygon", "coordinates": [ [ [ [ 101.961541065745223, 2.721964811871169 ], [ 101.961694594631837, 2.721974427291246 ], [ 101.961701383429954, 2.721864815959744 ], [ 101.961547854559086, 2.721855200525319 ], [ 101.961541065745223, 2.721964811871169 ] ] ] ] } },
{ "type": "Feature", "properties": { "fid": 66365, "latitude": null, "longitude": null, "area_in_meters": null, "confidence": null, "full_plus_code": null, "fid_2": null, "id": null, "Status": "Complete" }, "geometry": { "type": "MultiPolygon", "coordinates": [ [ [ [ 101.961361059596868, 2.721966367112511 ], [ 101.961528909769115, 2.72196151032275 ], [ 101.961526155612148, 2.721865260175688 ], [ 101.961358305452421, 2.721870116950428 ], [ 101.961361059596868, 2.721966367112511 ] ] ] ] } },
{ "type": "Feature", "properties": { "fid": 66366, "latitude": null, "longitude": null, "area_in_meters": null, "confidence": null, "full_plus_code": null, "fid_2": null, "id": null, "Status": "Complete" }, "geometry": { "type": "MultiPolygon", "coordinates": [ [ [ [ 101.961246446259864, 2.72161239202975 ], [ 101.961251794396063, 2.721541305068867 ], [ 101.961286342670348, 2.721543933398333 ], [ 101.961280994536509, 2.721615020357153 ], [ 101.961246446259864, 2.72161239202975 ] ] ] ] } },
{ "type": "Feature", "properties": { "fid": 66367, "latitude": null, "longitude": null, "area_in_meters": null, "confidence": null, "full_plus_code": null, "fid_2": null, "id": null, "Status": "Complete" }, "geometry": { "type": "MultiPolygon", "coordinates": [ [ [ [ 101.961064158180577, 2.721583968562193 ], [ 101.961173513127733, 2.721593693210355 ], [ 101.96117994257844, 2.721520582778609 ], [ 101.961070587639128, 2.721510858123831 ], [ 101.961064158180577, 2.721583968562193 ] ] ] ] } },
{ "type": "Feature", "properties": { "fid": 66368, "latitude": null, "longitude": null, "area_in_meters": null, "confidence": null, "full_plus_code": null, "fid_2": null, "id": null, "Status": "Complete" }, "geometry": { "type": "MultiPolygon", "coordinates": [ [ [ [ 101.961059873696271, 2.721638394994128 ], [ 101.961060861408626, 2.721590639870099 ], [ 101.961095593075271, 2.721591366272182 ], [ 101.961094605364366, 2.721639121394734 ], [ 101.961059873696271, 2.721638394994128 ] ] ] ] } },
{ "type": "Feature", "properties": { "fid": 66369, "latitude": null, "longitude": null, "area_in_meters": null, "confidence": null, "full_plus_code": null, "fid_2": null, "id": null, "Status": "Complete" }, "geometry": { "type": "MultiPolygon", "coordinates": [ [ [ [ 101.961121850558925, 2.721240673074053 ], [ 101.961141199978087, 2.721024072431331 ], [ 101.961217784357757, 2.721030990579502 ], [ 101.961198434954881, 2.721247591208518 ], [ 101.961121850558925, 2.721240673074053 ] ] ] ] } },
{ "type": "Feature", "properties": { "fid": 66370, "latitude": null, "longitude": null, "area_in_meters": null, "confidence": null, "full_plus_code": null, "fid_2": null, "id": null, "Status": "Complete" }, "geometry": { "type": "MultiPolygon", "coordinates": [ [ [ [ 101.961120032950603, 2.720948608832212 ], [ 101.961231094567665, 2.720950661187513 ], [ 101.961308898181557, 2.720957026660827 ], [ 101.961309433985534, 2.720950404242266 ], [ 101.961312194953464, 2.720950355355572 ], [ 101.961311704437335, 2.720922341960776 ], [ 101.961313688332766, 2.720897821452682 ], [ 101.961311271619735, 2.720897623730086 ], [ 101.961310911612841, 2.720877063722765 ], [ 101.961306080401926, 2.720877149265608 ], [ 101.961237825772628, 2.720850358531483 ], [ 101.961237939482459, 2.720844136233644 ], [ 101.961221184421575, 2.72084382660806 ], [ 101.961179372161524, 2.72082741481074 ], [ 101.96117334490566, 2.72084294255648 ], [ 101.961121981312658, 2.720841993381625 ], [ 101.961120032950603, 2.720948608832212 ] ], [ [ 101.9612371046899, 2.720889816789266 ], [ 101.961242701776527, 2.720892013710528 ], [ 101.961237072957914, 2.720891553190553 ], [ 101.9612371046899, 2.720889816789266 ] ] ] ] } },
{ "type": "Feature", "properties": { "fid": 66371, "latitude": null, "longitude": null, "area_in_meters": null, "confidence": null, "full_plus_code": null, "fid_2": null, "id": null, "Status": "Complete" }, "geometry": { "type": "MultiPolygon", "coordinates": [ [ [ [ 101.961433830540216, 2.72101446554485 ], [ 101.961370865507902, 2.721010314463403 ], [ 101.961370993399797, 2.721009336624387 ], [ 101.961327786006336, 2.721003622162842 ], [ 101.961299599121404, 2.72121913407076 ], [ 101.961342806524627, 2.721224848525006 ], [ 101.961360092015099, 2.721092686698555 ], [ 101.9613548406886, 2.721173233570235 ], [ 101.961423185767245, 2.721177739330609 ], [ 101.961433830540216, 2.72101446554485 ] ] ] ] } },
{ "type": "Feature", "properties": { "fid": 66372, "latitude": null, "longitude": null, "area_in_meters": null, "confidence": null, "full_plus_code": null, "fid_2": null, "id": null, "Status": "Complete" }, "geometry": { "type": "MultiPolygon", "coordinates": [ [ [ [ 101.96162199914103, 2.721189826699442 ], [ 101.961621995542714, 2.721188353560883 ], [ 101.961618732697673, 2.721188361620034 ], [ 101.961596571126378, 2.721178421615539 ], [ 101.961592133071846, 2.721188427320488 ], [ 101.961591073799255, 2.721188429936867 ], [ 101.961591113172389, 2.721204549307003 ], [ 101.961559290074376, 2.721205112793402 ], [ 101.961545833505582, 2.721204089056792 ], [ 101.961540903191349, 2.721269622331058 ], [ 101.961528323975799, 2.721269653401917 ], [ 101.961528486731538, 2.721336284624693 ], [ 101.961602478058012, 2.721336101860485 ], [ 101.961602315298194, 2.721269470642192 ], [ 101.961588291831163, 2.721269505280375 ], [ 101.961588597286791, 2.721246610358008 ], [ 101.961629395112809, 2.721245887956011 ], [ 101.961628684379207, 2.721205299197659 ], [ 101.961646129063581, 2.721213123563301 ], [ 101.961650743853227, 2.72120271940297 ], [ 101.96162199914103, 2.721189826699442 ] ], [ [ 101.961622033765451, 2.721204001801111 ], [ 101.961622029643735, 2.721202314386789 ], [ 101.961625649065539, 2.721203937785582 ], [ 101.961622033765451, 2.721204001801111 ] ] ] ] } },
{ "type": "Feature", "properties": { "fid": 66373, "latitude": null, "longitude": null, "area_in_meters": null, "confidence": null, "full_plus_code": null, "fid_2": null, "id": null, "Status": "Complete" }, "geometry": { "type": "MultiPolygon", "coordinates": [ [ [ [ 101.961955896041644, 2.721384702682072 ], [ 101.961957084981663, 2.72138075748365 ], [ 101.961870673363535, 2.721354424240357 ], [ 101.961886620191152, 2.721303205879714 ], [ 101.961837587527938, 2.721287768440861 ], [ 101.961778416649651, 2.721477814694321 ], [ 101.961790590690981, 2.721481647566038 ], [ 101.961816913507064, 2.721523132137656 ], [ 101.961815418610598, 2.721528092573962 ], [ 101.961904502243243, 2.721555240077016 ], [ 101.961933807762193, 2.721457997082466 ], [ 101.9619793944143, 2.721471765552481 ], [ 101.962001302302752, 2.721398416672088 ], [ 101.961955896041644, 2.721384702682072 ] ] ] ] } },
{ "type": "Feature", "properties": { "fid": 66374, "latitude": null, "longitude": null, "area_in_meters": null, "confidence": null, "full_plus_code": null, "fid_2": null, "id": null, "Status": "Complete" }, "geometry": { "type": "MultiPolygon", "coordinates": [ [ [ [ 101.961208252832193, 2.721348180848201 ], [ 101.961190154422127, 2.721348499236495 ], [ 101.961191636070083, 2.721327121867037 ], [ 101.961084495272644, 2.72131961278115 ], [ 101.961081295316248, 2.721365782018593 ], [ 101.961103383979264, 2.721367330126988 ], [ 101.961085326556415, 2.721477954976356 ], [ 101.961077850891783, 2.721476975349115 ], [ 101.96107607817531, 2.721490654808548 ], [ 101.961217480923679, 2.721509184528352 ], [ 101.961219253638134, 2.721495505070438 ], [ 101.961210796572004, 2.721494396838224 ], [ 101.961208252832193, 2.721348180848201 ] ], [ [ 101.961166314361023, 2.721477741288221 ], [ 101.961166503141214, 2.721488592531377 ], [ 101.961164584148364, 2.721488341062409 ], [ 101.961166314361023, 2.721477741288221 ] ] ] ] } },
{ "type": "Feature", "properties": { "fid": 66375, "latitude": null, "longitude": null, "area_in_meters": null, "confidence": null, "full_plus_code": null, "fid_2": null, "id": null, "Status": "Complete" }, "geometry": { "type": "MultiPolygon", "coordinates": [ [ [ [ 101.961431805925244, 2.721541970954137 ], [ 101.961425404995609, 2.72163416052127 ], [ 101.961459484462807, 2.721636553255809 ], [ 101.961458603274039, 2.721661841692102 ], [ 101.961511995197284, 2.721663723010484 ], [ 101.961510021804642, 2.721690588376554 ], [ 101.961480760781058, 2.721690660661806 ], [ 101.961480926272429, 2.721758402407416 ], [ 101.961548181100454, 2.72175823625967 ], [ 101.961562650780735, 2.721759311040469 ], [ 101.961565667590662, 2.721718240775108 ], [ 101.961585744428888, 2.721719275015806 ], [ 101.961594174981329, 2.721553785664244 ], [ 101.961554223196131, 2.721551727577079 ], [ 101.9615587083305, 2.721501678505706 ], [ 101.961439411579093, 2.721490867917353 ], [ 101.961434813067697, 2.721542182087198 ], [ 101.961431805925244, 2.721541970954137 ] ] ] ] } },
{ "type": "Feature", "properties": { "fid": 66376, "latitude": null, "longitude": null, "area_in_meters": null, "confidence": null, "full_plus_code": null, "fid_2": null, "id": null, "Status": "Complete" }, "geometry": { "type": "MultiPolygon", "coordinates": [ [ [ [ 101.961694678813345, 2.72155686896645 ], [ 101.961691009234173, 2.72155605845456 ], [ 101.961690245142449, 2.721550216757828 ], [ 101.961674180843772, 2.721552341513229 ], [ 101.961625066891784, 2.721541493554881 ], [ 101.961611785929477, 2.721602296867738 ], [ 101.96161026038267, 2.721602103459604 ], [ 101.961604347431063, 2.721649265857176 ], [ 101.961681676234249, 2.721659069564526 ], [ 101.961686482316395, 2.721620735665765 ], [ 101.961699248136284, 2.721619047185096 ], [ 101.961692449957155, 2.721567073188186 ], [ 101.961694678813345, 2.72155686896645 ] ] ] ] } },
{ "type": "Feature", "properties": { "fid": 66377, "latitude": null, "longitude": null, "area_in_meters": null, "confidence": null, "full_plus_code": null, "fid_2": null, "id": null, "Status": "Complete" }, "geometry": { "type": "MultiPolygon", "coordinates": [ [ [ [ 101.96118878708414, 2.72189190691387 ], [ 101.961200749936779, 2.721893468334453 ], [ 101.961237600619469, 2.721607971769504 ], [ 101.961102204276472, 2.721590299474308 ], [ 101.961094189977615, 2.721652389301719 ], [ 101.961054376364089, 2.721648403320087 ], [ 101.961032821053522, 2.721866119964068 ], [ 101.961054352405299, 2.721868275593613 ], [ 101.96105389049535, 2.721901604801594 ], [ 101.961188626513319, 2.721903493029307 ], [ 101.96118878708414, 2.72189190691387 ] ] ] ] } },
{ "type": "Feature", "properties": { "fid": 66378, "latitude": null, "longitude": null, "area_in_meters": null, "confidence": null, "full_plus_code": null, "fid_2": null, "id": null, "Status": "Complete" }, "geometry": { "type": "MultiPolygon", "coordinates": [ [ [ [ 101.961372057496035, 2.721664607375641 ], [ 101.961373646556922, 2.721654139895773 ], [ 101.961296215194594, 2.721642253333826 ], [ 101.961287529497213, 2.721699467829858 ], [ 101.961269846461619, 2.721697844834414 ], [ 101.961268110159168, 2.721716974422673 ], [ 101.961256637680165, 2.721715645899653 ], [ 101.96125019422405, 2.721771912111067 ], [ 101.961334625626677, 2.721781689336368 ], [ 101.961328726906842, 2.721840957407425 ], [ 101.961371807363221, 2.721845293092412 ], [ 101.961378623994747, 2.721776802170153 ], [ 101.961363973432, 2.721775327713523 ], [ 101.961366769597987, 2.721750910722514 ], [ 101.96139358691444, 2.721750844475761 ], [ 101.961389186636126, 2.721826607290057 ], [ 101.961457911297472, 2.721830643527459 ], [ 101.961465329743305, 2.721702914579918 ], [ 101.961399058918133, 2.721699022449965 ], [ 101.96139904441003, 2.721693083579513 ], [ 101.961382983636156, 2.721693123253563 ], [ 101.961384620056521, 2.72166535603085 ], [ 101.961372057496035, 2.721664607375641 ] ], [ [ 101.961363790468567, 2.721728054285504 ], [ 101.961339803399326, 2.721725276562077 ], [ 101.96136378717452, 2.721726705853594 ], [ 101.961363790468567, 2.721728054285504 ] ] ] ] } },
{ "type": "Feature", "properties": { "fid": 66379, "latitude": null, "longitude": null, "area_in_meters": null, "confidence": null, "full_plus_code": null, "fid_2": null, "id": null, "Status": "Complete" }, "geometry": { "type": "MultiPolygon", "coordinates": [ [ [ [ 101.961788673211814, 2.721607720993996 ], [ 101.961777576943376, 2.721650549722328 ], [ 101.961825951196971, 2.721663223227798 ], [ 101.961812903784946, 2.721699166445713 ], [ 101.961850774466626, 2.721713067612062 ], [ 101.961885877553129, 2.721616365059657 ], [ 101.961848006876494, 2.721602463891521 ], [ 101.961841111550271, 2.72162145924573 ], [ 101.961788673211814, 2.721607720993996 ] ] ] ] } },
{ "type": "Feature", "properties": { "fid": 66380, "latitude": null, "longitude": null, "area_in_meters": null, "confidence": null, "full_plus_code": null, "fid_2": null, "id": null, "Status": "Complete" }, "geometry": { "type": "MultiPolygon", "coordinates": [ [ [ [ 101.962108627585508, 2.721933425289542 ], [ 101.962062884804737, 2.722020526466183 ], [ 101.962070401483516, 2.72202451823137 ], [ 101.962157571706697, 2.722077672781099 ], [ 101.962191687126278, 2.722021098508892 ], [ 101.962162453897875, 2.722003272705662 ], [ 101.96217939813566, 2.721971008306606 ], [ 101.962108627585508, 2.721933425289542 ] ] ] ] } },
{ "type": "Feature", "properties": { "fid": 66381, "latitude": null, "longitude": null, "area_in_meters": null, "confidence": null, "full_plus_code": null, "fid_2": null, "id": null, "Status": "Complete" }, "geometry": { "type": "MultiPolygon", "coordinates": [ [ [ [ 101.962365065385583, 2.721866356814582 ], [ 101.962354769979328, 2.721830064353997 ], [ 101.962370944308788, 2.721794986692491 ], [ 101.962288204820567, 2.721756407845005 ], [ 101.962203617805756, 2.721939853716608 ], [ 101.96223554034944, 2.721954738198898 ], [ 101.96220856049851, 2.722006111931992 ], [ 101.962261274589309, 2.722034105974719 ], [ 101.962298648728108, 2.721962939928876 ], [ 101.962294513554667, 2.721960743927074 ], [ 101.962297374606379, 2.721954539094661 ], [ 101.962318532419729, 2.721965111843573 ], [ 101.962363685512358, 2.721873740303866 ], [ 101.962366898469227, 2.72187281863983 ], [ 101.962365892819122, 2.721869273610543 ], [ 101.962366884899581, 2.721867266042216 ], [ 101.962365065385583, 2.721866356814582 ] ], [ [ 101.962343097305364, 2.721855379165819 ], [ 101.962343941892698, 2.721853547488715 ], [ 101.962344686826512, 2.721856173463943 ], [ 101.962343097305364, 2.721855379165819 ] ] ] ] } },
{ "type": "Feature", "properties": { "fid": 66382, "latitude": null, "longitude": null, "area_in_meters": null, "confidence": null, "full_plus_code": null, "fid_2": null, "id": null, "Status": "Complete" }, "geometry": { "type": "MultiPolygon", "coordinates": [ [ [ [ 101.962620236220047, 2.721601224218611 ], [ 101.962612891258857, 2.721679183340125 ], [ 101.962636147963082, 2.721681399041353 ], [ 101.962663166454732, 2.721708435316106 ], [ 101.962661395609842, 2.721723280357899 ], [ 101.962715524916121, 2.721729809739924 ], [ 101.962726323649051, 2.721639283623847 ], [ 101.962725813386825, 2.721639222073099 ], [ 101.962726345835677, 2.721638719875747 ], [ 101.962699646363106, 2.721610094778017 ], [ 101.962699768223288, 2.721608801357989 ], [ 101.962698310406736, 2.721608662469507 ], [ 101.962695342692328, 2.721605480716957 ], [ 101.96269255103384, 2.721608113764968 ], [ 101.962620236220047, 2.721601224218611 ] ] ] ] } },
{ "type": "Feature", "properties": { "fid": 66383, "latitude": null, "longitude": null, "area_in_meters": null, "confidence": null, "full_plus_code": null, "fid_2": null, "id": null, "Status": "Complete" }, "geometry": { "type": "MultiPolygon", "coordinates": [ [ [ [ 101.963109578699431, 2.721647767452902 ], [ 101.963051042884075, 2.721645691080337 ], [ 101.963049938424646, 2.721677176337855 ], [ 101.963024657987646, 2.721694619418005 ], [ 101.963048120353506, 2.721729004804082 ], [ 101.963047206608124, 2.721755053301373 ], [ 101.963025611060559, 2.721754718904414 ], [ 101.963024915856508, 2.721800118709749 ], [ 101.963148608155336, 2.721802034022082 ], [ 101.963149047396769, 2.721773349478066 ], [ 101.963173926851297, 2.721772343793571 ], [ 101.963172939078731, 2.721816410710614 ], [ 101.963236292892915, 2.721817846716066 ], [ 101.963239280180531, 2.7216845762893 ], [ 101.963209110959653, 2.721683892456801 ], [ 101.963208396821173, 2.721666027487408 ], [ 101.963108796935572, 2.721670053533264 ], [ 101.963109578699431, 2.721647767452902 ] ] ] ] } },
{ "type": "Feature", "properties": { "fid": 66384, "latitude": null, "longitude": null, "area_in_meters": null, "confidence": null, "full_plus_code": null, "fid_2": null, "id": null, "Status": "Complete" }, "geometry": { "type": "MultiPolygon", "coordinates": [ [ [ [ 101.963479187369202, 2.721504706638588 ], [ 101.963479086198859, 2.721505910892097 ], [ 101.963416631154601, 2.721510897296113 ], [ 101.963421940516966, 2.721578142802995 ], [ 101.963493709464558, 2.721572412773535 ], [ 101.963491771698671, 2.721547870097636 ], [ 101.963526486837722, 2.721550819234107 ], [ 101.963529998160396, 2.721509023142249 ], [ 101.963488425695033, 2.721505491457448 ], [ 101.963488400098925, 2.721505167271318 ], [ 101.963486446054347, 2.721505323282027 ], [ 101.963479187369202, 2.721504706638588 ] ] ] ] } },
{ "type": "Feature", "properties": { "fid": 66385, "latitude": null, "longitude": null, "area_in_meters": null, "confidence": null, "full_plus_code": null, "fid_2": null, "id": null, "Status": "Complete" }, "geometry": { "type": "MultiPolygon", "coordinates": [ [ [ [ 101.961382680210477, 2.721323318437833 ], [ 101.961402273673727, 2.721206664686812 ], [ 101.961446891128574, 2.721214242753762 ], [ 101.961427297671094, 2.721330896500914 ], [ 101.961382680210477, 2.721323318437833 ] ] ] ] } },
{ "type": "Feature", "properties": { "fid": 66386, "latitude": null, "longitude": null, "area_in_meters": null, "confidence": null, "full_plus_code": null, "fid_2": null, "id": null, "Status": "Complete" }, "geometry": { "type": "MultiPolygon", "coordinates": [ [ [ [ 101.961514602720868, 2.72126410741543 ], [ 101.961531620744807, 2.721262982096483 ], [ 101.961525884715911, 2.721175264624764 ], [ 101.961491499471791, 2.721177538350559 ], [ 101.961492871004154, 2.721198512338327 ], [ 101.961448963756112, 2.721198312027683 ], [ 101.961448247295039, 2.721357119181206 ], [ 101.961514181744846, 2.721357419973347 ], [ 101.961514602720868, 2.72126410741543 ] ] ] ] } },
{ "type": "Feature", "properties": { "fid": 66387, "latitude": null, "longitude": null, "area_in_meters": null, "confidence": null, "full_plus_code": null, "fid_2": null, "id": null, "Status": "Complete" }, "geometry": { "type": "MultiPolygon", "coordinates": [ [ [ [ 101.961944725802226, 2.720842182584243 ], [ 101.962066442716889, 2.7209396082798 ], [ 101.962124122087843, 2.720866739860683 ], [ 101.962002405188613, 2.720769314167941 ], [ 101.961944725802226, 2.720842182584243 ] ] ] ] } },
{ "type": "Feature", "properties": { "fid": 66388, "latitude": null, "longitude": null, "area_in_meters": null, "confidence": null, "full_plus_code": null, "fid_2": null, "id": null, "Status": "Complete" }, "geometry": { "type": "MultiPolygon", "coordinates": [ [ [ [ 101.961729502820489, 2.720893798390705 ], [ 101.96179668357847, 2.720818116641429 ], [ 101.961837718680414, 2.720854950787297 ], [ 101.961770537927961, 2.720930632538263 ], [ 101.961729502820489, 2.720893798390705 ] ] ] ] } },
{ "type": "Feature", "properties": { "fid": 66389, "latitude": null, "longitude": null, "area_in_meters": null, "confidence": null, "full_plus_code": null, "fid_2": null, "id": null, "Status": "Complete" }, "geometry": { "type": "MultiPolygon", "coordinates": [ [ [ [ 101.961890443402069, 2.721040396562387 ], [ 101.961904288801904, 2.721019590360937 ], [ 101.961941481915787, 2.721044391875431 ], [ 101.961971612617049, 2.72099870043113 ], [ 101.961889106899619, 2.720943683072174 ], [ 101.961926101086704, 2.72090330755386 ], [ 101.961896215893503, 2.720875618201593 ], [ 101.961841104323327, 2.720935767057826 ], [ 101.96184494296385, 2.720939323650616 ], [ 101.961820644035882, 2.720975838904526 ], [ 101.961814295101433, 2.720970757036061 ], [ 101.96177949412089, 2.721014722345211 ], [ 101.961840352595061, 2.721063435203299 ], [ 101.961869659389208, 2.721026410888419 ], [ 101.961890443402069, 2.721040396562387 ] ] ] ] } },
{ "type": "Feature", "properties": { "fid": 66390, "latitude": null, "longitude": null, "area_in_meters": null, "confidence": null, "full_plus_code": null, "fid_2": null, "id": null, "Status": "Complete" }, "geometry": { "type": "MultiPolygon", "coordinates": [ [ [ [ 101.961764332030512, 2.72068493332085 ], [ 101.961785973083295, 2.720706060486388 ], [ 101.961768841635362, 2.720722680096455 ], [ 101.961791788909949, 2.720746599248338 ], [ 101.961783009344444, 2.720741789794135 ], [ 101.961759057107543, 2.720786004291928 ], [ 101.961839782964717, 2.720830225988279 ], [ 101.961843873513303, 2.720822675061325 ], [ 101.961860779127647, 2.720835726764538 ], [ 101.961968660685272, 2.720694423422419 ], [ 101.961885948812537, 2.72063056706049 ], [ 101.961849012538039, 2.72067894620946 ], [ 101.961808394723477, 2.720639292901399 ], [ 101.961764332030512, 2.72068493332085 ] ] ] ] } },
{ "type": "Feature", "properties": { "fid": 66391, "latitude": null, "longitude": null, "area_in_meters": null, "confidence": null, "full_plus_code": null, "fid_2": null, "id": null, "Status": "Complete" }, "geometry": { "type": "MultiPolygon", "coordinates": [ [ [ [ 101.962004938685368, 2.720626591698122 ], [ 101.961942959634129, 2.720571218438817 ], [ 101.961909935984735, 2.72060859603923 ], [ 101.961971915040081, 2.720663969299772 ], [ 101.962004938685368, 2.720626591698122 ] ] ] ] } },
{ "type": "Feature", "properties": { "fid": 66392, "latitude": null, "longitude": null, "area_in_meters": null, "confidence": null, "full_plus_code": null, "fid_2": null, "id": null, "Status": "Complete" }, "geometry": { "type": "MultiPolygon", "coordinates": [ [ [ [ 101.962081583259433, 2.721260513046673 ], [ 101.962194373218082, 2.72132020282685 ], [ 101.96221648541605, 2.721277951195205 ], [ 101.962103695464776, 2.72121826141395 ], [ 101.962081583259433, 2.721260513046673 ] ] ] ] } },
{ "type": "Feature", "properties": { "fid": 66393, "latitude": null, "longitude": null, "area_in_meters": null, "confidence": null, "full_plus_code": null, "fid_2": null, "id": null, "Status": "Complete" }, "geometry": { "type": "MultiPolygon", "coordinates": [ [ [ [ 101.962415264122683, 2.720979654594341 ], [ 101.962437487065969, 2.72093202853551 ], [ 101.962357881844525, 2.720894467300159 ], [ 101.962353350234295, 2.720904179005923 ], [ 101.962336901965045, 2.720895629653649 ], [ 101.962308324589699, 2.720951226563674 ], [ 101.962308789048805, 2.720951467976554 ], [ 101.962202602975339, 2.721072535106492 ], [ 101.962214985023166, 2.721083516943782 ], [ 101.962215957367917, 2.721082408333316 ], [ 101.962261776148637, 2.721102750649966 ], [ 101.962259407456187, 2.721106814695736 ], [ 101.962298822265353, 2.72113004477343 ], [ 101.962392685234519, 2.720969000885591 ], [ 101.962415264122683, 2.720979654594341 ] ], [ [ 101.962276061568815, 2.7210710065101 ], [ 101.96228751376114, 2.72105859175762 ], [ 101.962279411171622, 2.721072493644523 ], [ 101.962276061568815, 2.7210710065101 ] ] ] ] } },
{ "type": "Feature", "properties": { "fid": 66394, "latitude": null, "longitude": null, "area_in_meters": null, "confidence": null, "full_plus_code": null, "fid_2": null, "id": null, "Status": "Complete" }, "geometry": { "type": "MultiPolygon", "coordinates": [ [ [ [ 101.962362793193222, 2.720644586761586 ], [ 101.962340139891538, 2.720680399789305 ], [ 101.962334158846033, 2.720676862753489 ], [ 101.962315692567032, 2.720708438851311 ], [ 101.962308254793527, 2.720704941574324 ], [ 101.962274768261381, 2.720776956824348 ], [ 101.962406337461445, 2.72083882128725 ], [ 101.962410818851268, 2.720829183725218 ], [ 101.962490373627872, 2.720881924206008 ], [ 101.962530476701588, 2.7208207538145 ], [ 101.962435348243673, 2.720757688825597 ], [ 101.962431834044878, 2.720763049134526 ], [ 101.962424262488668, 2.720759488952268 ], [ 101.962430885066482, 2.72074816478558 ], [ 101.962457916212628, 2.720705430731365 ], [ 101.962454386639905, 2.720703173094698 ], [ 101.962467806501465, 2.720685416829243 ], [ 101.96238814433876, 2.720624534668997 ], [ 101.962369666572044, 2.720648983212164 ], [ 101.962362793193222, 2.720644586761586 ] ] ] ] } },
{ "type": "Feature", "properties": { "fid": 66395, "latitude": null, "longitude": null, "area_in_meters": null, "confidence": null, "full_plus_code": null, "fid_2": null, "id": null, "Status": "Complete" }, "geometry": { "type": "MultiPolygon", "coordinates": [ [ [ [ 101.962130821218835, 2.721054869991628 ], [ 101.962094279273813, 2.721032823746688 ], [ 101.962013990167719, 2.721167395795563 ], [ 101.962050532120671, 2.721189442040057 ], [ 101.962082329865794, 2.721136146041043 ], [ 101.9620651573114, 2.72117132689929 ], [ 101.962246490053616, 2.721260831566362 ], [ 101.962304373846024, 2.721142246847547 ], [ 101.962130031989005, 2.721056192814735 ], [ 101.962130821218835, 2.721054869991628 ] ] ] ] } },
{ "type": "Feature", "properties": { "fid": 66396, "latitude": null, "longitude": null, "area_in_meters": null, "confidence": null, "full_plus_code": null, "fid_2": null, "id": null, "Status": "Complete" }, "geometry": { "type": "MultiPolygon", "coordinates": [ [ [ [ 101.962394708026764, 2.720598976352864 ], [ 101.962398716682969, 2.720588826464129 ], [ 101.96240010403659, 2.720589633325218 ], [ 101.962412479780525, 2.72056811535234 ], [ 101.962463204644635, 2.720609912418796 ], [ 101.962489298453931, 2.720577889997231 ], [ 101.962433365272076, 2.720531801297786 ], [ 101.962465087814465, 2.720476644629223 ], [ 101.962356707242648, 2.72041361233298 ], [ 101.962324432276944, 2.720469729495844 ], [ 101.962268936970162, 2.720447566138304 ], [ 101.96223442042502, 2.720534961738789 ], [ 101.962259080736686, 2.720544810412779 ], [ 101.96225764154417, 2.720547120174421 ], [ 101.962368247109509, 2.720616810133648 ], [ 101.962382417604417, 2.720594067884369 ], [ 101.962394708026764, 2.720598976352864 ] ] ] ] } },
{ "type": "Feature", "properties": { "fid": 66397, "latitude": null, "longitude": null, "area_in_meters": null, "confidence": null, "full_plus_code": null, "fid_2": null, "id": null, "Status": "Complete" }, "geometry": { "type": "MultiPolygon", "coordinates": [ [ [ [ 101.962836286434893, 2.719175857261392 ], [ 101.962881456107965, 2.719131324698442 ], [ 101.962925687091484, 2.719176691527898 ], [ 101.962880517421965, 2.719221224092558 ], [ 101.962836286434893, 2.719175857261392 ] ] ] ] } },
{ "type": "Feature", "properties": { "fid": 66398, "latitude": null, "longitude": null, "area_in_meters": null, "confidence": null, "full_plus_code": null, "fid_2": null, "id": null, "Status": "Complete" }, "geometry": { "type": "MultiPolygon", "coordinates": [ [ [ [ 101.962872808813827, 2.718981980335589 ], [ 101.962962612248702, 2.718899579704638 ], [ 101.962990074045621, 2.718929844247174 ], [ 101.962900270614853, 2.719012244880561 ], [ 101.962872808813827, 2.718981980335589 ] ] ] ] } },
{ "type": "Feature", "properties": { "fid": 66399, "latitude": null, "longitude": null, "area_in_meters": null, "confidence": null, "full_plus_code": null, "fid_2": null, "id": null, "Status": "Complete" }, "geometry": { "type": "MultiPolygon", "coordinates": [ [ [ [ 101.962914639330606, 2.719152898014102 ], [ 101.9630026831979, 2.7190283017403 ], [ 101.963073059149295, 2.719078589347721 ], [ 101.962985015296809, 2.719203185622667 ], [ 101.962914639330606, 2.719152898014102 ] ] ] ] } },
{ "type": "Feature", "properties": { "fid": 66400, "latitude": null, "longitude": null, "area_in_meters": null, "confidence": null, "full_plus_code": null, "fid_2": null, "id": null, "Status": "Complete" }, "geometry": { "type": "MultiPolygon", "coordinates": [ [ [ [ 101.963065109542057, 2.719266910592615 ], [ 101.963101653263607, 2.719307909793403 ], [ 101.963116439572275, 2.719294582569743 ], [ 101.963135896087124, 2.719311156805936 ], [ 101.963205269107959, 2.719228806602262 ], [ 101.963153714639418, 2.719184889383098 ], [ 101.96314200669687, 2.719198787456385 ], [ 101.963127859217082, 2.719185687271938 ], [ 101.963059571546438, 2.719260261115029 ], [ 101.963065942162828, 2.719266160133366 ], [ 101.963065109542057, 2.719266910592615 ] ] ] ] } },
{ "type": "Feature", "properties": { "fid": 66401, "latitude": null, "longitude": null, "area_in_meters": null, "confidence": null, "full_plus_code": null, "fid_2": null, "id": null, "Status": "Complete" }, "geometry": { "type": "MultiPolygon", "coordinates": [ [ [ [ 101.96425398212358, 2.719508844758566 ], [ 101.964301249128724, 2.719418775506935 ], [ 101.964289682969621, 2.719412637701417 ], [ 101.964242415962872, 2.719502706953283 ], [ 101.96425398212358, 2.719508844758566 ] ] ] ] } },
{ "type": "Feature", "properties": { "fid": 66402, "latitude": null, "longitude": null, "area_in_meters": null, "confidence": null, "full_plus_code": null, "fid_2": null, "id": null, "Status": "Complete" }, "geometry": { "type": "MultiPolygon", "coordinates": [ [ [ [ 101.963948171093421, 2.719547358115785 ], [ 101.963730268040408, 2.719405749227921 ], [ 101.963726227299404, 2.719412036699981 ], [ 101.963311160069679, 2.719176905668627 ], [ 101.963268497814639, 2.719253059992734 ], [ 101.963265576861914, 2.719251446393837 ], [ 101.963201194813379, 2.719369298130173 ], [ 101.963552111215989, 2.719563152069411 ], [ 101.96376294217481, 2.719684525721624 ], [ 101.963761876038035, 2.719686633940523 ], [ 101.963809422536102, 2.719710948025661 ], [ 101.963834023464457, 2.719662301219544 ], [ 101.963862435081126, 2.719680765102897 ], [ 101.963948171093421, 2.719547358115785 ] ] ] ] } },
{ "type": "Feature", "properties": { "fid": 66403, "latitude": null, "longitude": null, "area_in_meters": null, "confidence": null, "full_plus_code": null, "fid_2": null, "id": null, "Status": "Complete" }, "geometry": { "type": "MultiPolygon", "coordinates": [ [ [ [ 101.96396517050448, 2.719273016529624 ], [ 101.963788085220287, 2.719159082590555 ], [ 101.963794792301414, 2.719146837557371 ], [ 101.963477414318973, 2.71897104792617 ], [ 101.963449209736822, 2.719022540631214 ], [ 101.963437743620105, 2.719015818756188 ], [ 101.963432211640495, 2.719025360961679 ], [ 101.963397980189825, 2.719003449320383 ], [ 101.963309971650588, 2.719142482318671 ], [ 101.963355828151506, 2.71917183517827 ], [ 101.963365567581846, 2.719156449144438 ], [ 101.963889864188531, 2.71946381174011 ], [ 101.963889354082781, 2.719464655778199 ], [ 101.963964646724563, 2.719510670099905 ], [ 101.964013042524471, 2.719430592768949 ], [ 101.963968709669004, 2.71940349919766 ], [ 101.964001770108482, 2.719346472600005 ], [ 101.963941073530705, 2.719310889950673 ], [ 101.96396517050448, 2.719273016529624 ] ] ] ] } },
{ "type": "Feature", "properties": { "fid": 66404, "latitude": null, "longitude": null, "area_in_meters": null, "confidence": null, "full_plus_code": null, "fid_2": null, "id": null, "Status": "Complete" }, "geometry": { "type": "MultiPolygon", "coordinates": [ [ [ [ 101.96445741473535, 2.719151863871201 ], [ 101.96448182655358, 2.719101431148389 ], [ 101.964492881180689, 2.719108618042859 ], [ 101.964550089975134, 2.719019634781179 ], [ 101.964483490309405, 2.718976336636926 ], [ 101.964426281505197, 2.719065319898611 ], [ 101.964451362654117, 2.719081625791931 ], [ 101.964429563808196, 2.719070955804431 ], [ 101.964403236800507, 2.719125345136078 ], [ 101.96445741473535, 2.719151863871201 ] ] ] ] } },
{ "type": "Feature", "properties": { "fid": 66405, "latitude": null, "longitude": null, "area_in_meters": null, "confidence": null, "full_plus_code": null, "fid_2": null, "id": null, "Status": "Complete" }, "geometry": { "type": "MultiPolygon", "coordinates": [ [ [ [ 101.964296674557787, 2.718902392997677 ], [ 101.964300069826749, 2.718869940619276 ], [ 101.964228268530178, 2.718862344304678 ], [ 101.964225756944046, 2.718886350323949 ], [ 101.964181414945614, 2.718864909570005 ], [ 101.96415535930835, 2.718919399926821 ], [ 101.964258185308864, 2.71896911953345 ], [ 101.964284240937701, 2.718914629178346 ], [ 101.96424836498133, 2.718897282022595 ], [ 101.964296674557787, 2.718902392997677 ] ] ] ] } },
{ "type": "Feature", "properties": { "fid": 66406, "latitude": null, "longitude": null, "area_in_meters": null, "confidence": null, "full_plus_code": null, "fid_2": null, "id": null, "Status": "Complete" }, "geometry": { "type": "MultiPolygon", "coordinates": [ [ [ [ 101.964440651485091, 2.719296828690377 ], [ 101.965202634930577, 2.719741376278998 ], [ 101.965102787269075, 2.71991444076552 ], [ 101.964340803613197, 2.719469893193907 ], [ 101.964440651485091, 2.719296828690377 ] ] ] ] } },
{ "type": "Feature", "properties": { "fid": 66407, "latitude": null, "longitude": null, "area_in_meters": null, "confidence": null, "full_plus_code": null, "fid_2": null, "id": null, "Status": "Complete" }, "geometry": { "type": "MultiPolygon", "coordinates": [ [ [ [ 101.965205866528208, 2.719708052589457 ], [ 101.964463761298688, 2.719263455869657 ], [ 101.964560194348508, 2.719100688599036 ], [ 101.965302299383708, 2.719545285330872 ], [ 101.965205866528208, 2.719708052589457 ] ] ] ] } },
{ "type": "Feature", "properties": { "fid": 66408, "latitude": null, "longitude": null, "area_in_meters": null, "confidence": null, "full_plus_code": null, "fid_2": null, "id": null, "Status": "Complete" }, "geometry": { "type": "MultiPolygon", "coordinates": [ [ [ [ 101.964984819153926, 2.720087287474741 ], [ 101.964959416188705, 2.720072234432365 ], [ 101.964986615813729, 2.720026487805685 ], [ 101.964917866488392, 2.71998515310295 ], [ 101.96495680339865, 2.71992077817632 ], [ 101.964327487461148, 2.719535870994168 ], [ 101.964313780809661, 2.719558532351586 ], [ 101.964299914141066, 2.719550375936842 ], [ 101.964272659808771, 2.719597230368041 ], [ 101.964271049721376, 2.719596262322411 ], [ 101.964209721538907, 2.719699409046712 ], [ 101.964919579651166, 2.720126202597915 ], [ 101.964918128997709, 2.720128678113827 ], [ 101.964949626743874, 2.720147342740287 ], [ 101.964984819153926, 2.720087287474741 ] ] ] ] } },
{ "type": "Feature", "properties": { "fid": 66409, "latitude": null, "longitude": null, "area_in_meters": null, "confidence": null, "full_plus_code": null, "fid_2": null, "id": null, "Status": "Complete" }, "geometry": { "type": "MultiPolygon", "coordinates": [ [ [ [ 101.964184449158523, 2.71975166613776 ], [ 101.964084322872878, 2.719902944864622 ], [ 101.964158263620476, 2.719952432429824 ], [ 101.96416301250548, 2.719945257436687 ], [ 101.964763364530342, 2.72029994490005 ], [ 101.964783770491536, 2.720265018048426 ], [ 101.964826282275951, 2.720287573616175 ], [ 101.964892300663934, 2.720161749961767 ], [ 101.964929471747624, 2.720183851058028 ], [ 101.964949632173017, 2.720149563774178 ], [ 101.964785950431533, 2.72005224226005 ], [ 101.964767601434289, 2.720083448794369 ], [ 101.964255741019514, 2.719781042010206 ], [ 101.964248038487796, 2.719794225645815 ], [ 101.964184449158523, 2.71975166613776 ] ] ] ] } },
{ "type": "Feature", "properties": { "fid": 66410, "latitude": null, "longitude": null, "area_in_meters": null, "confidence": null, "full_plus_code": null, "fid_2": null, "id": null, "Status": "Complete" }, "geometry": { "type": "MultiPolygon", "coordinates": [ [ [ [ 101.965140374138443, 2.720022492602645 ], [ 101.96504906924892, 2.720168196879072 ], [ 101.965105372777259, 2.720203874767558 ], [ 101.965076690146716, 2.720250718712181 ], [ 101.965024890421049, 2.720216009161059 ], [ 101.964948970319512, 2.720330580765868 ], [ 101.965020870881645, 2.720378759317898 ], [ 101.965020980715721, 2.720423686735317 ], [ 101.965115361512474, 2.72042345340879 ], [ 101.965131439530808, 2.720433408372164 ], [ 101.965580222459153, 2.719700464118825 ], [ 101.96545941294724, 2.719625662874029 ], [ 101.965415482095437, 2.719697409933151 ], [ 101.965366997446239, 2.719665454437409 ], [ 101.965148052964267, 2.720001373675848 ], [ 101.965205985417214, 2.720039556054619 ], [ 101.965195171967252, 2.720057216382201 ], [ 101.965140374138443, 2.720022492602645 ] ] ] ] } },
{ "type": "Feature", "properties": { "fid": 66411, "latitude": null, "longitude": null, "area_in_meters": null, "confidence": null, "full_plus_code": null, "fid_2": null, "id": null, "Status": "Complete" }, "geometry": { "type": "MultiPolygon", "coordinates": [ [ [ [ 101.965427713167315, 2.720559275518049 ], [ 101.965422274474307, 2.720429872165406 ], [ 101.965401986737191, 2.72043073439465 ], [ 101.965399738009467, 2.720409424057381 ], [ 101.965186654001982, 2.72043216134418 ], [ 101.965192853093697, 2.72049090786483 ], [ 101.965202448906439, 2.720489883936009 ], [ 101.965205761809187, 2.720568708481431 ], [ 101.965427713167315, 2.720559275518049 ] ] ] ] } },
{ "type": "Feature", "properties": { "fid": 66412, "latitude": null, "longitude": null, "area_in_meters": null, "confidence": null, "full_plus_code": null, "fid_2": null, "id": null, "Status": "Complete" }, "geometry": { "type": "MultiPolygon", "coordinates": [ [ [ [ 101.965746796952075, 2.719876020584735 ], [ 101.965751832660757, 2.719878834074289 ], [ 101.965814503254677, 2.719765405810555 ], [ 101.965675581916585, 2.719687789363265 ], [ 101.965674336407744, 2.719690043623895 ], [ 101.965639778232344, 2.719668111732504 ], [ 101.965219701492288, 2.720337449764762 ], [ 101.965212211482111, 2.720333494314094 ], [ 101.965182136170384, 2.720391083147074 ], [ 101.965233770330514, 2.720418350980493 ], [ 101.965234116343879, 2.720422049292626 ], [ 101.965239762003591, 2.720421515163717 ], [ 101.965240742405697, 2.720422032910908 ], [ 101.965241077807121, 2.720421390677166 ], [ 101.965363242546204, 2.720409832821729 ], [ 101.965384312498998, 2.720423898997717 ], [ 101.965393037605381, 2.72041068299881 ], [ 101.965408602624962, 2.720421617895203 ], [ 101.965509846516468, 2.720275889044975 ], [ 101.965490841994267, 2.720262537791128 ], [ 101.965704492538151, 2.719938919346672 ], [ 101.965643967336618, 2.719898513048189 ], [ 101.965672900042975, 2.719852412504625 ], [ 101.965743011494865, 2.719884408496716 ], [ 101.965746796952075, 2.719876020584735 ] ] ] ] } },
{ "type": "Feature", "properties": { "fid": 66413, "latitude": null, "longitude": null, "area_in_meters": null, "confidence": null, "full_plus_code": null, "fid_2": null, "id": null, "Status": "Complete" }, "geometry": { "type": "MultiPolygon", "coordinates": [ [ [ [ 101.965058979909287, 2.721059922782304 ], [ 101.965111213588742, 2.72096873069517 ], [ 101.965175201438427, 2.721005792982289 ], [ 101.965122967768266, 2.721096985068626 ], [ 101.965058979909287, 2.721059922782304 ] ] ] ] } },
{ "type": "Feature", "properties": { "fid": 66414, "latitude": null, "longitude": null, "area_in_meters": null, "confidence": null, "full_plus_code": null, "fid_2": null, "id": null, "Status": "Complete" }, "geometry": { "type": "MultiPolygon", "coordinates": [ [ [ [ 101.965335879729338, 2.720940412059469 ], [ 101.965554773394217, 2.721035375725395 ], [ 101.965607440606291, 2.720912615565589 ], [ 101.965388546980435, 2.720817651889264 ], [ 101.965335879729338, 2.720940412059469 ] ] ] ] } },
{ "type": "Feature", "properties": { "fid": 66415, "latitude": null, "longitude": null, "area_in_meters": null, "confidence": null, "full_plus_code": null, "fid_2": null, "id": null, "Status": "Complete" }, "geometry": { "type": "MultiPolygon", "coordinates": [ [ [ [ 101.965656873592053, 2.721014023277591 ], [ 101.965756837068483, 2.721022104964714 ], [ 101.965762922020332, 2.720945995652568 ], [ 101.965662958551263, 2.720937913959079 ], [ 101.965656873592053, 2.721014023277591 ] ] ] ] } },
{ "type": "Feature", "properties": { "fid": 66416, "latitude": null, "longitude": null, "area_in_meters": null, "confidence": null, "full_plus_code": null, "fid_2": null, "id": null, "Status": "Complete" }, "geometry": { "type": "MultiPolygon", "coordinates": [ [ [ [ 101.965770560692079, 2.720763319205241 ], [ 101.965816941756344, 2.720762649239314 ], [ 101.965816514840185, 2.720732762959502 ], [ 101.965770133777042, 2.720733432924154 ], [ 101.965770560692079, 2.720763319205241 ] ] ] ] } },
{ "type": "Feature", "properties": { "fid": 66417, "latitude": null, "longitude": null, "area_in_meters": null, "confidence": null, "full_plus_code": null, "fid_2": null, "id": null, "Status": "Complete" }, "geometry": { "type": "MultiPolygon", "coordinates": [ [ [ [ 101.965488122562959, 2.72065018904309 ], [ 101.965559483984364, 2.720477881512721 ], [ 101.96570731482268, 2.720539792228128 ], [ 101.965635953437825, 2.720712099748034 ], [ 101.965488122562959, 2.72065018904309 ] ] ] ] } },
{ "type": "Feature", "properties": { "fid": 66418, "latitude": null, "longitude": null, "area_in_meters": null, "confidence": null, "full_plus_code": null, "fid_2": null, "id": null, "Status": "Complete" }, "geometry": { "type": "MultiPolygon", "coordinates": [ [ [ [ 101.965555166674491, 2.720292990101241 ], [ 101.965598771938147, 2.720286219149985 ], [ 101.965591473386212, 2.720238689157283 ], [ 101.965547868123664, 2.720245460106441 ], [ 101.965555166674491, 2.720292990101241 ] ] ] ] } },
{ "type": "Feature", "properties": { "fid": 66419, "latitude": null, "longitude": null, "area_in_meters": null, "confidence": null, "full_plus_code": null, "fid_2": null, "id": null, "Status": "Complete" }, "geometry": { "type": "MultiPolygon", "coordinates": [ [ [ [ 101.965395793210448, 2.721280083996992 ], [ 101.965397131303277, 2.721232152466949 ], [ 101.965346381015877, 2.721230719799648 ], [ 101.965350311083142, 2.721172499462607 ], [ 101.965295024923989, 2.72116872562452 ], [ 101.965287564751861, 2.72127924114222 ], [ 101.965342850916812, 2.721283014975122 ], [ 101.965343149086195, 2.721278597869469 ], [ 101.965395793210448, 2.721280083996992 ] ] ] ] } },
{ "type": "Feature", "properties": { "fid": 66420, "latitude": null, "longitude": null, "area_in_meters": null, "confidence": null, "full_plus_code": null, "fid_2": null, "id": null, "Status": "Complete" }, "geometry": { "type": "MultiPolygon", "coordinates": [ [ [ [ 101.965815369824725, 2.721158636056682 ], [ 101.965819398176279, 2.721089692119926 ], [ 101.965738216691349, 2.721084895559224 ], [ 101.965738120910245, 2.721086534819884 ], [ 101.965528946249535, 2.721086523659938 ], [ 101.965528942818352, 2.721151480486538 ], [ 101.965613302995536, 2.72115148498237 ], [ 101.965611331619797, 2.721191972753534 ], [ 101.965515827592213, 2.721193706283156 ], [ 101.965513821771665, 2.721168302095876 ], [ 101.965486634068043, 2.721170472798227 ], [ 101.965488632556827, 2.721195784133443 ], [ 101.965471237079001, 2.721196608171232 ], [ 101.965474150042624, 2.721258790261168 ], [ 101.965512159025579, 2.721256989742897 ], [ 101.965512259422155, 2.721262582836464 ], [ 101.965567488969342, 2.721261580340674 ], [ 101.965529821953012, 2.721267287071198 ], [ 101.965536678581927, 2.721313051238867 ], [ 101.965586403653418, 2.721305517654035 ], [ 101.965586953402664, 2.721324032119395 ], [ 101.965644147610476, 2.721322314813847 ], [ 101.965643865152074, 2.721339438672255 ], [ 101.965759826705465, 2.72134137288293 ], [ 101.965760825610246, 2.721280814566749 ], [ 101.965798333409538, 2.721281864663666 ], [ 101.965801767424935, 2.721157832367677 ], [ 101.965815369824725, 2.721158636056682 ] ] ] ] } },
{ "type": "Feature", "properties": { "fid": 66421, "latitude": null, "longitude": null, "area_in_meters": null, "confidence": null, "full_plus_code": null, "fid_2": null, "id": null, "Status": "Complete" }, "geometry": { "type": "MultiPolygon", "coordinates": [ [ [ [ 101.96551553088895, 2.721078819130581 ], [ 101.965522809889308, 2.721060996805615 ], [ 101.965516914616117, 2.721058562065508 ], [ 101.965516954675238, 2.721058301812516 ], [ 101.965515879105027, 2.721058134400784 ], [ 101.965433267044347, 2.721024015727928 ], [ 101.965429626367609, 2.721032929768718 ], [ 101.965308174424919, 2.720971740049792 ], [ 101.96525175045214, 2.721084988131248 ], [ 101.965386647469714, 2.721152951709919 ], [ 101.965419044715503, 2.721087927445796 ], [ 101.965447435010944, 2.721092346373751 ], [ 101.965417592191585, 2.721162314626989 ], [ 101.965472736166461, 2.721186098247818 ], [ 101.965478473797504, 2.721172646030596 ], [ 101.965485540588318, 2.721174917595031 ], [ 101.965508754303599, 2.72110189067515 ], [ 101.9655102104267, 2.721102117319606 ], [ 101.965511645096882, 2.721092796666417 ], [ 101.965512390596288, 2.721090451435395 ], [ 101.965512024211549, 2.721090333663867 ], [ 101.965513900233347, 2.721078145671983 ], [ 101.96551553088895, 2.721078819130581 ] ] ] ] } },
{ "type": "Feature", "properties": { "fid": 66422, "latitude": null, "longitude": null, "area_in_meters": null, "confidence": null, "full_plus_code": null, "fid_2": null, "id": null, "Status": "Complete" }, "geometry": { "type": "MultiPolygon", "coordinates": [ [ [ [ 101.965873749961148, 2.720883614889654 ], [ 101.965940495684009, 2.720933919419876 ], [ 101.966002687363058, 2.720850476401499 ], [ 101.965931585842611, 2.72079688901256 ], [ 101.966018303259574, 2.72067132993698 ], [ 101.965952994080737, 2.72062571847492 ], [ 101.965943848175172, 2.720638960927224 ], [ 101.965924283875651, 2.720626900000403 ], [ 101.965899535286738, 2.720667495283553 ], [ 101.965916793069937, 2.720678134297003 ], [ 101.965806633824897, 2.720837635019825 ], [ 101.965808736435832, 2.720839103467744 ], [ 101.96578355397034, 2.720883223535026 ], [ 101.965851567517277, 2.720922478879847 ], [ 101.965873749961148, 2.720883614889654 ] ] ] ] } },
{ "type": "Feature", "properties": { "fid": 66423, "latitude": null, "longitude": null, "area_in_meters": null, "confidence": null, "full_plus_code": null, "fid_2": null, "id": null, "Status": "Complete" }, "geometry": { "type": "MultiPolygon", "coordinates": [ [ [ [ 101.9659781929915, 2.720543477481816 ], [ 101.965950247575648, 2.72052577646813 ], [ 101.965948000264177, 2.720529364177793 ], [ 101.965947788252166, 2.720529115879321 ], [ 101.965908865032887, 2.720562723421723 ], [ 101.965828010091784, 2.720506106013753 ], [ 101.965798360734468, 2.720548922733346 ], [ 101.965755866899286, 2.720520695077524 ], [ 101.965724804630639, 2.720567980337537 ], [ 101.965771261607742, 2.720598840613017 ], [ 101.965745946024299, 2.720632893644339 ], [ 101.965843861011578, 2.72070650126602 ], [ 101.965875202343099, 2.720664342743014 ], [ 101.96587147929057, 2.720661543936966 ], [ 101.96588312792305, 2.720643811529028 ], [ 101.965899505411244, 2.720655279607821 ], [ 101.965945724866472, 2.720588533943717 ], [ 101.965941212827516, 2.720585374459004 ], [ 101.965972648928414, 2.720558231530239 ], [ 101.965970515940029, 2.720555733474898 ], [ 101.9659781929915, 2.720543477481816 ] ] ] ] } },
{ "type": "Feature", "properties": { "fid": 66425, "latitude": null, "longitude": null, "area_in_meters": null, "confidence": null, "full_plus_code": null, "fid_2": null, "id": null, "Status": "Complete" }, "geometry": { "type": "MultiPolygon", "coordinates": [ [ [ [ 101.965968240324955, 2.720537949482041 ], [ 101.965996113261355, 2.72049544489641 ], [ 101.965934011417161, 2.720454264247863 ], [ 101.96594113334524, 2.720439735615306 ], [ 101.965941516879681, 2.720439758276406 ], [ 101.965941570285338, 2.720438844263691 ], [ 101.965959420305381, 2.72040243047526 ], [ 101.965960616505001, 2.720402496573135 ], [ 101.965960770642738, 2.720399675806133 ], [ 101.96596457016588, 2.720391924832663 ], [ 101.965956289134155, 2.720387819966432 ], [ 101.965954987051703, 2.720390476196159 ], [ 101.965946209453477, 2.720389991176192 ], [ 101.965942537469971, 2.720388300407726 ], [ 101.965941876603253, 2.720389751757752 ], [ 101.96591452526701, 2.720388240416736 ], [ 101.965905371139982, 2.720331482992545 ], [ 101.96591008739702, 2.720321134962043 ], [ 101.965845054010359, 2.720291162807354 ], [ 101.965766514399817, 2.720463488048732 ], [ 101.965831547803077, 2.720493460199572 ], [ 101.965847701026192, 2.720458018101245 ], [ 101.965968240324955, 2.720537949482041 ] ], [ [ 101.965916430786905, 2.720400055022396 ], [ 101.965916682028137, 2.720400068905122 ], [ 101.965916615809761, 2.720401202201217 ], [ 101.965916430786905, 2.720400055022396 ] ] ] ] } },
{ "type": "Feature", "properties": { "fid": 66426, "latitude": null, "longitude": null, "area_in_meters": null, "confidence": null, "full_plus_code": null, "fid_2": null, "id": null, "Status": "Complete" }, "geometry": { "type": "MultiPolygon", "coordinates": [ [ [ [ 101.965982638467722, 2.720336378543025 ], [ 101.966023039752372, 2.720360454556844 ], [ 101.966069764684917, 2.72028116770166 ], [ 101.965824794318777, 2.720135184453723 ], [ 101.965790440121324, 2.720193479551883 ], [ 101.965765687726829, 2.720178683668567 ], [ 101.965737772534411, 2.720225907229217 ], [ 101.965836756503151, 2.720285075449429 ], [ 101.965852332279297, 2.720258726220336 ], [ 101.965867266917243, 2.720267626099448 ], [ 101.965853335224352, 2.720290587068954 ], [ 101.965967807153987, 2.720360822194352 ], [ 101.965982638467722, 2.720336378543025 ] ] ] ] } },
{ "type": "Feature", "properties": { "fid": 66427, "latitude": null, "longitude": null, "area_in_meters": null, "confidence": null, "full_plus_code": null, "fid_2": null, "id": null, "Status": "Complete" }, "geometry": { "type": "MultiPolygon", "coordinates": [ [ [ [ 101.965616179405131, 2.720179010642094 ], [ 101.965588672649261, 2.720220723262746 ], [ 101.965626441266295, 2.72024590842618 ], [ 101.965615920350245, 2.720263839745761 ], [ 101.965618379297695, 2.720265298668248 ], [ 101.965592731992118, 2.72030011562128 ], [ 101.965694517566732, 2.720375934770761 ], [ 101.965728073544355, 2.720330381556893 ], [ 101.965781813483787, 2.720362266095973 ], [ 101.965821869597875, 2.720293996442281 ], [ 101.965655976482495, 2.720195570090817 ], [ 101.965651768298898, 2.720202742307066 ], [ 101.965616179405131, 2.720179010642094 ] ] ] ] } },
{ "type": "Feature", "properties": { "fid": 66428, "latitude": null, "longitude": null, "area_in_meters": null, "confidence": null, "full_plus_code": null, "fid_2": null, "id": null, "Status": "Complete" }, "geometry": { "type": "MultiPolygon", "coordinates": [ [ [ [ 101.965948780180668, 2.719867141217364 ], [ 101.965956077650191, 2.71985445287465 ], [ 101.965901887490077, 2.7198229369563 ], [ 101.965897257954367, 2.719830986476347 ], [ 101.965810220277561, 2.719820387277239 ], [ 101.965801234572368, 2.719895002689388 ], [ 101.965794163818586, 2.719880697391009 ], [ 101.96571438682426, 2.719920571257639 ], [ 101.965805393648395, 2.720104693045781 ], [ 101.965881362736127, 2.720066722416933 ], [ 101.965934516362566, 2.720189424372847 ], [ 101.966099181374517, 2.72011729288884 ], [ 101.965999225745236, 2.719886551349922 ], [ 101.965986347952892, 2.719892192461546 ], [ 101.965948780180668, 2.719867141217364 ] ], [ [ 101.965838492126963, 2.719970380853061 ], [ 101.965839691517985, 2.719970526911306 ], [ 101.965847685572044, 2.719988980705228 ], [ 101.965838492126963, 2.719970380853061 ] ] ] ] } },
{ "type": "Feature", "properties": { "fid": 66429, "latitude": null, "longitude": null, "area_in_meters": null, "confidence": null, "full_plus_code": null, "fid_2": null, "id": null, "Status": "Complete" }, "geometry": { "type": "MultiPolygon", "coordinates": [ [ [ [ 101.965177750786609, 2.720855848039748 ], [ 101.965251310078813, 2.720679092938851 ], [ 101.965324004478873, 2.720709684948404 ], [ 101.965250445205143, 2.720886440044064 ], [ 101.965177750786609, 2.720855848039748 ] ] ] ] } },
{ "type": "Feature", "properties": { "fid": 66430, "latitude": null, "longitude": null, "area_in_meters": null, "confidence": null, "full_plus_code": null, "fid_2": null, "id": null, "Status": "Complete" }, "geometry": { "type": "MultiPolygon", "coordinates": [ [ [ [ 101.965028517696851, 2.720796248760439 ], [ 101.965137345437313, 2.720590532841131 ], [ 101.965202007906313, 2.720625124032171 ], [ 101.965093180186514, 2.720830839948595 ], [ 101.965028517696851, 2.720796248760439 ] ] ] ] } },
{ "type": "Feature", "properties": { "fid": 66431, "latitude": null, "longitude": null, "area_in_meters": null, "confidence": null, "full_plus_code": null, "fid_2": null, "id": null, "Status": "Complete" }, "geometry": { "type": "MultiPolygon", "coordinates": [ [ [ [ 101.964941239205004, 2.720782027744121 ], [ 101.965004984353342, 2.720656380973389 ], [ 101.965061932551933, 2.720685596739024 ], [ 101.964998187414551, 2.720811243507931 ], [ 101.964941239205004, 2.720782027744121 ] ] ] ] } },
{ "type": "Feature", "properties": { "fid": 66432, "latitude": null, "longitude": null, "area_in_meters": null, "confidence": null, "full_plus_code": null, "fid_2": null, "id": null, "Status": "Complete" }, "geometry": { "type": "MultiPolygon", "coordinates": [ [ [ [ 101.964918045260092, 2.720780974564806 ], [ 101.964981776836723, 2.720649775208204 ], [ 101.964826945501002, 2.720573720961586 ], [ 101.964763213893676, 2.720704920324131 ], [ 101.964918045260092, 2.720780974564806 ] ] ] ] } },
{ "type": "Feature", "properties": { "fid": 66433, "latitude": null, "longitude": null, "area_in_meters": null, "confidence": null, "full_plus_code": null, "fid_2": null, "id": null, "Status": "Complete" }, "geometry": { "type": "MultiPolygon", "coordinates": [ [ [ [ 101.964521682975061, 2.721465729265009 ], [ 101.964519798133338, 2.721464309925233 ], [ 101.964548546733567, 2.721420439372975 ], [ 101.964543835322189, 2.721417317353363 ], [ 101.964549523452561, 2.721368242327974 ], [ 101.964410335220677, 2.721351928613792 ], [ 101.964403791377151, 2.721408386343546 ], [ 101.964382932950244, 2.721436396204544 ], [ 101.964485827152458, 2.721513878479326 ], [ 101.964489503517427, 2.721508941649771 ], [ 101.964490233671924, 2.721509425487023 ], [ 101.964498228905867, 2.721497224707653 ], [ 101.964521682975061, 2.721465729265009 ] ], [ [ 101.964464272181942, 2.721422497294116 ], [ 101.964459635535334, 2.721419005766467 ], [ 101.964466066280195, 2.721419759488836 ], [ 101.964464272181942, 2.721422497294116 ] ] ] ] } },
{ "type": "Feature", "properties": { "fid": 66434, "latitude": null, "longitude": null, "area_in_meters": null, "confidence": null, "full_plus_code": null, "fid_2": null, "id": null, "Status": "Complete" }, "geometry": { "type": "MultiPolygon", "coordinates": [ [ [ [ 101.964596621993906, 2.721209320939991 ], [ 101.964643042164369, 2.721235387486699 ], [ 101.964614484304676, 2.721288123977808 ], [ 101.964647629482116, 2.72130627394237 ], [ 101.964632278735891, 2.721339164081619 ], [ 101.96469418208585, 2.721368379954593 ], [ 101.964816126226964, 2.721107105327667 ], [ 101.964756286157183, 2.721078863223257 ], [ 101.964734317543019, 2.721066833426808 ], [ 101.96473148509844, 2.721072063972449 ], [ 101.96468678184435, 2.721046961526592 ], [ 101.964596621993906, 2.721209320939991 ] ] ] ] } },
{ "type": "Feature", "properties": { "fid": 66435, "latitude": null, "longitude": null, "area_in_meters": null, "confidence": null, "full_plus_code": null, "fid_2": null, "id": null, "Status": "Complete" }, "geometry": { "type": "MultiPolygon", "coordinates": [ [ [ [ 101.964819664358842, 2.72119433263935 ], [ 101.964855559535195, 2.721217411837629 ], [ 101.964845208212239, 2.721253127236167 ], [ 101.964903355671098, 2.721270168903539 ], [ 101.964891815234751, 2.721294711451029 ], [ 101.964899431979219, 2.721298333155002 ], [ 101.964899494908082, 2.721324066514162 ], [ 101.964953271697453, 2.721323933530894 ], [ 101.964960242017469, 2.721327247864966 ], [ 101.96503604801805, 2.721166034486323 ], [ 101.96496762125183, 2.721133498068868 ], [ 101.964958833709687, 2.72115218615519 ], [ 101.964879070871604, 2.72110090175351 ], [ 101.964819664358842, 2.72119433263935 ] ] ] ] } },
{ "type": "Feature", "properties": { "fid": 66436, "latitude": null, "longitude": null, "area_in_meters": null, "confidence": null, "full_plus_code": null, "fid_2": null, "id": null, "Status": "Complete" }, "geometry": { "type": "MultiPolygon", "coordinates": [ [ [ [ 101.964820966132976, 2.720823414480306 ], [ 101.964820098462397, 2.720841769596422 ], [ 101.964760563865994, 2.720961268768813 ], [ 101.964822361327407, 2.720992401436343 ], [ 101.964814411586048, 2.720990387471821 ], [ 101.964797246183281, 2.721058904168789 ], [ 101.964858023153468, 2.721074301226947 ], [ 101.964872245396123, 2.721017532308887 ], [ 101.964881190754497, 2.721022038851095 ], [ 101.964949326122408, 2.720885275971952 ], [ 101.964929218306708, 2.720875145942288 ], [ 101.964931414145539, 2.720828694029422 ], [ 101.964820966132976, 2.720823414480306 ] ] ] ] } },
{ "type": "Feature", "properties": { "fid": 66437, "latitude": null, "longitude": null, "area_in_meters": null, "confidence": null, "full_plus_code": null, "fid_2": null, "id": null, "Status": "Complete" }, "geometry": { "type": "MultiPolygon", "coordinates": [ [ [ [ 101.96506216045195, 2.720554071448313 ], [ 101.965035492522517, 2.720536288528767 ], [ 101.965070818724911, 2.72048186601319 ], [ 101.965027135447627, 2.720453192875115 ], [ 101.965004073115537, 2.720488722026334 ], [ 101.964958118632694, 2.720458823632076 ], [ 101.964954838235599, 2.720463922198059 ], [ 101.964901721074725, 2.720427868388473 ], [ 101.964859908031613, 2.720490161080806 ], [ 101.96491423223695, 2.720527034180381 ], [ 101.96488440721825, 2.720573389795711 ], [ 101.964944978875153, 2.720612798245645 ], [ 101.964949726285909, 2.720605419568598 ], [ 101.964978401357399, 2.720624241510174 ], [ 101.965015904058774, 2.720566465943847 ], [ 101.965042355568102, 2.720584104547568 ], [ 101.96506216045195, 2.720554071448313 ] ] ] ] } },
{ "type": "Feature", "properties": { "fid": 66438, "latitude": null, "longitude": null, "area_in_meters": null, "confidence": null, "full_plus_code": null, "fid_2": null, "id": null, "Status": "Complete" }, "geometry": { "type": "MultiPolygon", "coordinates": [ [ [ [ 101.963847696282102, 2.720685894212443 ], [ 101.963883644499944, 2.720709126388812 ], [ 101.963896841277375, 2.720688477491576 ], [ 101.963860893060755, 2.7206652453152 ], [ 101.963847696282102, 2.720685894212443 ] ] ] ] } },
{ "type": "Feature", "properties": { "fid": 66439, "latitude": null, "longitude": null, "area_in_meters": null, "confidence": null, "full_plus_code": null, "fid_2": null, "id": null, "Status": "Complete" }, "geometry": { "type": "MultiPolygon", "coordinates": [ [ [ [ 101.963547614211649, 2.72080934881483 ], [ 101.963698007417293, 2.720891711250814 ], [ 101.963748124341407, 2.720799172230967 ], [ 101.963597731157535, 2.720716809792285 ], [ 101.963547614211649, 2.72080934881483 ] ] ] ] } },
{ "type": "Feature", "properties": { "fid": 66440, "latitude": null, "longitude": null, "area_in_meters": null, "confidence": null, "full_plus_code": null, "fid_2": null, "id": null, "Status": "Complete" }, "geometry": { "type": "MultiPolygon", "coordinates": [ [ [ [ 101.963862812576266, 2.720770811996685 ], [ 101.964027045356062, 2.720867576987063 ], [ 101.964091896666716, 2.720756275279477 ], [ 101.963927663916166, 2.720659510286945 ], [ 101.963862812576266, 2.720770811996685 ] ] ] ] } },
{ "type": "Feature", "properties": { "fid": 66441, "latitude": null, "longitude": null, "area_in_meters": null, "confidence": null, "full_plus_code": null, "fid_2": null, "id": null, "Status": "Complete" }, "geometry": { "type": "MultiPolygon", "coordinates": [ [ [ [ 101.964714514672536, 2.7206459938375 ], [ 101.964747049392813, 2.720628145026923 ], [ 101.964729626814076, 2.720596031220595 ], [ 101.964697092093388, 2.720613880030041 ], [ 101.964714514672536, 2.7206459938375 ] ] ] ] } },
{ "type": "Feature", "properties": { "fid": 66442, "latitude": null, "longitude": null, "area_in_meters": null, "confidence": null, "full_plus_code": null, "fid_2": null, "id": null, "Status": "Complete" }, "geometry": { "type": "MultiPolygon", "coordinates": [ [ [ [ 101.96463844929194, 2.720701152811033 ], [ 101.964669243339671, 2.720648882060924 ], [ 101.964633675196168, 2.720627693044874 ], [ 101.964602881145453, 2.720679963795179 ], [ 101.96463844929194, 2.720701152811033 ] ] ] ] } },
{ "type": "Feature", "properties": { "fid": 66443, "latitude": null, "longitude": null, "area_in_meters": null, "confidence": null, "full_plus_code": null, "fid_2": null, "id": null, "Status": "Complete" }, "geometry": { "type": "MultiPolygon", "coordinates": [ [ [ [ 101.964666459402764, 2.72063944948951 ], [ 101.964707716215671, 2.720575492376662 ], [ 101.964684131324717, 2.720560107915624 ], [ 101.964642874509323, 2.720624065028466 ], [ 101.964666459402764, 2.72063944948951 ] ] ] ] } },
{ "type": "Feature", "properties": { "fid": 66444, "latitude": null, "longitude": null, "area_in_meters": null, "confidence": null, "full_plus_code": null, "fid_2": null, "id": null, "Status": "Complete" }, "geometry": { "type": "MultiPolygon", "coordinates": [ [ [ [ 101.96441372087348, 2.72092992105412 ], [ 101.964266616312486, 2.720837555918771 ], [ 101.964347772126672, 2.720706854901166 ], [ 101.964494876656289, 2.720799220037364 ], [ 101.96441372087348, 2.72092992105412 ] ] ] ] } },
{ "type": "Feature", "properties": { "fid": 66445, "latitude": null, "longitude": null, "area_in_meters": null, "confidence": null, "full_plus_code": null, "fid_2": null, "id": null, "Status": "Complete" }, "geometry": { "type": "MultiPolygon", "coordinates": [ [ [ [ 101.964020011229778, 2.721152443927791 ], [ 101.964053969041061, 2.721039086481513 ], [ 101.964133215448257, 2.721063091962669 ], [ 101.964099257648613, 2.721176449403741 ], [ 101.964020011229778, 2.721152443927791 ] ] ] ] } },
{ "type": "Feature", "properties": { "fid": 66446, "latitude": null, "longitude": null, "area_in_meters": null, "confidence": null, "full_plus_code": null, "fid_2": null, "id": null, "Status": "Complete" }, "geometry": { "type": "MultiPolygon", "coordinates": [ [ [ [ 101.963949713177428, 2.721308091150249 ], [ 101.963984172936378, 2.721174187748053 ], [ 101.964088734524907, 2.721201398082704 ], [ 101.964054274783294, 2.721335301476002 ], [ 101.963949713177428, 2.721308091150249 ] ] ] ] } },
{ "type": "Feature", "properties": { "fid": 66447, "latitude": null, "longitude": null, "area_in_meters": null, "confidence": null, "full_plus_code": null, "fid_2": null, "id": null, "Status": "Complete" }, "geometry": { "type": "MultiPolygon", "coordinates": [ [ [ [ 101.963879789199922, 2.721165006314826 ], [ 101.963905332783256, 2.720997809208215 ], [ 101.964001109188629, 2.721012605499736 ], [ 101.963975565622661, 2.721179802594162 ], [ 101.963879789199922, 2.721165006314826 ] ] ] ] } },
{ "type": "Feature", "properties": { "fid": 66448, "latitude": null, "longitude": null, "area_in_meters": null, "confidence": null, "full_plus_code": null, "fid_2": null, "id": null, "Status": "Complete" }, "geometry": { "type": "MultiPolygon", "coordinates": [ [ [ [ 101.963571421571046, 2.721061379162542 ], [ 101.96356933350485, 2.720884810843041 ], [ 101.963486433525176, 2.720885802183953 ], [ 101.963488521579578, 2.721062370516879 ], [ 101.963571421571046, 2.721061379162542 ] ] ] ] } },
{ "type": "Feature", "properties": { "fid": 66449, "latitude": null, "longitude": null, "area_in_meters": null, "confidence": null, "full_plus_code": null, "fid_2": null, "id": null, "Status": "Complete" }, "geometry": { "type": "MultiPolygon", "coordinates": [ [ [ [ 101.963454327143879, 2.721273778858883 ], [ 101.963453423474533, 2.721129968085991 ], [ 101.963394291234081, 2.721130343817347 ], [ 101.963395194896492, 2.721274154598001 ], [ 101.963454327143879, 2.721273778858883 ] ] ] ] } },
{ "type": "Feature", "properties": { "fid": 66450, "latitude": null, "longitude": null, "area_in_meters": null, "confidence": null, "full_plus_code": null, "fid_2": null, "id": null, "Status": "Complete" }, "geometry": { "type": "MultiPolygon", "coordinates": [ [ [ [ 101.963305051762688, 2.721196966290327 ], [ 101.963301859366993, 2.721020400657383 ], [ 101.963394563208141, 2.721018705740335 ], [ 101.963397755616811, 2.721195271358186 ], [ 101.963305051762688, 2.721196966290327 ] ] ] ] } },
{ "type": "Feature", "properties": { "fid": 66451, "latitude": null, "longitude": null, "area_in_meters": null, "confidence": null, "full_plus_code": null, "fid_2": null, "id": null, "Status": "Complete" }, "geometry": { "type": "MultiPolygon", "coordinates": [ [ [ [ 101.963034329596439, 2.721359216793413 ], [ 101.9630352697463, 2.72129202767333 ], [ 101.962993902874786, 2.721291442353412 ], [ 101.962992962722566, 2.721358631475984 ], [ 101.963034329596439, 2.721359216793413 ] ] ] ] } },
{ "type": "Feature", "properties": { "fid": 66452, "latitude": null, "longitude": null, "area_in_meters": null, "confidence": null, "full_plus_code": null, "fid_2": null, "id": null, "Status": "Complete" }, "geometry": { "type": "MultiPolygon", "coordinates": [ [ [ [ 101.963055267401927, 2.721340841377642 ], [ 101.963111036907051, 2.721340703551768 ], [ 101.963110893062279, 2.721281846056351 ], [ 101.96305512355984, 2.72128198387924 ], [ 101.963055267401927, 2.721340841377642 ] ] ] ] } },
{ "type": "Feature", "properties": { "fid": 66453, "latitude": null, "longitude": null, "area_in_meters": null, "confidence": null, "full_plus_code": null, "fid_2": null, "id": null, "Status": "Complete" }, "geometry": { "type": "MultiPolygon", "coordinates": [ [ [ [ 101.962893989355095, 2.721323471525985 ], [ 101.962893266210358, 2.721253510193397 ], [ 101.962919667560499, 2.721253234241444 ], [ 101.962920390706728, 2.72132319557234 ], [ 101.962893989355095, 2.721323471525985 ] ] ] ] } },
{ "type": "Feature", "properties": { "fid": 66454, "latitude": null, "longitude": null, "area_in_meters": null, "confidence": null, "full_plus_code": null, "fid_2": null, "id": null, "Status": "Complete" }, "geometry": { "type": "MultiPolygon", "coordinates": [ [ [ [ 101.962854866383125, 2.721130891987862 ], [ 101.962861777347896, 2.721021488125433 ], [ 101.962804839458244, 2.721017851076789 ], [ 101.962797928487632, 2.721127254944524 ], [ 101.962854866383125, 2.721130891987862 ] ] ] ] } },
{ "type": "Feature", "properties": { "fid": 66455, "latitude": null, "longitude": null, "area_in_meters": null, "confidence": null, "full_plus_code": null, "fid_2": null, "id": null, "Status": "Complete" }, "geometry": { "type": "MultiPolygon", "coordinates": [ [ [ [ 101.962707659959975, 2.721222874107564 ], [ 101.962762885444832, 2.721226069225624 ], [ 101.962763943509032, 2.721207576289559 ], [ 101.962708718025112, 2.721204381170625 ], [ 101.962707659959975, 2.721222874107564 ] ] ] ] } },
{ "type": "Feature", "properties": { "fid": 66456, "latitude": null, "longitude": null, "area_in_meters": null, "confidence": null, "full_plus_code": null, "fid_2": null, "id": null, "Status": "Complete" }, "geometry": { "type": "MultiPolygon", "coordinates": [ [ [ [ 101.962661197339614, 2.721190228397147 ], [ 101.962750110831337, 2.721195561330375 ], [ 101.962759669234686, 2.721034412259477 ], [ 101.962670755756292, 2.721029079313993 ], [ 101.962661197339614, 2.721190228397147 ] ] ] ] } },
{ "type": "Feature", "properties": { "fid": 66457, "latitude": null, "longitude": null, "area_in_meters": null, "confidence": null, "full_plus_code": null, "fid_2": null, "id": null, "Status": "Complete" }, "geometry": { "type": "MultiPolygon", "coordinates": [ [ [ [ 101.962618034229308, 2.721378013937779 ], [ 101.962682095859449, 2.721381742480919 ], [ 101.962690919405901, 2.721228442281263 ], [ 101.962626857784869, 2.721224713729707 ], [ 101.962618034229308, 2.721378013937779 ] ] ] ] } },
{ "type": "Feature", "properties": { "fid": 66458, "latitude": null, "longitude": null, "area_in_meters": null, "confidence": null, "full_plus_code": null, "fid_2": null, "id": null, "Status": "Complete" }, "geometry": { "type": "MultiPolygon", "coordinates": [ [ [ [ 101.962460005397361, 2.72110854656254 ], [ 101.962605958284357, 2.721181480675834 ], [ 101.962656398713889, 2.721079409764235 ], [ 101.962510445849531, 2.721006475646806 ], [ 101.962460005397361, 2.72110854656254 ] ] ] ] } },
{ "type": "Feature", "properties": { "fid": 66459, "latitude": null, "longitude": null, "area_in_meters": null, "confidence": null, "full_plus_code": null, "fid_2": null, "id": null, "Status": "Complete" }, "geometry": { "type": "MultiPolygon", "coordinates": [ [ [ [ 101.963101725734276, 2.72046785351727 ], [ 101.963175353333867, 2.720318861204127 ], [ 101.963301845663693, 2.720382070745867 ], [ 101.963228218092723, 2.720531063053776 ], [ 101.963101725734276, 2.72046785351727 ] ] ] ] } },
{ "type": "Feature", "properties": { "fid": 66460, "latitude": null, "longitude": null, "area_in_meters": null, "confidence": null, "full_plus_code": null, "fid_2": null, "id": null, "Status": "Complete" }, "geometry": { "type": "MultiPolygon", "coordinates": [ [ [ [ 101.96346204360259, 2.720138247827177 ], [ 101.963673215004661, 2.720236562813129 ], [ 101.963741601381614, 2.720088028446945 ], [ 101.963530430026111, 2.719989713450477 ], [ 101.96346204360259, 2.720138247827177 ] ] ] ] } },
{ "type": "Feature", "properties": { "fid": 66461, "latitude": null, "longitude": null, "area_in_meters": null, "confidence": null, "full_plus_code": null, "fid_2": null, "id": null, "Status": "Complete" }, "geometry": { "type": "MultiPolygon", "coordinates": [ [ [ [ 101.963427798049366, 2.720133890332187 ], [ 101.963535530077039, 2.719931508606287 ], [ 101.963469455645978, 2.719895941455574 ], [ 101.963361723597515, 2.720098323184293 ], [ 101.963427798049366, 2.720133890332187 ] ] ] ] } },
{ "type": "Feature", "properties": { "fid": 66462, "latitude": null, "longitude": null, "area_in_meters": null, "confidence": null, "full_plus_code": null, "fid_2": null, "id": null, "Status": "Complete" }, "geometry": { "type": "MultiPolygon", "coordinates": [ [ [ [ 101.963338435814165, 2.719718774647889 ], [ 101.963481099760671, 2.719801711631514 ], [ 101.963552674438219, 2.719677212121787 ], [ 101.963410010520022, 2.719594275135808 ], [ 101.963338435814165, 2.719718774647889 ] ] ] ] } },
{ "type": "Feature", "properties": { "fid": 66463, "latitude": null, "longitude": null, "area_in_meters": null, "confidence": null, "full_plus_code": null, "fid_2": null, "id": null, "Status": "Complete" }, "geometry": { "type": "MultiPolygon", "coordinates": [ [ [ [ 101.963379752325352, 2.719905240831667 ], [ 101.963327796563718, 2.719884269196163 ], [ 101.963378148940592, 2.719758126124844 ], [ 101.963430104692918, 2.719779097763191 ], [ 101.963379752325352, 2.719905240831667 ] ] ] ] } },
{ "type": "Feature", "properties": { "fid": 66464, "latitude": null, "longitude": null, "area_in_meters": null, "confidence": null, "full_plus_code": null, "fid_2": null, "id": null, "Status": "Complete" }, "geometry": { "type": "MultiPolygon", "coordinates": [ [ [ [ 101.963162600536378, 2.720071245534059 ], [ 101.963273640249909, 2.719866634568194 ], [ 101.963352250283961, 2.719909773506092 ], [ 101.963241210595598, 2.720114384468872 ], [ 101.963162600536378, 2.720071245534059 ] ] ] ] } },
{ "type": "Feature", "properties": { "fid": 66465, "latitude": null, "longitude": null, "area_in_meters": null, "confidence": null, "full_plus_code": null, "fid_2": null, "id": null, "Status": "Complete" }, "geometry": { "type": "MultiPolygon", "coordinates": [ [ [ [ 101.963088365245085, 2.719971481615024 ], [ 101.963168602678735, 2.719815809853817 ], [ 101.963241581304487, 2.71985384673941 ], [ 101.963161343888316, 2.720009518497883 ], [ 101.963088365245085, 2.719971481615024 ] ] ] ] } },
{ "type": "Feature", "properties": { "fid": 66466, "latitude": null, "longitude": null, "area_in_meters": null, "confidence": null, "full_plus_code": null, "fid_2": null, "id": null, "Status": "Complete" }, "geometry": { "type": "MultiPolygon", "coordinates": [ [ [ [ 101.962541608368454, 2.719929521524679 ], [ 101.962637396253996, 2.719810458681004 ], [ 101.962700114265502, 2.719861481997353 ], [ 101.962604326393006, 2.719980544843617 ], [ 101.962541608368454, 2.719929521524679 ] ] ] ] } },
{ "type": "Feature", "properties": { "fid": 66467, "latitude": null, "longitude": null, "area_in_meters": null, "confidence": null, "full_plus_code": null, "fid_2": null, "id": null, "Status": "Complete" }, "geometry": { "type": "MultiPolygon", "coordinates": [ [ [ [ 101.962555730846688, 2.721189933722374 ], [ 101.962504877198853, 2.721154993329518 ], [ 101.962507594068953, 2.721150073716865 ], [ 101.962446218695234, 2.721115799044167 ], [ 101.962414694260247, 2.721172882370921 ], [ 101.962420667417476, 2.721176218040824 ], [ 101.962389104670976, 2.721243650664308 ], [ 101.962494139759258, 2.721293364826494 ], [ 101.962513372437527, 2.721252274918714 ], [ 101.962555730846688, 2.721189933722374 ] ] ] ] } },
{ "type": "Feature", "properties": { "fid": 66468, "latitude": null, "longitude": null, "area_in_meters": null, "confidence": null, "full_plus_code": null, "fid_2": null, "id": null, "Status": "Complete" }, "geometry": { "type": "MultiPolygon", "coordinates": [ [ [ [ 101.963285503101602, 2.721105931294648 ], [ 101.963285021431517, 2.720908834473355 ], [ 101.963160782494924, 2.720909141476982 ], [ 101.963160819805651, 2.720924409466836 ], [ 101.963153088706648, 2.72092415258208 ], [ 101.963153035758495, 2.720925763954588 ], [ 101.963107815939381, 2.720926485502568 ], [ 101.963112389456597, 2.721216321354479 ], [ 101.963161815368579, 2.721215532679169 ], [ 101.96316043486415, 2.721128046693952 ], [ 101.963286112317761, 2.721129271052991 ], [ 101.963286337095496, 2.721105939419496 ], [ 101.963285503101602, 2.721105931294648 ] ] ] ] } },
{ "type": "Feature", "properties": { "fid": 66469, "latitude": null, "longitude": null, "area_in_meters": null, "confidence": null, "full_plus_code": null, "fid_2": null, "id": null, "Status": "Complete" }, "geometry": { "type": "MultiPolygon", "coordinates": [ [ [ [ 101.963480691501417, 2.720990529791044 ], [ 101.963448253267288, 2.720990226206742 ], [ 101.963448133385953, 2.721003179257514 ], [ 101.963410928583102, 2.721002846067523 ], [ 101.963410234555539, 2.721081211716807 ], [ 101.963447408109303, 2.721081544624299 ], [ 101.9634473796187, 2.721084623003931 ], [ 101.963479817855415, 2.721084926585477 ], [ 101.963480691501417, 2.720990529791044 ] ] ] ] } },
{ "type": "Feature", "properties": { "fid": 66470, "latitude": null, "longitude": null, "area_in_meters": null, "confidence": null, "full_plus_code": null, "fid_2": null, "id": null, "Status": "Complete" }, "geometry": { "type": "MultiPolygon", "coordinates": [ [ [ [ 101.963590912993467, 2.721094280555659 ], [ 101.963472109146636, 2.721093829838155 ], [ 101.963471440438369, 2.721272070773889 ], [ 101.963472075458924, 2.721272073182925 ], [ 101.963656992297672, 2.721280496347127 ], [ 101.963661662996103, 2.721176809315618 ], [ 101.963590615518982, 2.721173573018644 ], [ 101.963590912993467, 2.721094280555659 ] ] ] ] } },
{ "type": "Feature", "properties": { "fid": 66471, "latitude": null, "longitude": null, "area_in_meters": null, "confidence": null, "full_plus_code": null, "fid_2": null, "id": null, "Status": "Complete" }, "geometry": { "type": "MultiPolygon", "coordinates": [ [ [ [ 101.963443296429716, 2.720879014428664 ], [ 101.963440329542792, 2.720879021760523 ], [ 101.963440550757667, 2.720869652156429 ], [ 101.963322164733128, 2.720866825735481 ], [ 101.963322180789376, 2.7208663481705 ], [ 101.963297063399722, 2.720865494229085 ], [ 101.963293646351715, 2.720967128297078 ], [ 101.963292344871519, 2.720968229480354 ], [ 101.963293560483095, 2.720969682307862 ], [ 101.963293460073118, 2.720972668825722 ], [ 101.963296135472405, 2.720972759783729 ], [ 101.963312281449873, 2.720992056506951 ], [ 101.963314162636649, 2.720990464833466 ], [ 101.963437628794836, 2.720993412526779 ], [ 101.963438205653631, 2.720968979547505 ], [ 101.963453582102417, 2.720968941547511 ], [ 101.963453581850302, 2.720968838384498 ], [ 101.963470700821148, 2.720969454504104 ], [ 101.963474317701468, 2.720867832516292 ], [ 101.963443733588193, 2.720866731777213 ], [ 101.963443296429716, 2.720879014428664 ] ] ] ] } },
{ "type": "Feature", "properties": { "fid": 66472, "latitude": null, "longitude": null, "area_in_meters": null, "confidence": null, "full_plus_code": null, "fid_2": null, "id": null, "Status": "Complete" }, "geometry": { "type": "MultiPolygon", "coordinates": [ [ [ [ 101.963122830401346, 2.720743766959825 ], [ 101.963122494422038, 2.720745101788748 ], [ 101.963102950815468, 2.720743260816203 ], [ 101.963097570187188, 2.720801021437274 ], [ 101.963109719184757, 2.720802165850324 ], [ 101.963120901205073, 2.72085815585159 ], [ 101.963123295538523, 2.72085767230769 ], [ 101.963121521218724, 2.720885917456674 ], [ 101.96326455710728, 2.720895003476353 ], [ 101.963270890013433, 2.720794190625083 ], [ 101.963264278541843, 2.720793770646233 ], [ 101.963267590631958, 2.720780611870433 ], [ 101.963142337099782, 2.720748731877033 ], [ 101.963142499711623, 2.720746986251001 ], [ 101.96313135354643, 2.720745936302312 ], [ 101.963122830401346, 2.720743766959825 ] ] ] ] } },
{ "type": "Feature", "properties": { "fid": 66473, "latitude": null, "longitude": null, "area_in_meters": null, "confidence": null, "full_plus_code": null, "fid_2": null, "id": null, "Status": "Complete" }, "geometry": { "type": "MultiPolygon", "coordinates": [ [ [ [ 101.963644301213094, 2.721083477091567 ], [ 101.963681397626601, 2.721099420460996 ], [ 101.963690232029137, 2.721078634492897 ], [ 101.963693493857605, 2.721078290590316 ], [ 101.963692880099714, 2.721072403996795 ], [ 101.963693229693334, 2.721071581457666 ], [ 101.963692773915042, 2.721071385572363 ], [ 101.963688297835319, 2.721028455188242 ], [ 101.963689774592069, 2.721029024019391 ], [ 101.963720959811695, 2.720947155732533 ], [ 101.963721643932217, 2.72094727380173 ], [ 101.963722235788879, 2.720943806002506 ], [ 101.963728729151057, 2.720926759451494 ], [ 101.963725366241434, 2.720925464093776 ], [ 101.963728960307293, 2.720904405787766 ], [ 101.963630631476576, 2.720887435665672 ], [ 101.963630385241387, 2.720888878402979 ], [ 101.963629529845008, 2.720888548913211 ], [ 101.96359242357839, 2.720985961262778 ], [ 101.9635861511032, 2.720988048107382 ], [ 101.963601299388202, 2.721034090037075 ], [ 101.963590192736788, 2.721060222244386 ], [ 101.963639510396817, 2.721081418085138 ], [ 101.963639774833766, 2.721083954318849 ], [ 101.963644301213094, 2.721083477091567 ] ] ] ] } },
{ "type": "Feature", "properties": { "fid": 66474, "latitude": null, "longitude": null, "area_in_meters": null, "confidence": null, "full_plus_code": null, "fid_2": null, "id": null, "Status": "Complete" }, "geometry": { "type": "MultiPolygon", "coordinates": [ [ [ [ 101.963712623119733, 2.720997730255542 ], [ 101.96371439526672, 2.72099872584402 ], [ 101.963688099704243, 2.721130498593435 ], [ 101.963859358804726, 2.721165056815623 ], [ 101.96388639557567, 2.721029569592435 ], [ 101.96388582921135, 2.721029455306208 ], [ 101.963895453392055, 2.721022265170798 ], [ 101.963871187098604, 2.720989420008224 ], [ 101.963877102754807, 2.720969560604312 ], [ 101.963752771593406, 2.720932110059325 ], [ 101.963749819099206, 2.720942021850226 ], [ 101.963745058816912, 2.720939347533284 ], [ 101.963712623119733, 2.720997730255542 ] ] ] ] } },
{ "type": "Feature", "properties": { "fid": 66475, "latitude": null, "longitude": null, "area_in_meters": null, "confidence": null, "full_plus_code": null, "fid_2": null, "id": null, "Status": "Complete" }, "geometry": { "type": "MultiPolygon", "coordinates": [ [ [ [ 101.963913385736234, 2.7211952906883 ], [ 101.963913535536889, 2.721191020228369 ], [ 101.963854999785809, 2.721188943872365 ], [ 101.963854200797982, 2.72121172107937 ], [ 101.963898224061651, 2.721213282653498 ], [ 101.96389672913746, 2.721222999114246 ], [ 101.96384944283335, 2.721221134918551 ], [ 101.963846952010229, 2.721285024156129 ], [ 101.963929899126398, 2.721288294224109 ], [ 101.963943043666163, 2.721290339243112 ], [ 101.963956632164127, 2.721202018943159 ], [ 101.963913385736234, 2.7211952906883 ] ] ] ] } },
{ "type": "Feature", "properties": { "fid": 66476, "latitude": null, "longitude": null, "area_in_meters": null, "confidence": null, "full_plus_code": null, "fid_2": null, "id": null, "Status": "Complete" }, "geometry": { "type": "MultiPolygon", "coordinates": [ [ [ [ 101.964216591836646, 2.721380725993946 ], [ 101.964233684469733, 2.721322916091897 ], [ 101.964212364535669, 2.721316541774049 ], [ 101.964258317525022, 2.72113191877178 ], [ 101.964250720541884, 2.721130006672198 ], [ 101.964260086898378, 2.721102987375417 ], [ 101.964178294762789, 2.72107431593743 ], [ 101.964166350610398, 2.721108771438737 ], [ 101.964129212478227, 2.721099424069442 ], [ 101.964081640403549, 2.721290551883296 ], [ 101.964148094012884, 2.721307277710378 ], [ 101.964133704829948, 2.72135594411491 ], [ 101.964216591836646, 2.721380725993946 ] ] ] ] } },
{ "type": "Feature", "properties": { "fid": 66477, "latitude": null, "longitude": null, "area_in_meters": null, "confidence": null, "full_plus_code": null, "fid_2": null, "id": null, "Status": "Complete" }, "geometry": { "type": "MultiPolygon", "coordinates": [ [ [ [ 101.96439629841025, 2.721031021826112 ], [ 101.964396154890082, 2.720972315832855 ], [ 101.964407161318249, 2.720957145112559 ], [ 101.964357376204958, 2.720920620885732 ], [ 101.96433183681502, 2.72095582312273 ], [ 101.964297626189349, 2.720930760910278 ], [ 101.9643159130447, 2.72090017868407 ], [ 101.964268355626956, 2.720871422611486 ], [ 101.964234374238856, 2.72092825175727 ], [ 101.964229407638513, 2.720925725263526 ], [ 101.96418147748976, 2.721021002897695 ], [ 101.964335726399668, 2.721099468810602 ], [ 101.964370126620352, 2.721031086526577 ], [ 101.96439629841025, 2.721031021826112 ] ] ] ] } },
{ "type": "Feature", "properties": { "fid": 66478, "latitude": null, "longitude": null, "area_in_meters": null, "confidence": null, "full_plus_code": null, "fid_2": null, "id": null, "Status": "Complete" }, "geometry": { "type": "MultiPolygon", "coordinates": [ [ [ [ 101.963874530342835, 2.720820756649116 ], [ 101.963851639782888, 2.720861174706816 ], [ 101.963849410625471, 2.720860056740686 ], [ 101.963823951666924, 2.720911389424597 ], [ 101.963977092164811, 2.720988192377344 ], [ 101.964002551111406, 2.720936859695594 ], [ 101.963973115497168, 2.720922097158182 ], [ 101.963992308696774, 2.720888207550711 ], [ 101.963874530342835, 2.720820756649116 ] ] ] ] } },
{ "type": "Feature", "properties": { "fid": 66479, "latitude": null, "longitude": null, "area_in_meters": null, "confidence": null, "full_plus_code": null, "fid_2": null, "id": null, "Status": "Complete" }, "geometry": { "type": "MultiPolygon", "coordinates": [ [ [ [ 101.963839280908275, 2.720686675793439 ], [ 101.963869640697453, 2.720627537430372 ], [ 101.963698248712589, 2.720538563734261 ], [ 101.963670506241897, 2.720592603751502 ], [ 101.96360691981981, 2.720542651074297 ], [ 101.963587883378324, 2.720567154844918 ], [ 101.963653850699217, 2.720618977923933 ], [ 101.963630615068809, 2.72065478072426 ], [ 101.963760046327792, 2.720739721855599 ], [ 101.963752115379691, 2.720757659719277 ], [ 101.963810387384456, 2.72078371259866 ], [ 101.96384553237435, 2.720704223218824 ], [ 101.963793938471127, 2.720681156053264 ], [ 101.963799532793487, 2.720666041594773 ], [ 101.963839280908275, 2.720686675793439 ] ], [ [ 101.963681125967, 2.720604573774361 ], [ 101.963677970136303, 2.720613100035413 ], [ 101.963674319774498, 2.720610704432604 ], [ 101.963679669809721, 2.720603817848226 ], [ 101.963681125967, 2.720604573774361 ] ] ] ] } },
{ "type": "Feature", "properties": { "fid": 66480, "latitude": null, "longitude": null, "area_in_meters": null, "confidence": null, "full_plus_code": null, "fid_2": null, "id": null, "Status": "Complete" }, "geometry": { "type": "MultiPolygon", "coordinates": [ [ [ [ 101.964165948342384, 2.720541294729356 ], [ 101.964135961984823, 2.720520528347793 ], [ 101.9641490791401, 2.720502461587921 ], [ 101.964081248830169, 2.720452662101746 ], [ 101.963981089989844, 2.720590614681351 ], [ 101.964048920315733, 2.720640414169135 ], [ 101.964079311066698, 2.720598555824976 ], [ 101.964111477340438, 2.720620831855995 ], [ 101.964165948342384, 2.720541294729356 ] ] ] ] } },
{ "type": "Feature", "properties": { "fid": 66481, "latitude": null, "longitude": null, "area_in_meters": null, "confidence": null, "full_plus_code": null, "fid_2": null, "id": null, "Status": "Complete" }, "geometry": { "type": "MultiPolygon", "coordinates": [ [ [ [ 101.96378561266377, 2.720361774396189 ], [ 101.963757245066375, 2.720413652605099 ], [ 101.963729393991343, 2.720397184844657 ], [ 101.963674939412172, 2.720490313499921 ], [ 101.963929307905985, 2.720640716265861 ], [ 101.963983762447199, 2.720547587613296 ], [ 101.96395205571433, 2.720528840082699 ], [ 101.963983559089797, 2.720471227182319 ], [ 101.96378561266377, 2.720361774396189 ] ] ] ] } },
{ "type": "Feature", "properties": { "fid": 66482, "latitude": null, "longitude": null, "area_in_meters": null, "confidence": null, "full_plus_code": null, "fid_2": null, "id": null, "Status": "Complete" }, "geometry": { "type": "MultiPolygon", "coordinates": [ [ [ [ 101.964603358677252, 2.720802852502502 ], [ 101.964648843991071, 2.720723774944356 ], [ 101.964567548780707, 2.720676489830872 ], [ 101.964591192982112, 2.720631901106555 ], [ 101.964446885999479, 2.720554521129031 ], [ 101.964379981073151, 2.720680691774149 ], [ 101.964524288084107, 2.720758071747767 ], [ 101.964524778631684, 2.720757146662997 ], [ 101.964603358677252, 2.720802852502502 ] ] ] ] } },
{ "type": "Feature", "properties": { "fid": 66483, "latitude": null, "longitude": null, "area_in_meters": null, "confidence": null, "full_plus_code": null, "fid_2": null, "id": null, "Status": "Complete" }, "geometry": { "type": "MultiPolygon", "coordinates": [ [ [ [ 101.964701338274381, 2.720451129466189 ], [ 101.964647360219345, 2.720422042815642 ], [ 101.964646951631849, 2.720422809559396 ], [ 101.964556609261095, 2.720368974112418 ], [ 101.964467935033596, 2.720519448363945 ], [ 101.964603415396908, 2.720600181733008 ], [ 101.964607579223966, 2.720593115993628 ], [ 101.964621638437308, 2.720600691948456 ], [ 101.964701338274381, 2.720451129466189 ] ] ] ] } },
{ "type": "Feature", "properties": { "fid": 66484, "latitude": null, "longitude": null, "area_in_meters": null, "confidence": null, "full_plus_code": null, "fid_2": null, "id": null, "Status": "Complete" }, "geometry": { "type": "MultiPolygon", "coordinates": [ [ [ [ 101.964452387151368, 2.720257958356663 ], [ 101.964426247769893, 2.720247896985187 ], [ 101.964435681577413, 2.720223106966663 ], [ 101.964359464809888, 2.720193777605338 ], [ 101.964304050967925, 2.72033939323619 ], [ 101.964373313196376, 2.720366046375938 ], [ 101.964369376200239, 2.720376389337768 ], [ 101.964402459766859, 2.720389123607723 ], [ 101.964452387151368, 2.720257958356663 ] ] ] ] } },
{ "type": "Feature", "properties": { "fid": 66485, "latitude": null, "longitude": null, "area_in_meters": null, "confidence": null, "full_plus_code": null, "fid_2": null, "id": null, "Status": "Complete" }, "geometry": { "type": "MultiPolygon", "coordinates": [ [ [ [ 101.964072057611261, 2.720377507404392 ], [ 101.964098610317151, 2.720392488081011 ], [ 101.964134505577164, 2.720328151742159 ], [ 101.963902271597391, 2.720197128463977 ], [ 101.963866376313774, 2.720261464805281 ], [ 101.96386850090839, 2.720262663472756 ], [ 101.963861914738985, 2.72027563923226 ], [ 101.963848274845844, 2.720268410735096 ], [ 101.963814805893008, 2.720332273350901 ], [ 101.964034856847391, 2.720448889916975 ], [ 101.964068325778456, 2.720385027304339 ], [ 101.964068258735225, 2.720384991774604 ], [ 101.964072057611261, 2.720377507404392 ] ] ] ] } },
{ "type": "Feature", "properties": { "fid": 66486, "latitude": null, "longitude": null, "area_in_meters": null, "confidence": null, "full_plus_code": null, "fid_2": null, "id": null, "Status": "Complete" }, "geometry": { "type": "MultiPolygon", "coordinates": [ [ [ [ 101.964228495514689, 2.72015134608391 ], [ 101.964196732546128, 2.720132711432997 ], [ 101.964192089534208, 2.720140714224356 ], [ 101.9639968449777, 2.72003309238913 ], [ 101.963920707659298, 2.720172767148024 ], [ 101.96411224079516, 2.720278343162351 ], [ 101.964109304889888, 2.720283403549407 ], [ 101.964141067866095, 2.720302038199734 ], [ 101.964228495514689, 2.72015134608391 ] ] ] ] } },
{ "type": "Feature", "properties": { "fid": 66487, "latitude": null, "longitude": null, "area_in_meters": null, "confidence": null, "full_plus_code": null, "fid_2": null, "id": null, "Status": "Complete" }, "geometry": { "type": "MultiPolygon", "coordinates": [ [ [ [ 101.964178228967839, 2.720369688353392 ], [ 101.964250080579191, 2.720397829149402 ], [ 101.96426390746015, 2.720362129323488 ], [ 101.964269784648977, 2.720364884483622 ], [ 101.964345035981822, 2.720202561958716 ], [ 101.964234568051936, 2.720150775815083 ], [ 101.964159316692403, 2.720313098345906 ], [ 101.964193872623866, 2.720329297778586 ], [ 101.964178228967839, 2.720369688353392 ] ] ] ] } },
{ "type": "Feature", "properties": { "fid": 66488, "latitude": null, "longitude": null, "area_in_meters": null, "confidence": null, "full_plus_code": null, "fid_2": null, "id": null, "Status": "Complete" }, "geometry": { "type": "MultiPolygon", "coordinates": [ [ [ [ 101.963625695673684, 2.719771370254589 ], [ 101.963590743933921, 2.719833132627535 ], [ 101.963596579369693, 2.71983647196331 ], [ 101.963536696822686, 2.71995704780072 ], [ 101.963758944177627, 2.720068661734093 ], [ 101.963827575326178, 2.719930470161535 ], [ 101.963781527869997, 2.719907344850663 ], [ 101.963801533361931, 2.719871993613833 ], [ 101.963625695673684, 2.719771370254589 ] ] ] ] } },
{ "type": "Feature", "properties": { "fid": 66489, "latitude": null, "longitude": null, "area_in_meters": null, "confidence": null, "full_plus_code": null, "fid_2": null, "id": null, "Status": "Complete" }, "geometry": { "type": "MultiPolygon", "coordinates": [ [ [ [ 101.963232435843594, 2.719495212769262 ], [ 101.963223949468301, 2.719511516199673 ], [ 101.963150100441609, 2.719474924235034 ], [ 101.963020433258677, 2.719739549562489 ], [ 101.963163391549827, 2.719810384915041 ], [ 101.963186091719678, 2.719764058295212 ], [ 101.963196258113015, 2.719769409508144 ], [ 101.963189501145621, 2.719781331945267 ], [ 101.963280184938085, 2.719833302641514 ], [ 101.963299855600852, 2.719798594423676 ], [ 101.963240755136397, 2.71976472406604 ], [ 101.963349083223733, 2.719556611658043 ], [ 101.963232435843594, 2.719495212769262 ] ] ] ] } },
{ "type": "Feature", "properties": { "fid": 66490, "latitude": null, "longitude": null, "area_in_meters": null, "confidence": null, "full_plus_code": null, "fid_2": null, "id": null, "Status": "Complete" }, "geometry": { "type": "MultiPolygon", "coordinates": [ [ [ [ 101.963145419567837, 2.719819198693204 ], [ 101.963115788812686, 2.719806710199435 ], [ 101.963118276590066, 2.719800157828811 ], [ 101.963018278816378, 2.71976176539569 ], [ 101.962968900633768, 2.719891818853347 ], [ 101.96306889842559, 2.719930211280438 ], [ 101.963069162207503, 2.71992951652501 ], [ 101.963094915362205, 2.719940370720825 ], [ 101.963145419567837, 2.719819198693204 ] ] ] ] } },
{ "type": "Feature", "properties": { "fid": 66491, "latitude": null, "longitude": null, "area_in_meters": null, "confidence": null, "full_plus_code": null, "fid_2": null, "id": null, "Status": "Complete" }, "geometry": { "type": "MultiPolygon", "coordinates": [ [ [ [ 101.963269451744353, 2.720222959843349 ], [ 101.963294267230225, 2.720173088604665 ], [ 101.963252320562916, 2.720151982309857 ], [ 101.963251820737966, 2.720152986799025 ], [ 101.963183699753685, 2.72011894600679 ], [ 101.963102379703784, 2.720283504666918 ], [ 101.963187739911362, 2.720326160070826 ], [ 101.963189751266952, 2.720322089905355 ], [ 101.963214043413956, 2.720334312975234 ], [ 101.963244248515551, 2.720273610322107 ], [ 101.963277986927963, 2.720289733984735 ], [ 101.963302157721998, 2.720238590104815 ], [ 101.963269451744353, 2.720222959843349 ] ] ] ] } },
{ "type": "Feature", "properties": { "fid": 66492, "latitude": null, "longitude": null, "area_in_meters": null, "confidence": null, "full_plus_code": null, "fid_2": null, "id": null, "Status": "Complete" }, "geometry": { "type": "MultiPolygon", "coordinates": [ [ [ [ 101.963027287625948, 2.719380832865539 ], [ 101.962973204556107, 2.719393182206121 ], [ 101.962978687892075, 2.719417465346695 ], [ 101.962959987672406, 2.719407651678717 ], [ 101.962917749712915, 2.719489039730416 ], [ 101.962917116193552, 2.719488825925614 ], [ 101.962915774763502, 2.71949284524771 ], [ 101.962913822142582, 2.719496607740358 ], [ 101.96291441518089, 2.719496918960234 ], [ 101.962870581580859, 2.719628257420019 ], [ 101.962861550443264, 2.719624329023857 ], [ 101.962838067107384, 2.719678921046832 ], [ 101.96290660974897, 2.719708735963625 ], [ 101.962928765925682, 2.719657229194659 ], [ 101.962941087482335, 2.71966138756296 ], [ 101.962987701542119, 2.719521717985886 ], [ 101.962997820994673, 2.719502218874387 ], [ 101.963092837240879, 2.719541697189334 ], [ 101.96315541332531, 2.719389400652563 ], [ 101.963055909589869, 2.719348057814719 ], [ 101.96303266256804, 2.719404635976623 ], [ 101.963027287625948, 2.719380832865539 ] ], [ [ 101.963029288177168, 2.719412848505285 ], [ 101.963018752239151, 2.719438490671892 ], [ 101.962987899115134, 2.719422299294438 ], [ 101.963029288177168, 2.719412848505285 ] ] ] ] } },
{ "type": "Feature", "properties": { "fid": 66493, "latitude": null, "longitude": null, "area_in_meters": null, "confidence": null, "full_plus_code": null, "fid_2": null, "id": null, "Status": "Complete" }, "geometry": { "type": "MultiPolygon", "coordinates": [ [ [ [ 101.962909133070056, 2.719837550714368 ], [ 101.962882965912272, 2.719818852831547 ], [ 101.962897734336664, 2.719770581163647 ], [ 101.96282056302492, 2.719746706349416 ], [ 101.962790981662707, 2.71984339515302 ], [ 101.962846682211975, 2.719860627461653 ], [ 101.96283995190818, 2.719870151933143 ], [ 101.962870613885855, 2.719892061611801 ], [ 101.962909133070056, 2.719837550714368 ] ] ] ] } },
{ "type": "Feature", "properties": { "fid": 66494, "latitude": null, "longitude": null, "area_in_meters": null, "confidence": null, "full_plus_code": null, "fid_2": null, "id": null, "Status": "Complete" }, "geometry": { "type": "MultiPolygon", "coordinates": [ [ [ [ 101.963653410058015, 2.720266595921707 ], [ 101.963486556753963, 2.720186228087904 ], [ 101.963486431623934, 2.720186490785341 ], [ 101.963444431056999, 2.720161612368735 ], [ 101.963342152921371, 2.720336217518448 ], [ 101.963403184186689, 2.72037236847736 ], [ 101.963419766536163, 2.720344059747844 ], [ 101.963579796113322, 2.720421140787851 ], [ 101.963653410058015, 2.720266595921707 ] ] ] ] } },
{ "type": "Feature", "properties": { "fid": 66495, "latitude": null, "longitude": null, "area_in_meters": null, "confidence": null, "full_plus_code": null, "fid_2": null, "id": null, "Status": "Complete" }, "geometry": { "type": "MultiPolygon", "coordinates": [ [ [ [ 101.962814152142258, 2.72009231621809 ], [ 101.96286533356708, 2.719990911445563 ], [ 101.962813364222626, 2.719964387186479 ], [ 101.96277041810616, 2.720049475488743 ], [ 101.962732407943207, 2.720028683038959 ], [ 101.962668643402353, 2.720146556277936 ], [ 101.962752076925156, 2.720192196359586 ], [ 101.962807848376684, 2.720089098885284 ], [ 101.962814152142258, 2.72009231621809 ] ] ] ] } },
{ "type": "Feature", "properties": { "fid": 66496, "latitude": null, "longitude": null, "area_in_meters": null, "confidence": null, "full_plus_code": null, "fid_2": null, "id": null, "Status": "Complete" }, "geometry": { "type": "MultiPolygon", "coordinates": [ [ [ [ 101.963097302924581, 2.720465643393111 ], [ 101.963082597555314, 2.720490979407855 ], [ 101.963108554585133, 2.720506214118816 ], [ 101.963078594161971, 2.720492342227016 ], [ 101.96304323837893, 2.720569559472631 ], [ 101.963041687320356, 2.720568807052517 ], [ 101.963015963891507, 2.720622428452807 ], [ 101.963129847199212, 2.720677673356477 ], [ 101.963130005284029, 2.720677343822966 ], [ 101.963152512069584, 2.720688167348022 ], [ 101.963190432383882, 2.720608430661913 ], [ 101.963201472304689, 2.720613085910365 ], [ 101.963222332771295, 2.720563060725989 ], [ 101.96316038864741, 2.720536940491384 ], [ 101.963151839242727, 2.720557442691714 ], [ 101.963127835993561, 2.72053857330818 ], [ 101.963136688142171, 2.720519240158433 ], [ 101.963134883145074, 2.720518404431774 ], [ 101.963148176089305, 2.720495501893918 ], [ 101.963097302924581, 2.720465643393111 ] ] ] ] } },
{ "type": "Feature", "properties": { "fid": 66497, "latitude": null, "longitude": null, "area_in_meters": null, "confidence": null, "full_plus_code": null, "fid_2": null, "id": null, "Status": "Complete" }, "geometry": { "type": "MultiPolygon", "coordinates": [ [ [ [ 101.963210301644608, 2.720610843044105 ], [ 101.963345273509319, 2.720667657650388 ], [ 101.963341062701971, 2.720676863096603 ], [ 101.963426460393691, 2.720716364095686 ], [ 101.963450102579031, 2.72066467877702 ], [ 101.963462240365075, 2.720670744149445 ], [ 101.963486966023893, 2.720620709420257 ], [ 101.963260297029649, 2.720507440657342 ], [ 101.963241722299472, 2.720545028371868 ], [ 101.963238298300396, 2.720543587084891 ], [ 101.963210301644608, 2.720610843044105 ] ] ], [ [ [ 101.963381893144685, 2.720781439949246 ], [ 101.963413356839808, 2.720714944965337 ], [ 101.963204389904931, 2.72061495876745 ], [ 101.963172926188989, 2.720681453755717 ], [ 101.963381893144685, 2.720781439949246 ] ] ] ] } },
{ "type": "Feature", "properties": { "fid": 66498, "latitude": null, "longitude": null, "area_in_meters": null, "confidence": null, "full_plus_code": null, "fid_2": null, "id": null, "Status": "Complete" }, "geometry": { "type": "MultiPolygon", "coordinates": [ [ [ [ 101.963479324146206, 2.720584692814173 ], [ 101.963542884665983, 2.72045565826996 ], [ 101.963369842957533, 2.720369464862839 ], [ 101.963363257088076, 2.720382834864441 ], [ 101.963333392773322, 2.720366778606869 ], [ 101.963263037543513, 2.720499104946135 ], [ 101.963322072127568, 2.720530844306317 ], [ 101.963332362390332, 2.720511490051859 ], [ 101.963479324146206, 2.720584692814173 ] ] ] ] } }
]
}
